2026-07-15 21:34:21,285 - INFO - ============================================================
2026-07-15 21:34:21,285 - INFO -  Stage 1: CNN Training Started
2026-07-15 21:34:21,285 - INFO - ============================================================
2026-07-15 21:34:21,285 - INFO - Output directory: ./outputs/models/cnn_cross_fold/fold_japan
2026-07-15 21:34:21,285 - INFO - Log file: ./outputs/models/cnn_cross_fold/fold_japan/logs/step3_cnn.log
2026-07-15 21:34:21,285 - INFO -  Using fixed images from: ./outputs/images
2026-07-15 21:34:21,285 - INFO -  Countries: ['brazil', 'usa']
2026-07-15 21:34:21,360 - INFO -  Merged 2 countries into temporary files
2026-07-15 21:34:21,361 - INFO - Total samples: 251
2026-07-15 21:34:21,363 - INFO - Saved split to ./outputs/models/cnn_cross_fold/fold_japan/merged_brazil_usa_split.json
2026-07-15 21:34:21,363 - INFO - 
============================================================
Starting run 1/5
============================================================
2026-07-15 21:34:21,383 - INFO - 
Run 1: Device = mps
2026-07-15 21:34:21,602 - INFO - Train class distribution: 0=101.0, 1=74.0 (ratio 1:0.73)
2026-07-15 21:34:21,603 - INFO - Using class weighting: pos_weight = 1.36
2026-07-15 21:34:21,603 - INFO - 
Epoch 1/50
2026-07-15 21:34:23,822 - INFO - Train Loss: 0.8226, Train Acc: 0.5371
2026-07-15 21:34:23,822 - INFO - Val Loss: 0.7999, Val Acc: 0.5789, Val F1: 0.0000, Val AUC: 0.6818
2026-07-15 21:34:23,822 - INFO - 
Epoch 2/50
2026-07-15 21:34:24,102 - INFO - Train Loss: 0.7723, Train Acc: 0.5886
2026-07-15 21:34:24,103 - INFO - Val Loss: 0.7984, Val Acc: 0.5789, Val F1: 0.0000, Val AUC: 0.7017
2026-07-15 21:34:24,103 - INFO - 
Epoch 3/50
2026-07-15 21:34:24,359 - INFO - Train Loss: 0.7547, Train Acc: 0.5886
2026-07-15 21:34:24,359 - INFO - Val Loss: 0.7919, Val Acc: 0.6053, Val F1: 0.2105, Val AUC: 0.6989
2026-07-15 21:34:24,392 - INFO -   -> New best model saved (F1=0.2105)
2026-07-15 21:34:24,392 - INFO - 
Epoch 4/50
2026-07-15 21:34:24,642 - INFO - Train Loss: 0.7907, Train Acc: 0.5600
2026-07-15 21:34:24,642 - INFO - Val Loss: 0.7853, Val Acc: 0.6053, Val F1: 0.2105, Val AUC: 0.7017
2026-07-15 21:34:24,642 - INFO - 
Epoch 5/50
2026-07-15 21:34:24,893 - INFO - Train Loss: 0.7470, Train Acc: 0.6286
2026-07-15 21:34:24,893 - INFO - Val Loss: 0.7841, Val Acc: 0.6053, Val F1: 0.2105, Val AUC: 0.6790
2026-07-15 21:34:24,893 - INFO - 
Epoch 6/50
2026-07-15 21:34:25,147 - INFO - Train Loss: 0.7331, Train Acc: 0.6629
2026-07-15 21:34:25,147 - INFO - Val Loss: 0.7761, Val Acc: 0.6316, Val F1: 0.3000, Val AUC: 0.7074
2026-07-15 21:34:25,179 - INFO -   -> New best model saved (F1=0.3000)
2026-07-15 21:34:25,179 - INFO - 
Epoch 7/50
2026-07-15 21:34:25,428 - INFO - Train Loss: 0.7121, Train Acc: 0.6400
2026-07-15 21:34:25,429 - INFO - Val Loss: 0.7594, Val Acc: 0.6842, Val F1: 0.4545, Val AUC: 0.6989
2026-07-15 21:34:25,453 - INFO -   -> New best model saved (F1=0.4545)
2026-07-15 21:34:25,453 - INFO - 
Epoch 8/50
2026-07-15 21:34:25,709 - INFO - Train Loss: 0.6790, Train Acc: 0.6686
2026-07-15 21:34:25,709 - INFO - Val Loss: 0.7559, Val Acc: 0.6842, Val F1: 0.5000, Val AUC: 0.7159
2026-07-15 21:34:25,732 - INFO -   -> New best model saved (F1=0.5000)
2026-07-15 21:34:25,732 - INFO - 
Epoch 9/50
2026-07-15 21:34:25,984 - INFO - Train Loss: 0.7113, Train Acc: 0.6457
2026-07-15 21:34:25,984 - INFO - Val Loss: 0.7623, Val Acc: 0.7105, Val F1: 0.5217, Val AUC: 0.7358
2026-07-15 21:34:26,009 - INFO -   -> New best model saved (F1=0.5217)
2026-07-15 21:34:26,009 - INFO - 
Epoch 10/50
2026-07-15 21:34:26,262 - INFO - Train Loss: 0.6915, Train Acc: 0.6971
2026-07-15 21:34:26,262 - INFO - Val Loss: 0.7676, Val Acc: 0.7368, Val F1: 0.5833, Val AUC: 0.7415
2026-07-15 21:34:26,287 - INFO -   -> New best model saved (F1=0.5833)
2026-07-15 21:34:26,287 - INFO - 
Epoch 11/50
2026-07-15 21:34:26,541 - INFO - Train Loss: 0.6788, Train Acc: 0.7086
2026-07-15 21:34:26,541 - INFO - Val Loss: 0.7387, Val Acc: 0.6842, Val F1: 0.5385, Val AUC: 0.7614
2026-07-15 21:34:26,541 - INFO - 
Epoch 12/50
2026-07-15 21:34:26,799 - INFO - Train Loss: 0.7033, Train Acc: 0.7029
2026-07-15 21:34:26,799 - INFO - Val Loss: 0.7342, Val Acc: 0.6842, Val F1: 0.5714, Val AUC: 0.7614
2026-07-15 21:34:26,799 - INFO - 
Epoch 13/50
2026-07-15 21:34:27,056 - INFO - Train Loss: 0.6776, Train Acc: 0.7143
2026-07-15 21:34:27,056 - INFO - Val Loss: 0.7350, Val Acc: 0.7105, Val F1: 0.6207, Val AUC: 0.7642
2026-07-15 21:34:27,083 - INFO -   -> New best model saved (F1=0.6207)
2026-07-15 21:34:27,083 - INFO - 
Epoch 14/50
2026-07-15 21:34:27,338 - INFO - Train Loss: 0.6292, Train Acc: 0.7029
2026-07-15 21:34:27,338 - INFO - Val Loss: 0.7442, Val Acc: 0.6842, Val F1: 0.5385, Val AUC: 0.7642
2026-07-15 21:34:27,338 - INFO - 
Epoch 15/50
2026-07-15 21:34:27,593 - INFO - Train Loss: 0.6756, Train Acc: 0.6743
2026-07-15 21:34:27,593 - INFO - Val Loss: 0.7765, Val Acc: 0.7105, Val F1: 0.5600, Val AUC: 0.7784
2026-07-15 21:34:27,593 - INFO - 
Epoch 16/50
2026-07-15 21:34:27,851 - INFO - Train Loss: 0.6175, Train Acc: 0.7029
2026-07-15 21:34:27,851 - INFO - Val Loss: 0.7978, Val Acc: 0.7105, Val F1: 0.5600, Val AUC: 0.7642
2026-07-15 21:34:27,851 - INFO - 
Epoch 17/50
2026-07-15 21:34:28,108 - INFO - Train Loss: 0.6139, Train Acc: 0.7543
2026-07-15 21:34:28,108 - INFO - Val Loss: 0.7968, Val Acc: 0.7105, Val F1: 0.5600, Val AUC: 0.7670
2026-07-15 21:34:28,108 - INFO - 
Epoch 18/50
2026-07-15 21:34:28,365 - INFO - Train Loss: 0.5840, Train Acc: 0.7543
2026-07-15 21:34:28,366 - INFO - Val Loss: 0.7791, Val Acc: 0.7105, Val F1: 0.5600, Val AUC: 0.7585
2026-07-15 21:34:28,366 - INFO - 
Epoch 19/50
2026-07-15 21:34:28,623 - INFO - Train Loss: 0.5847, Train Acc: 0.7486
2026-07-15 21:34:28,623 - INFO - Val Loss: 0.7891, Val Acc: 0.7105, Val F1: 0.5600, Val AUC: 0.7642
2026-07-15 21:34:28,623 - INFO - 
Epoch 20/50
2026-07-15 21:34:28,879 - INFO - Train Loss: 0.5818, Train Acc: 0.7429
2026-07-15 21:34:28,880 - INFO - Val Loss: 0.7774, Val Acc: 0.7105, Val F1: 0.5600, Val AUC: 0.7642
2026-07-15 21:34:28,880 - INFO - 
Epoch 21/50
2026-07-15 21:34:29,150 - INFO - Train Loss: 0.5452, Train Acc: 0.7714
2026-07-15 21:34:29,150 - INFO - Val Loss: 0.7784, Val Acc: 0.7105, Val F1: 0.5926, Val AUC: 0.7614
2026-07-15 21:34:29,150 - INFO - 
Epoch 22/50
2026-07-15 21:34:29,403 - INFO - Train Loss: 0.5586, Train Acc: 0.7943
2026-07-15 21:34:29,403 - INFO - Val Loss: 0.7825, Val Acc: 0.7105, Val F1: 0.5926, Val AUC: 0.7642
2026-07-15 21:34:29,403 - INFO - 
Epoch 23/50
2026-07-15 21:34:29,660 - INFO - Train Loss: 0.5207, Train Acc: 0.8057
2026-07-15 21:34:29,660 - INFO - Val Loss: 0.7953, Val Acc: 0.7105, Val F1: 0.5600, Val AUC: 0.7642
2026-07-15 21:34:29,660 - INFO - 
Epoch 24/50
2026-07-15 21:34:29,917 - INFO - Train Loss: 0.5404, Train Acc: 0.7886
2026-07-15 21:34:29,917 - INFO - Val Loss: 0.8015, Val Acc: 0.7105, Val F1: 0.5600, Val AUC: 0.7699
2026-07-15 21:34:29,917 - INFO - 
Epoch 25/50
2026-07-15 21:34:30,176 - INFO - Train Loss: 0.5309, Train Acc: 0.7943
2026-07-15 21:34:30,176 - INFO - Val Loss: 0.8240, Val Acc: 0.7105, Val F1: 0.5600, Val AUC: 0.7670
2026-07-15 21:34:30,176 - INFO - 
Epoch 26/50
2026-07-15 21:34:30,433 - INFO - Train Loss: 0.5152, Train Acc: 0.8114
2026-07-15 21:34:30,433 - INFO - Val Loss: 0.8276, Val Acc: 0.7105, Val F1: 0.5600, Val AUC: 0.7642
2026-07-15 21:34:30,433 - INFO - 
Epoch 27/50
2026-07-15 21:34:30,692 - INFO - Train Loss: 0.5337, Train Acc: 0.7943
2026-07-15 21:34:30,692 - INFO - Val Loss: 0.8269, Val Acc: 0.7105, Val F1: 0.5600, Val AUC: 0.7614
2026-07-15 21:34:30,692 - INFO - 
Epoch 28/50
2026-07-15 21:34:30,950 - INFO - Train Loss: 0.5223, Train Acc: 0.8000
2026-07-15 21:34:30,950 - INFO - Val Loss: 0.8260, Val Acc: 0.7105, Val F1: 0.5600, Val AUC: 0.7614
2026-07-15 21:34:30,950 - INFO - Early stopping at epoch 28
2026-07-15 21:34:31,168 - INFO - 
Run 1 Test Results:
2026-07-15 21:34:31,168 - INFO -   Accuracy: 0.7368, F1: 0.6154, AUC: 0.7216
2026-07-15 21:34:31,168 - INFO - 
============================================================
Starting run 2/5
============================================================
2026-07-15 21:34:31,169 - INFO - 
Run 2: Device = mps
2026-07-15 21:34:31,247 - INFO - Train class distribution: 0=101.0, 1=74.0 (ratio 1:0.73)
2026-07-15 21:34:31,248 - INFO - Using class weighting: pos_weight = 1.36
2026-07-15 21:34:31,248 - INFO - 
Epoch 1/50
2026-07-15 21:34:31,501 - INFO - Train Loss: 0.8567, Train Acc: 0.5429
2026-07-15 21:34:31,501 - INFO - Val Loss: 0.8090, Val Acc: 0.5789, Val F1: 0.0000, Val AUC: 0.5369
2026-07-15 21:34:31,501 - INFO - 
Epoch 2/50
2026-07-15 21:34:31,758 - INFO - Train Loss: 0.8941, Train Acc: 0.5257
2026-07-15 21:34:31,758 - INFO - Val Loss: 0.8248, Val Acc: 0.5789, Val F1: 0.0000, Val AUC: 0.6506
2026-07-15 21:34:31,758 - INFO - 
Epoch 3/50
2026-07-15 21:34:32,015 - INFO - Train Loss: 0.8002, Train Acc: 0.6000
2026-07-15 21:34:32,016 - INFO - Val Loss: 0.8220, Val Acc: 0.5789, Val F1: 0.0000, Val AUC: 0.6761
2026-07-15 21:34:32,016 - INFO - 
Epoch 4/50
2026-07-15 21:34:32,274 - INFO - Train Loss: 0.8077, Train Acc: 0.6057
2026-07-15 21:34:32,274 - INFO - Val Loss: 0.8238, Val Acc: 0.5789, Val F1: 0.0000, Val AUC: 0.6847
2026-07-15 21:34:32,274 - INFO - 
Epoch 5/50
2026-07-15 21:34:32,533 - INFO - Train Loss: 0.7343, Train Acc: 0.6343
2026-07-15 21:34:32,533 - INFO - Val Loss: 0.8068, Val Acc: 0.5526, Val F1: 0.0000, Val AUC: 0.6989
2026-07-15 21:34:32,533 - INFO - 
Epoch 6/50
2026-07-15 21:34:32,790 - INFO - Train Loss: 0.7247, Train Acc: 0.6457
2026-07-15 21:34:32,790 - INFO - Val Loss: 0.7797, Val Acc: 0.6053, Val F1: 0.2105, Val AUC: 0.7216
2026-07-15 21:34:32,824 - INFO -   -> New best model saved (F1=0.2105)
2026-07-15 21:34:32,824 - INFO - 
Epoch 7/50
2026-07-15 21:34:33,077 - INFO - Train Loss: 0.7005, Train Acc: 0.6571
2026-07-15 21:34:33,077 - INFO - Val Loss: 0.7646, Val Acc: 0.6842, Val F1: 0.4545, Val AUC: 0.7216
2026-07-15 21:34:33,107 - INFO -   -> New best model saved (F1=0.4545)
2026-07-15 21:34:33,107 - INFO - 
Epoch 8/50
2026-07-15 21:34:33,361 - INFO - Train Loss: 0.7427, Train Acc: 0.6514
2026-07-15 21:34:33,361 - INFO - Val Loss: 0.7434, Val Acc: 0.7105, Val F1: 0.5600, Val AUC: 0.7159
2026-07-15 21:34:33,394 - INFO -   -> New best model saved (F1=0.5600)
2026-07-15 21:34:33,394 - INFO - 
Epoch 9/50
2026-07-15 21:34:33,650 - INFO - Train Loss: 0.6963, Train Acc: 0.6914
2026-07-15 21:34:33,650 - INFO - Val Loss: 0.7445, Val Acc: 0.7368, Val F1: 0.5833, Val AUC: 0.7244
2026-07-15 21:34:33,682 - INFO -   -> New best model saved (F1=0.5833)
2026-07-15 21:34:33,682 - INFO - 
Epoch 10/50
2026-07-15 21:34:33,936 - INFO - Train Loss: 0.7095, Train Acc: 0.6229
2026-07-15 21:34:33,936 - INFO - Val Loss: 0.7447, Val Acc: 0.7368, Val F1: 0.5833, Val AUC: 0.7443
2026-07-15 21:34:33,937 - INFO - 
Epoch 11/50
2026-07-15 21:34:34,192 - INFO - Train Loss: 0.6689, Train Acc: 0.7029
2026-07-15 21:34:34,192 - INFO - Val Loss: 0.7226, Val Acc: 0.7105, Val F1: 0.5926, Val AUC: 0.7557
2026-07-15 21:34:34,216 - INFO -   -> New best model saved (F1=0.5926)
2026-07-15 21:34:34,216 - INFO - 
Epoch 12/50
2026-07-15 21:34:34,469 - INFO - Train Loss: 0.6627, Train Acc: 0.6914
2026-07-15 21:34:34,469 - INFO - Val Loss: 0.7195, Val Acc: 0.7105, Val F1: 0.6452, Val AUC: 0.7528
2026-07-15 21:34:34,492 - INFO -   -> New best model saved (F1=0.6452)
2026-07-15 21:34:34,492 - INFO - 
Epoch 13/50
2026-07-15 21:34:34,746 - INFO - Train Loss: 0.6268, Train Acc: 0.7371
2026-07-15 21:34:34,746 - INFO - Val Loss: 0.7220, Val Acc: 0.7105, Val F1: 0.6452, Val AUC: 0.7642
2026-07-15 21:34:34,746 - INFO - 
Epoch 14/50
2026-07-15 21:34:35,001 - INFO - Train Loss: 0.6597, Train Acc: 0.7314
2026-07-15 21:34:35,001 - INFO - Val Loss: 0.7265, Val Acc: 0.6842, Val F1: 0.6250, Val AUC: 0.7557
2026-07-15 21:34:35,001 - INFO - 
Epoch 15/50
2026-07-15 21:34:35,256 - INFO - Train Loss: 0.6243, Train Acc: 0.7257
2026-07-15 21:34:35,257 - INFO - Val Loss: 0.7256, Val Acc: 0.6842, Val F1: 0.6250, Val AUC: 0.7528
2026-07-15 21:34:35,257 - INFO - 
Epoch 16/50
2026-07-15 21:34:35,514 - INFO - Train Loss: 0.6293, Train Acc: 0.7200
2026-07-15 21:34:35,514 - INFO - Val Loss: 0.7216, Val Acc: 0.6842, Val F1: 0.6000, Val AUC: 0.7699
2026-07-15 21:34:35,514 - INFO - 
Epoch 17/50
2026-07-15 21:34:35,772 - INFO - Train Loss: 0.6347, Train Acc: 0.7371
2026-07-15 21:34:35,772 - INFO - Val Loss: 0.7317, Val Acc: 0.7105, Val F1: 0.5926, Val AUC: 0.7727
2026-07-15 21:34:35,772 - INFO - 
Epoch 18/50
2026-07-15 21:34:36,029 - INFO - Train Loss: 0.5719, Train Acc: 0.7771
2026-07-15 21:34:36,029 - INFO - Val Loss: 0.7600, Val Acc: 0.7368, Val F1: 0.6154, Val AUC: 0.7812
2026-07-15 21:34:36,029 - INFO - 
Epoch 19/50
2026-07-15 21:34:36,285 - INFO - Train Loss: 0.5892, Train Acc: 0.7371
2026-07-15 21:34:36,285 - INFO - Val Loss: 0.7804, Val Acc: 0.7105, Val F1: 0.5600, Val AUC: 0.7727
2026-07-15 21:34:36,285 - INFO - 
Epoch 20/50
2026-07-15 21:34:36,541 - INFO - Train Loss: 0.6125, Train Acc: 0.7429
2026-07-15 21:34:36,541 - INFO - Val Loss: 0.7737, Val Acc: 0.7368, Val F1: 0.6154, Val AUC: 0.7670
2026-07-15 21:34:36,541 - INFO - 
Epoch 21/50
2026-07-15 21:34:36,799 - INFO - Train Loss: 0.5377, Train Acc: 0.8286
2026-07-15 21:34:36,799 - INFO - Val Loss: 0.7525, Val Acc: 0.7105, Val F1: 0.5926, Val AUC: 0.7670
2026-07-15 21:34:36,799 - INFO - 
Epoch 22/50
2026-07-15 21:34:37,055 - INFO - Train Loss: 0.5617, Train Acc: 0.7771
2026-07-15 21:34:37,055 - INFO - Val Loss: 0.7631, Val Acc: 0.7105, Val F1: 0.5926, Val AUC: 0.7670
2026-07-15 21:34:37,055 - INFO - 
Epoch 23/50
2026-07-15 21:34:37,311 - INFO - Train Loss: 0.5555, Train Acc: 0.7829
2026-07-15 21:34:37,311 - INFO - Val Loss: 0.7643, Val Acc: 0.7105, Val F1: 0.6207, Val AUC: 0.7642
2026-07-15 21:34:37,312 - INFO - 
Epoch 24/50
2026-07-15 21:34:37,567 - INFO - Train Loss: 0.5340, Train Acc: 0.8114
2026-07-15 21:34:37,567 - INFO - Val Loss: 0.7690, Val Acc: 0.6842, Val F1: 0.6000, Val AUC: 0.7585
2026-07-15 21:34:37,567 - INFO - 
Epoch 25/50
2026-07-15 21:34:37,823 - INFO - Train Loss: 0.5334, Train Acc: 0.8114
2026-07-15 21:34:37,823 - INFO - Val Loss: 0.7722, Val Acc: 0.6842, Val F1: 0.6000, Val AUC: 0.7614
2026-07-15 21:34:37,823 - INFO - 
Epoch 26/50
2026-07-15 21:34:38,081 - INFO - Train Loss: 0.5187, Train Acc: 0.7886
2026-07-15 21:34:38,081 - INFO - Val Loss: 0.7735, Val Acc: 0.6842, Val F1: 0.6000, Val AUC: 0.7642
2026-07-15 21:34:38,081 - INFO - 
Epoch 27/50
2026-07-15 21:34:38,339 - INFO - Train Loss: 0.5348, Train Acc: 0.8057
2026-07-15 21:34:38,339 - INFO - Val Loss: 0.7751, Val Acc: 0.7105, Val F1: 0.6207, Val AUC: 0.7614
2026-07-15 21:34:38,339 - INFO - Early stopping at epoch 27
2026-07-15 21:34:38,444 - INFO - 
Run 2 Test Results:
2026-07-15 21:34:38,444 - INFO -   Accuracy: 0.7105, F1: 0.6452, AUC: 0.7983
2026-07-15 21:34:38,444 - INFO - 
============================================================
Starting run 3/5
============================================================
2026-07-15 21:34:38,444 - INFO - 
Run 3: Device = mps
2026-07-15 21:34:38,524 - INFO - Train class distribution: 0=101.0, 1=74.0 (ratio 1:0.73)
2026-07-15 21:34:38,525 - INFO - Using class weighting: pos_weight = 1.36
2026-07-15 21:34:38,525 - INFO - 
Epoch 1/50
2026-07-15 21:34:38,777 - INFO - Train Loss: 0.8816, Train Acc: 0.5029
2026-07-15 21:34:38,777 - INFO - Val Loss: 0.8010, Val Acc: 0.5789, Val F1: 0.0000, Val AUC: 0.6193
2026-07-15 21:34:38,777 - INFO - 
Epoch 2/50
2026-07-15 21:34:39,034 - INFO - Train Loss: 0.7677, Train Acc: 0.6057
2026-07-15 21:34:39,034 - INFO - Val Loss: 0.8008, Val Acc: 0.5789, Val F1: 0.0000, Val AUC: 0.6449
2026-07-15 21:34:39,034 - INFO - 
Epoch 3/50
2026-07-15 21:34:39,294 - INFO - Train Loss: 0.7247, Train Acc: 0.6800
2026-07-15 21:34:39,294 - INFO - Val Loss: 0.8000, Val Acc: 0.5789, Val F1: 0.0000, Val AUC: 0.6733
2026-07-15 21:34:39,294 - INFO - 
Epoch 4/50
2026-07-15 21:34:39,549 - INFO - Train Loss: 0.7816, Train Acc: 0.5886
2026-07-15 21:34:39,549 - INFO - Val Loss: 0.8051, Val Acc: 0.5789, Val F1: 0.0000, Val AUC: 0.7017
2026-07-15 21:34:39,549 - INFO - 
Epoch 5/50
2026-07-15 21:34:39,806 - INFO - Train Loss: 0.7165, Train Acc: 0.6914
2026-07-15 21:34:39,806 - INFO - Val Loss: 0.7932, Val Acc: 0.5789, Val F1: 0.1111, Val AUC: 0.7159
2026-07-15 21:34:39,841 - INFO -   -> New best model saved (F1=0.1111)
2026-07-15 21:34:39,841 - INFO - 
Epoch 6/50
2026-07-15 21:34:40,094 - INFO - Train Loss: 0.7035, Train Acc: 0.6686
2026-07-15 21:34:40,094 - INFO - Val Loss: 0.7693, Val Acc: 0.6579, Val F1: 0.3810, Val AUC: 0.7273
2026-07-15 21:34:40,126 - INFO -   -> New best model saved (F1=0.3810)
2026-07-15 21:34:40,126 - INFO - 
Epoch 7/50
2026-07-15 21:34:40,381 - INFO - Train Loss: 0.7414, Train Acc: 0.6629
2026-07-15 21:34:40,381 - INFO - Val Loss: 0.7656, Val Acc: 0.6579, Val F1: 0.3810, Val AUC: 0.7500
2026-07-15 21:34:40,381 - INFO - 
Epoch 8/50
2026-07-15 21:34:40,635 - INFO - Train Loss: 0.7321, Train Acc: 0.6171
2026-07-15 21:34:40,635 - INFO - Val Loss: 0.7347, Val Acc: 0.6842, Val F1: 0.5385, Val AUC: 0.7528
2026-07-15 21:34:40,667 - INFO -   -> New best model saved (F1=0.5385)
2026-07-15 21:34:40,667 - INFO - 
Epoch 9/50
2026-07-15 21:34:40,922 - INFO - Train Loss: 0.7146, Train Acc: 0.6743
2026-07-15 21:34:40,922 - INFO - Val Loss: 0.7209, Val Acc: 0.7368, Val F1: 0.6667, Val AUC: 0.7358
2026-07-15 21:34:40,947 - INFO -   -> New best model saved (F1=0.6667)
2026-07-15 21:34:40,947 - INFO - 
Epoch 10/50
2026-07-15 21:34:41,201 - INFO - Train Loss: 0.7023, Train Acc: 0.7143
2026-07-15 21:34:41,201 - INFO - Val Loss: 0.7212, Val Acc: 0.7368, Val F1: 0.6429, Val AUC: 0.7358
2026-07-15 21:34:41,201 - INFO - 
Epoch 11/50
2026-07-15 21:34:41,458 - INFO - Train Loss: 0.6355, Train Acc: 0.7143
2026-07-15 21:34:41,458 - INFO - Val Loss: 0.7207, Val Acc: 0.7105, Val F1: 0.5926, Val AUC: 0.7415
2026-07-15 21:34:41,458 - INFO - 
Epoch 12/50
2026-07-15 21:34:41,714 - INFO - Train Loss: 0.6207, Train Acc: 0.7371
2026-07-15 21:34:41,714 - INFO - Val Loss: 0.7233, Val Acc: 0.7105, Val F1: 0.5926, Val AUC: 0.7557
2026-07-15 21:34:41,714 - INFO - 
Epoch 13/50
2026-07-15 21:34:41,971 - INFO - Train Loss: 0.6670, Train Acc: 0.7029
2026-07-15 21:34:41,971 - INFO - Val Loss: 0.7254, Val Acc: 0.7105, Val F1: 0.6207, Val AUC: 0.7557
2026-07-15 21:34:41,971 - INFO - 
Epoch 14/50
2026-07-15 21:34:42,229 - INFO - Train Loss: 0.6085, Train Acc: 0.7371
2026-07-15 21:34:42,229 - INFO - Val Loss: 0.7268, Val Acc: 0.7105, Val F1: 0.5926, Val AUC: 0.7528
2026-07-15 21:34:42,229 - INFO - 
Epoch 15/50
2026-07-15 21:34:42,487 - INFO - Train Loss: 0.6097, Train Acc: 0.7200
2026-07-15 21:34:42,487 - INFO - Val Loss: 0.7183, Val Acc: 0.7368, Val F1: 0.6429, Val AUC: 0.7727
2026-07-15 21:34:42,487 - INFO - 
Epoch 16/50
2026-07-15 21:34:42,745 - INFO - Train Loss: 0.6195, Train Acc: 0.7429
2026-07-15 21:34:42,746 - INFO - Val Loss: 0.7139, Val Acc: 0.7105, Val F1: 0.6207, Val AUC: 0.7841
2026-07-15 21:34:42,746 - INFO - 
Epoch 17/50
2026-07-15 21:34:43,005 - INFO - Train Loss: 0.5742, Train Acc: 0.8171
2026-07-15 21:34:43,005 - INFO - Val Loss: 0.7243, Val Acc: 0.7368, Val F1: 0.7059, Val AUC: 0.7898
2026-07-15 21:34:43,031 - INFO -   -> New best model saved (F1=0.7059)
2026-07-15 21:34:43,031 - INFO - 
Epoch 18/50
2026-07-15 21:34:43,284 - INFO - Train Loss: 0.5789, Train Acc: 0.7657
2026-07-15 21:34:43,284 - INFO - Val Loss: 0.7100, Val Acc: 0.7368, Val F1: 0.6429, Val AUC: 0.8068
2026-07-15 21:34:43,284 - INFO - 
Epoch 19/50
2026-07-15 21:34:43,543 - INFO - Train Loss: 0.5752, Train Acc: 0.7943
2026-07-15 21:34:43,543 - INFO - Val Loss: 0.7148, Val Acc: 0.7368, Val F1: 0.6667, Val AUC: 0.8125
2026-07-15 21:34:43,543 - INFO - 
Epoch 20/50
2026-07-15 21:34:43,801 - INFO - Train Loss: 0.5837, Train Acc: 0.7600
2026-07-15 21:34:43,801 - INFO - Val Loss: 0.7159, Val Acc: 0.7368, Val F1: 0.6429, Val AUC: 0.8182
2026-07-15 21:34:43,801 - INFO - 
Epoch 21/50
2026-07-15 21:34:44,119 - INFO - Train Loss: 0.5167, Train Acc: 0.8000
2026-07-15 21:34:44,119 - INFO - Val Loss: 0.7232, Val Acc: 0.7368, Val F1: 0.6429, Val AUC: 0.8182
2026-07-15 21:34:44,120 - INFO - 
Epoch 22/50
2026-07-15 21:34:44,465 - INFO - Train Loss: 0.5367, Train Acc: 0.7714
2026-07-15 21:34:44,465 - INFO - Val Loss: 0.7522, Val Acc: 0.7368, Val F1: 0.6154, Val AUC: 0.8182
2026-07-15 21:34:44,465 - INFO - 
Epoch 23/50
2026-07-15 21:34:44,801 - INFO - Train Loss: 0.5225, Train Acc: 0.8000
2026-07-15 21:34:44,801 - INFO - Val Loss: 0.7396, Val Acc: 0.7105, Val F1: 0.5926, Val AUC: 0.8210
2026-07-15 21:34:44,801 - INFO - 
Epoch 24/50
2026-07-15 21:34:45,140 - INFO - Train Loss: 0.4775, Train Acc: 0.8400
2026-07-15 21:34:45,140 - INFO - Val Loss: 0.7334, Val Acc: 0.7368, Val F1: 0.6429, Val AUC: 0.8153
2026-07-15 21:34:45,140 - INFO - 
Epoch 25/50
2026-07-15 21:34:45,482 - INFO - Train Loss: 0.5125, Train Acc: 0.8057
2026-07-15 21:34:45,482 - INFO - Val Loss: 0.7786, Val Acc: 0.7105, Val F1: 0.5926, Val AUC: 0.8153
2026-07-15 21:34:45,482 - INFO - 
Epoch 26/50
2026-07-15 21:34:45,815 - INFO - Train Loss: 0.5465, Train Acc: 0.7771
2026-07-15 21:34:45,815 - INFO - Val Loss: 0.8077, Val Acc: 0.7105, Val F1: 0.5926, Val AUC: 0.8068
2026-07-15 21:34:45,816 - INFO - 
Epoch 27/50
2026-07-15 21:34:46,145 - INFO - Train Loss: 0.4875, Train Acc: 0.8457
2026-07-15 21:34:46,145 - INFO - Val Loss: 0.8194, Val Acc: 0.7368, Val F1: 0.6154, Val AUC: 0.8068
2026-07-15 21:34:46,145 - INFO - 
Epoch 28/50
2026-07-15 21:34:46,564 - INFO - Train Loss: 0.5123, Train Acc: 0.8114
2026-07-15 21:34:46,564 - INFO - Val Loss: 0.8100, Val Acc: 0.7368, Val F1: 0.6154, Val AUC: 0.8040
2026-07-15 21:34:46,564 - INFO - 
Epoch 29/50
2026-07-15 21:34:46,878 - INFO - Train Loss: 0.5614, Train Acc: 0.8000
2026-07-15 21:34:46,878 - INFO - Val Loss: 0.8276, Val Acc: 0.7368, Val F1: 0.6154, Val AUC: 0.8068
2026-07-15 21:34:46,878 - INFO - 
Epoch 30/50
2026-07-15 21:34:47,219 - INFO - Train Loss: 0.4711, Train Acc: 0.8000
2026-07-15 21:34:47,219 - INFO - Val Loss: 0.8013, Val Acc: 0.7368, Val F1: 0.6154, Val AUC: 0.8097
2026-07-15 21:34:47,219 - INFO - 
Epoch 31/50
2026-07-15 21:34:47,533 - INFO - Train Loss: 0.5020, Train Acc: 0.8000
2026-07-15 21:34:47,534 - INFO - Val Loss: 0.8007, Val Acc: 0.7368, Val F1: 0.6154, Val AUC: 0.8125
2026-07-15 21:34:47,534 - INFO - 
Epoch 32/50
2026-07-15 21:34:47,850 - INFO - Train Loss: 0.4829, Train Acc: 0.8343
2026-07-15 21:34:47,850 - INFO - Val Loss: 0.8049, Val Acc: 0.7368, Val F1: 0.6154, Val AUC: 0.8097
2026-07-15 21:34:47,850 - INFO - Early stopping at epoch 32
2026-07-15 21:34:47,953 - INFO - 
Run 3 Test Results:
2026-07-15 21:34:47,953 - INFO -   Accuracy: 0.6842, F1: 0.5385, AUC: 0.7812
2026-07-15 21:34:47,953 - INFO - 
============================================================
Starting run 4/5
============================================================
2026-07-15 21:34:47,953 - INFO - 
Run 4: Device = mps
2026-07-15 21:34:48,032 - INFO - Train class distribution: 0=101.0, 1=74.0 (ratio 1:0.73)
2026-07-15 21:34:48,033 - INFO - Using class weighting: pos_weight = 1.36
2026-07-15 21:34:48,033 - INFO - 
Epoch 1/50
2026-07-15 21:34:48,282 - INFO - Train Loss: 0.8092, Train Acc: 0.5943
2026-07-15 21:34:48,282 - INFO - Val Loss: 0.8026, Val Acc: 0.5789, Val F1: 0.0000, Val AUC: 0.6364
2026-07-15 21:34:48,282 - INFO - 
Epoch 2/50
2026-07-15 21:34:48,540 - INFO - Train Loss: 0.7618, Train Acc: 0.6286
2026-07-15 21:34:48,541 - INFO - Val Loss: 0.8175, Val Acc: 0.5789, Val F1: 0.0000, Val AUC: 0.6875
2026-07-15 21:34:48,541 - INFO - 
Epoch 3/50
2026-07-15 21:34:48,796 - INFO - Train Loss: 0.7709, Train Acc: 0.6057
2026-07-15 21:34:48,796 - INFO - Val Loss: 0.8074, Val Acc: 0.5789, Val F1: 0.0000, Val AUC: 0.6960
2026-07-15 21:34:48,796 - INFO - 
Epoch 4/50
2026-07-15 21:34:49,052 - INFO - Train Loss: 0.7419, Train Acc: 0.6514
2026-07-15 21:34:49,052 - INFO - Val Loss: 0.7877, Val Acc: 0.5526, Val F1: 0.0000, Val AUC: 0.7131
2026-07-15 21:34:49,052 - INFO - 
Epoch 5/50
2026-07-15 21:34:49,309 - INFO - Train Loss: 0.7922, Train Acc: 0.5600
2026-07-15 21:34:49,309 - INFO - Val Loss: 0.7682, Val Acc: 0.6842, Val F1: 0.5000, Val AUC: 0.7216
2026-07-15 21:34:49,346 - INFO -   -> New best model saved (F1=0.5000)
2026-07-15 21:34:49,346 - INFO - 
Epoch 6/50
2026-07-15 21:34:49,598 - INFO - Train Loss: 0.7184, Train Acc: 0.6057
2026-07-15 21:34:49,598 - INFO - Val Loss: 0.7509, Val Acc: 0.7368, Val F1: 0.6154, Val AUC: 0.7159
2026-07-15 21:34:49,635 - INFO -   -> New best model saved (F1=0.6154)
2026-07-15 21:34:49,636 - INFO - 
Epoch 7/50
2026-07-15 21:34:49,888 - INFO - Train Loss: 0.6866, Train Acc: 0.6686
2026-07-15 21:34:49,888 - INFO - Val Loss: 0.7332, Val Acc: 0.7368, Val F1: 0.6429, Val AUC: 0.7131
2026-07-15 21:34:49,921 - INFO -   -> New best model saved (F1=0.6429)
2026-07-15 21:34:49,921 - INFO - 
Epoch 8/50
2026-07-15 21:34:50,175 - INFO - Train Loss: 0.7298, Train Acc: 0.6571
2026-07-15 21:34:50,175 - INFO - Val Loss: 0.7277, Val Acc: 0.6316, Val F1: 0.5625, Val AUC: 0.7159
2026-07-15 21:34:50,175 - INFO - 
Epoch 9/50
2026-07-15 21:34:50,431 - INFO - Train Loss: 0.7536, Train Acc: 0.6229
2026-07-15 21:34:50,431 - INFO - Val Loss: 0.7317, Val Acc: 0.6316, Val F1: 0.6316, Val AUC: 0.7273
2026-07-15 21:34:50,431 - INFO - 
Epoch 10/50
2026-07-15 21:34:50,690 - INFO - Train Loss: 0.6809, Train Acc: 0.6971
2026-07-15 21:34:50,690 - INFO - Val Loss: 0.7167, Val Acc: 0.6579, Val F1: 0.6061, Val AUC: 0.7443
2026-07-15 21:34:50,690 - INFO - 
Epoch 11/50
2026-07-15 21:34:50,943 - INFO - Train Loss: 0.6746, Train Acc: 0.7143
2026-07-15 21:34:50,943 - INFO - Val Loss: 0.7137, Val Acc: 0.6842, Val F1: 0.6250, Val AUC: 0.7528
2026-07-15 21:34:50,943 - INFO - 
Epoch 12/50
2026-07-15 21:34:51,201 - INFO - Train Loss: 0.6200, Train Acc: 0.7371
2026-07-15 21:34:51,201 - INFO - Val Loss: 0.7122, Val Acc: 0.6579, Val F1: 0.5806, Val AUC: 0.7472
2026-07-15 21:34:51,201 - INFO - 
Epoch 13/50
2026-07-15 21:34:51,455 - INFO - Train Loss: 0.6785, Train Acc: 0.7086
2026-07-15 21:34:51,455 - INFO - Val Loss: 0.7123, Val Acc: 0.6842, Val F1: 0.6000, Val AUC: 0.7415
2026-07-15 21:34:51,455 - INFO - 
Epoch 14/50
2026-07-15 21:34:51,709 - INFO - Train Loss: 0.6007, Train Acc: 0.7600
2026-07-15 21:34:51,709 - INFO - Val Loss: 0.7133, Val Acc: 0.7368, Val F1: 0.6429, Val AUC: 0.7585
2026-07-15 21:34:51,709 - INFO - 
Epoch 15/50
2026-07-15 21:34:51,968 - INFO - Train Loss: 0.6395, Train Acc: 0.7314
2026-07-15 21:34:51,968 - INFO - Val Loss: 0.7475, Val Acc: 0.6842, Val F1: 0.5385, Val AUC: 0.7699
2026-07-15 21:34:51,968 - INFO - 
Epoch 16/50
2026-07-15 21:34:52,226 - INFO - Train Loss: 0.6133, Train Acc: 0.7371
2026-07-15 21:34:52,227 - INFO - Val Loss: 0.7973, Val Acc: 0.7105, Val F1: 0.5600, Val AUC: 0.7642
2026-07-15 21:34:52,227 - INFO - 
Epoch 17/50
2026-07-15 21:34:52,483 - INFO - Train Loss: 0.6117, Train Acc: 0.7486
2026-07-15 21:34:52,483 - INFO - Val Loss: 0.7900, Val Acc: 0.6842, Val F1: 0.5385, Val AUC: 0.7670
2026-07-15 21:34:52,483 - INFO - 
Epoch 18/50
2026-07-15 21:34:52,741 - INFO - Train Loss: 0.5838, Train Acc: 0.7600
2026-07-15 21:34:52,741 - INFO - Val Loss: 0.7955, Val Acc: 0.7105, Val F1: 0.5926, Val AUC: 0.7614
2026-07-15 21:34:52,741 - INFO - 
Epoch 19/50
2026-07-15 21:34:52,998 - INFO - Train Loss: 0.5200, Train Acc: 0.7943
2026-07-15 21:34:52,998 - INFO - Val Loss: 0.7747, Val Acc: 0.7105, Val F1: 0.5926, Val AUC: 0.7642
2026-07-15 21:34:52,998 - INFO - 
Epoch 20/50
2026-07-15 21:34:53,254 - INFO - Train Loss: 0.5473, Train Acc: 0.7543
2026-07-15 21:34:53,254 - INFO - Val Loss: 0.7726, Val Acc: 0.7105, Val F1: 0.5926, Val AUC: 0.7642
2026-07-15 21:34:53,254 - INFO - 
Epoch 21/50
2026-07-15 21:34:53,510 - INFO - Train Loss: 0.5725, Train Acc: 0.7771
2026-07-15 21:34:53,510 - INFO - Val Loss: 0.7623, Val Acc: 0.7105, Val F1: 0.5926, Val AUC: 0.7699
2026-07-15 21:34:53,510 - INFO - 
Epoch 22/50
2026-07-15 21:34:53,766 - INFO - Train Loss: 0.5282, Train Acc: 0.8114
2026-07-15 21:34:53,766 - INFO - Val Loss: 0.7519, Val Acc: 0.7368, Val F1: 0.6429, Val AUC: 0.7756
2026-07-15 21:34:53,766 - INFO - Early stopping at epoch 22
2026-07-15 21:34:53,862 - INFO - 
Run 4 Test Results:
2026-07-15 21:34:53,862 - INFO -   Accuracy: 0.7105, F1: 0.6452, AUC: 0.7699
2026-07-15 21:34:53,862 - INFO - 
============================================================
Starting run 5/5
============================================================
2026-07-15 21:34:53,862 - INFO - 
Run 5: Device = mps
2026-07-15 21:34:53,940 - INFO - Train class distribution: 0=101.0, 1=74.0 (ratio 1:0.73)
2026-07-15 21:34:53,941 - INFO - Using class weighting: pos_weight = 1.36
2026-07-15 21:34:53,941 - INFO - 
Epoch 1/50
2026-07-15 21:34:54,195 - INFO - Train Loss: 0.9040, Train Acc: 0.5029
2026-07-15 21:34:54,195 - INFO - Val Loss: 0.8095, Val Acc: 0.4211, Val F1: 0.5926, Val AUC: 0.5568
2026-07-15 21:34:54,234 - INFO -   -> New best model saved (F1=0.5926)
2026-07-15 21:34:54,235 - INFO - 
Epoch 2/50
2026-07-15 21:34:54,488 - INFO - Train Loss: 0.8152, Train Acc: 0.5714
2026-07-15 21:34:54,488 - INFO - Val Loss: 0.7990, Val Acc: 0.4211, Val F1: 0.5926, Val AUC: 0.6364
2026-07-15 21:34:54,488 - INFO - 
Epoch 3/50
2026-07-15 21:34:54,740 - INFO - Train Loss: 0.8204, Train Acc: 0.5829
2026-07-15 21:34:54,740 - INFO - Val Loss: 0.7915, Val Acc: 0.6579, Val F1: 0.4800, Val AUC: 0.6477
2026-07-15 21:34:54,740 - INFO - 
Epoch 4/50
2026-07-15 21:34:54,998 - INFO - Train Loss: 0.7761, Train Acc: 0.5943
2026-07-15 21:34:54,998 - INFO - Val Loss: 0.7820, Val Acc: 0.5263, Val F1: 0.5714, Val AUC: 0.6648
2026-07-15 21:34:54,998 - INFO - 
Epoch 5/50
2026-07-15 21:34:55,256 - INFO - Train Loss: 0.7456, Train Acc: 0.6114
2026-07-15 21:34:55,256 - INFO - Val Loss: 0.7684, Val Acc: 0.6842, Val F1: 0.6250, Val AUC: 0.6619
2026-07-15 21:34:55,285 - INFO -   -> New best model saved (F1=0.6250)
2026-07-15 21:34:55,285 - INFO - 
Epoch 6/50
2026-07-15 21:34:55,540 - INFO - Train Loss: 0.7661, Train Acc: 0.6229
2026-07-15 21:34:55,540 - INFO - Val Loss: 0.7578, Val Acc: 0.6842, Val F1: 0.4545, Val AUC: 0.6875
2026-07-15 21:34:55,540 - INFO - 
Epoch 7/50
2026-07-15 21:34:55,795 - INFO - Train Loss: 0.6953, Train Acc: 0.6686
2026-07-15 21:34:55,795 - INFO - Val Loss: 0.7444, Val Acc: 0.6842, Val F1: 0.5385, Val AUC: 0.7244
2026-07-15 21:34:55,795 - INFO - 
Epoch 8/50
2026-07-15 21:34:56,051 - INFO - Train Loss: 0.6761, Train Acc: 0.6857
2026-07-15 21:34:56,051 - INFO - Val Loss: 0.7356, Val Acc: 0.7105, Val F1: 0.6452, Val AUC: 0.7415
2026-07-15 21:34:56,077 - INFO -   -> New best model saved (F1=0.6452)
2026-07-15 21:34:56,077 - INFO - 
Epoch 9/50
2026-07-15 21:34:56,333 - INFO - Train Loss: 0.6797, Train Acc: 0.6971
2026-07-15 21:34:56,333 - INFO - Val Loss: 0.7409, Val Acc: 0.7105, Val F1: 0.6667, Val AUC: 0.7528
2026-07-15 21:34:56,357 - INFO -   -> New best model saved (F1=0.6667)
2026-07-15 21:34:56,357 - INFO - 
Epoch 10/50
2026-07-15 21:34:56,610 - INFO - Train Loss: 0.7086, Train Acc: 0.6514
2026-07-15 21:34:56,610 - INFO - Val Loss: 0.7385, Val Acc: 0.7105, Val F1: 0.6667, Val AUC: 0.7670
2026-07-15 21:34:56,610 - INFO - 
Epoch 11/50
2026-07-15 21:34:56,869 - INFO - Train Loss: 0.6710, Train Acc: 0.6800
2026-07-15 21:34:56,869 - INFO - Val Loss: 0.7373, Val Acc: 0.6842, Val F1: 0.6250, Val AUC: 0.7812
2026-07-15 21:34:56,869 - INFO - 
Epoch 12/50
2026-07-15 21:34:57,126 - INFO - Train Loss: 0.6824, Train Acc: 0.6514
2026-07-15 21:34:57,126 - INFO - Val Loss: 0.7585, Val Acc: 0.7368, Val F1: 0.7500, Val AUC: 0.7784
2026-07-15 21:34:57,151 - INFO -   -> New best model saved (F1=0.7500)
2026-07-15 21:34:57,151 - INFO - 
Epoch 13/50
2026-07-15 21:34:57,405 - INFO - Train Loss: 0.6643, Train Acc: 0.6800
2026-07-15 21:34:57,405 - INFO - Val Loss: 0.7460, Val Acc: 0.7105, Val F1: 0.6667, Val AUC: 0.7898
2026-07-15 21:34:57,405 - INFO - 
Epoch 14/50
2026-07-15 21:34:57,661 - INFO - Train Loss: 0.6754, Train Acc: 0.7029
2026-07-15 21:34:57,661 - INFO - Val Loss: 0.7366, Val Acc: 0.7105, Val F1: 0.6452, Val AUC: 0.7983
2026-07-15 21:34:57,661 - INFO - 
Epoch 15/50
2026-07-15 21:34:57,919 - INFO - Train Loss: 0.6170, Train Acc: 0.7314
2026-07-15 21:34:57,919 - INFO - Val Loss: 0.7318, Val Acc: 0.7105, Val F1: 0.6207, Val AUC: 0.7955
2026-07-15 21:34:57,919 - INFO - 
Epoch 16/50
2026-07-15 21:34:58,177 - INFO - Train Loss: 0.6382, Train Acc: 0.7086
2026-07-15 21:34:58,177 - INFO - Val Loss: 0.7419, Val Acc: 0.7368, Val F1: 0.6429, Val AUC: 0.8040
2026-07-15 21:34:58,177 - INFO - 
Epoch 17/50
2026-07-15 21:34:58,435 - INFO - Train Loss: 0.6209, Train Acc: 0.7429
2026-07-15 21:34:58,435 - INFO - Val Loss: 0.7530, Val Acc: 0.7105, Val F1: 0.5600, Val AUC: 0.8011
2026-07-15 21:34:58,435 - INFO - 
Epoch 18/50
2026-07-15 21:34:58,691 - INFO - Train Loss: 0.5849, Train Acc: 0.7486
2026-07-15 21:34:58,691 - INFO - Val Loss: 0.7643, Val Acc: 0.7105, Val F1: 0.5600, Val AUC: 0.7955
2026-07-15 21:34:58,691 - INFO - 
Epoch 19/50
2026-07-15 21:34:58,949 - INFO - Train Loss: 0.5968, Train Acc: 0.7429
2026-07-15 21:34:58,949 - INFO - Val Loss: 0.7883, Val Acc: 0.7105, Val F1: 0.5600, Val AUC: 0.7983
2026-07-15 21:34:58,949 - INFO - 
Epoch 20/50
2026-07-15 21:34:59,207 - INFO - Train Loss: 0.6187, Train Acc: 0.7143
2026-07-15 21:34:59,207 - INFO - Val Loss: 0.8099, Val Acc: 0.6842, Val F1: 0.5000, Val AUC: 0.8011
2026-07-15 21:34:59,207 - INFO - 
Epoch 21/50
2026-07-15 21:34:59,465 - INFO - Train Loss: 0.5487, Train Acc: 0.7886
2026-07-15 21:34:59,465 - INFO - Val Loss: 0.8384, Val Acc: 0.6842, Val F1: 0.5000, Val AUC: 0.7983
2026-07-15 21:34:59,465 - INFO - 
Epoch 22/50
2026-07-15 21:34:59,723 - INFO - Train Loss: 0.5567, Train Acc: 0.7657
2026-07-15 21:34:59,723 - INFO - Val Loss: 0.7968, Val Acc: 0.6842, Val F1: 0.5000, Val AUC: 0.7898
2026-07-15 21:34:59,723 - INFO - 
Epoch 23/50
2026-07-15 21:34:59,980 - INFO - Train Loss: 0.5821, Train Acc: 0.7771
2026-07-15 21:34:59,980 - INFO - Val Loss: 0.7711, Val Acc: 0.7105, Val F1: 0.5600, Val AUC: 0.7898
2026-07-15 21:34:59,980 - INFO - 
Epoch 24/50
2026-07-15 21:35:00,237 - INFO - Train Loss: 0.6025, Train Acc: 0.7429
2026-07-15 21:35:00,237 - INFO - Val Loss: 0.7570, Val Acc: 0.6842, Val F1: 0.5385, Val AUC: 0.7955
2026-07-15 21:35:00,237 - INFO - 
Epoch 25/50
2026-07-15 21:35:00,493 - INFO - Train Loss: 0.5524, Train Acc: 0.7943
2026-07-15 21:35:00,493 - INFO - Val Loss: 0.7523, Val Acc: 0.7105, Val F1: 0.5926, Val AUC: 0.7955
2026-07-15 21:35:00,493 - INFO - 
Epoch 26/50
2026-07-15 21:35:00,750 - INFO - Train Loss: 0.5318, Train Acc: 0.7771
2026-07-15 21:35:00,750 - INFO - Val Loss: 0.7640, Val Acc: 0.6842, Val F1: 0.5385, Val AUC: 0.7869
2026-07-15 21:35:00,750 - INFO - 
Epoch 27/50
2026-07-15 21:35:01,007 - INFO - Train Loss: 0.5343, Train Acc: 0.8057
2026-07-15 21:35:01,007 - INFO - Val Loss: 0.7803, Val Acc: 0.7105, Val F1: 0.5600, Val AUC: 0.7812
2026-07-15 21:35:01,007 - INFO - Early stopping at epoch 27
2026-07-15 21:35:01,109 - INFO - 
Run 5 Test Results:
2026-07-15 21:35:01,109 - INFO -   Accuracy: 0.7105, F1: 0.5926, AUC: 0.7955
2026-07-15 21:35:01,110 - INFO - 
Saved all runs results to ./outputs/models/cnn_cross_fold/fold_japan/merged_brazil_usa_cnn_stage1_results.csv
2026-07-15 21:35:01,110 - INFO - 
============================================================
2026-07-15 21:35:01,110 - INFO - SUMMARY OF ALL RUNS
2026-07-15 21:35:01,110 - INFO - ============================================================
2026-07-15 21:35:01,110 - INFO - test_acc: 0.7105 ± 0.0166
2026-07-15 21:35:01,110 - INFO - test_prec: 0.7121 ± 0.0495
2026-07-15 21:35:01,110 - INFO - test_rec: 0.5375 ± 0.0750
2026-07-15 21:35:01,110 - INFO - test_f1: 0.6074 ± 0.0397
2026-07-15 21:35:01,110 - INFO - test_auc: 0.7733 ± 0.0278
2026-07-15 21:35:01,111 - INFO - 
Best overall run: 2 (test F1=0.6452)
2026-07-15 21:35:01,111 - INFO - Best model saved at: ./outputs/models/cnn_cross_fold/fold_japan/best_cnn_run2.pth
2026-07-15 21:35:01,121 - INFO - Copied best model to ./outputs/models/cnn_cross_fold/fold_japan/best_cnn.pth
2026-07-15 21:35:01,510 - INFO - 
All plots and summaries saved to: ./outputs/models/cnn_cross_fold/fold_japan/plots
2026-07-15 21:35:01,510 - INFO -  Stage 1 training completed. Ready for Stage 2 (GNN).
2026-07-16 13:14:11,047 - INFO - ============================================================
2026-07-16 13:14:11,048 - INFO - Stage 1: CNN Training Started (Using Pre-defined Splits)
2026-07-16 13:14:11,048 - INFO - ============================================================
2026-07-16 13:14:11,048 - INFO - Countries: ['brazil', 'usa']
2026-07-16 13:14:11,048 - INFO - Output directory: ./outputs/models/cnn_cross_fold/fold_japan
2026-07-16 13:14:11,048 - INFO - Log file: ./outputs/models/cnn_cross_fold/fold_japan/logs/step3_cnn.log
2026-07-16 13:14:11,048 - INFO - Using images from: ./outputs/images
2026-07-16 13:14:11,187 - INFO - Merged 2 countries into temporary files
2026-07-16 13:14:11,188 - INFO - Total samples: 345
2026-07-16 13:14:11,454 - INFO - Total train pairs: 2157
2026-07-16 13:14:11,454 - INFO - Total val pairs: 569
2026-07-16 13:14:11,454 - INFO - Total test pairs: 521
2026-07-16 13:14:11,472 - INFO - Train samples: 343
2026-07-16 13:14:11,472 - INFO - Val samples: 212
2026-07-16 13:14:11,472 - INFO - Test samples: 210
2026-07-16 13:14:11,472 - INFO - 
============================================================
Starting run 1/5
============================================================
2026-07-16 13:14:11,516 - INFO - 
Run 1: Device = mps
2026-07-16 13:14:11,944 - INFO - Train class distribution: 0=203.0, 1=140.0 (ratio 1:0.69)
2026-07-16 13:14:11,945 - INFO - Using class weighting: pos_weight = 1.45
2026-07-16 13:14:11,946 - INFO - 
Epoch 1/50
2026-07-16 13:14:15,625 - INFO - Train Loss: 0.8846, Train Acc: 0.5306
2026-07-16 13:14:15,625 - INFO - Val Loss: 0.8161, Val Acc: 0.6179, Val F1: 0.0000, Val AUC: 0.7083
2026-07-16 13:14:15,626 - INFO - 
Epoch 2/50
2026-07-16 13:14:16,521 - INFO - Train Loss: 0.7532, Train Acc: 0.6443
2026-07-16 13:14:16,521 - INFO - Val Loss: 0.8990, Val Acc: 0.6179, Val F1: 0.0000, Val AUC: 0.7377
2026-07-16 13:14:16,521 - INFO - 
Epoch 3/50
2026-07-16 13:14:17,530 - INFO - Train Loss: 0.7688, Train Acc: 0.6501
2026-07-16 13:14:17,531 - INFO - Val Loss: 0.7832, Val Acc: 0.6557, Val F1: 0.1798, Val AUC: 0.7592
2026-07-16 13:14:17,585 - INFO -   -> New best model saved (F1=0.1798)
2026-07-16 13:14:17,585 - INFO - 
Epoch 4/50
2026-07-16 13:14:18,530 - INFO - Train Loss: 0.7579, Train Acc: 0.6414
2026-07-16 13:14:18,531 - INFO - Val Loss: 0.7012, Val Acc: 0.7594, Val F1: 0.6165, Val AUC: 0.7803
2026-07-16 13:14:18,577 - INFO -   -> New best model saved (F1=0.6165)
2026-07-16 13:14:18,577 - INFO - 
Epoch 5/50
2026-07-16 13:14:19,559 - INFO - Train Loss: 0.7351, Train Acc: 0.6764
2026-07-16 13:14:19,559 - INFO - Val Loss: 0.6668, Val Acc: 0.7689, Val F1: 0.6797, Val AUC: 0.7940
2026-07-16 13:14:19,604 - INFO -   -> New best model saved (F1=0.6797)
2026-07-16 13:14:19,604 - INFO - 
Epoch 6/50
2026-07-16 13:14:20,589 - INFO - Train Loss: 0.7179, Train Acc: 0.6618
2026-07-16 13:14:20,589 - INFO - Val Loss: 0.6439, Val Acc: 0.7830, Val F1: 0.6806, Val AUC: 0.8094
2026-07-16 13:14:20,639 - INFO -   -> New best model saved (F1=0.6806)
2026-07-16 13:14:20,639 - INFO - 
Epoch 7/50
2026-07-16 13:14:21,629 - INFO - Train Loss: 0.7098, Train Acc: 0.6880
2026-07-16 13:14:21,629 - INFO - Val Loss: 0.6448, Val Acc: 0.7736, Val F1: 0.6190, Val AUC: 0.8310
2026-07-16 13:14:21,629 - INFO - 
Epoch 8/50
2026-07-16 13:14:22,628 - INFO - Train Loss: 0.6968, Train Acc: 0.6939
2026-07-16 13:14:22,628 - INFO - Val Loss: 0.6184, Val Acc: 0.7736, Val F1: 0.6364, Val AUC: 0.8442
2026-07-16 13:14:22,628 - INFO - 
Epoch 9/50
2026-07-16 13:14:23,615 - INFO - Train Loss: 0.6965, Train Acc: 0.6968
2026-07-16 13:14:23,616 - INFO - Val Loss: 0.6081, Val Acc: 0.7689, Val F1: 0.6260, Val AUC: 0.8471
2026-07-16 13:14:23,616 - INFO - 
Epoch 10/50
2026-07-16 13:14:24,619 - INFO - Train Loss: 0.6755, Train Acc: 0.7055
2026-07-16 13:14:24,620 - INFO - Val Loss: 0.5730, Val Acc: 0.7877, Val F1: 0.6980, Val AUC: 0.8556
2026-07-16 13:14:24,668 - INFO -   -> New best model saved (F1=0.6980)
2026-07-16 13:14:24,668 - INFO - 
Epoch 11/50
2026-07-16 13:14:25,651 - INFO - Train Loss: 0.6424, Train Acc: 0.7347
2026-07-16 13:14:25,652 - INFO - Val Loss: 0.5573, Val Acc: 0.7972, Val F1: 0.7034, Val AUC: 0.8689
2026-07-16 13:14:25,698 - INFO -   -> New best model saved (F1=0.7034)
2026-07-16 13:14:25,698 - INFO - 
Epoch 12/50
2026-07-16 13:14:26,689 - INFO - Train Loss: 0.6446, Train Acc: 0.7172
2026-07-16 13:14:26,689 - INFO - Val Loss: 0.5550, Val Acc: 0.8066, Val F1: 0.6917, Val AUC: 0.8695
2026-07-16 13:14:26,689 - INFO - 
Epoch 13/50
2026-07-16 13:14:27,690 - INFO - Train Loss: 0.6350, Train Acc: 0.7405
2026-07-16 13:14:27,690 - INFO - Val Loss: 0.6165, Val Acc: 0.7925, Val F1: 0.6271, Val AUC: 0.8850
2026-07-16 13:14:27,690 - INFO - 
Epoch 14/50
2026-07-16 13:14:28,685 - INFO - Train Loss: 0.6193, Train Acc: 0.7376
2026-07-16 13:14:28,685 - INFO - Val Loss: 0.5064, Val Acc: 0.8160, Val F1: 0.7347, Val AUC: 0.8951
2026-07-16 13:14:28,732 - INFO -   -> New best model saved (F1=0.7347)
2026-07-16 13:14:28,732 - INFO - 
Epoch 15/50
2026-07-16 13:14:29,713 - INFO - Train Loss: 0.6148, Train Acc: 0.7493
2026-07-16 13:14:29,714 - INFO - Val Loss: 0.4973, Val Acc: 0.8066, Val F1: 0.7248, Val AUC: 0.9039
2026-07-16 13:14:29,714 - INFO - 
Epoch 16/50
2026-07-16 13:14:30,715 - INFO - Train Loss: 0.6014, Train Acc: 0.7638
2026-07-16 13:14:30,715 - INFO - Val Loss: 0.4831, Val Acc: 0.8160, Val F1: 0.7310, Val AUC: 0.9044
2026-07-16 13:14:30,715 - INFO - 
Epoch 17/50
2026-07-16 13:14:31,730 - INFO - Train Loss: 0.5755, Train Acc: 0.7638
2026-07-16 13:14:31,730 - INFO - Val Loss: 0.4778, Val Acc: 0.8302, Val F1: 0.7391, Val AUC: 0.9098
2026-07-16 13:14:31,779 - INFO -   -> New best model saved (F1=0.7391)
2026-07-16 13:14:31,779 - INFO - 
Epoch 18/50
2026-07-16 13:14:32,766 - INFO - Train Loss: 0.5910, Train Acc: 0.7580
2026-07-16 13:14:32,766 - INFO - Val Loss: 0.4601, Val Acc: 0.8113, Val F1: 0.7222, Val AUC: 0.9144
2026-07-16 13:14:32,766 - INFO - 
Epoch 19/50
2026-07-16 13:14:33,830 - INFO - Train Loss: 0.5923, Train Acc: 0.7434
2026-07-16 13:14:33,831 - INFO - Val Loss: 0.4709, Val Acc: 0.8349, Val F1: 0.7953, Val AUC: 0.9217
2026-07-16 13:14:33,883 - INFO -   -> New best model saved (F1=0.7953)
2026-07-16 13:14:33,883 - INFO - 
Epoch 20/50
2026-07-16 13:14:34,841 - INFO - Train Loss: 0.5514, Train Acc: 0.7843
2026-07-16 13:14:34,842 - INFO - Val Loss: 0.4340, Val Acc: 0.8302, Val F1: 0.7465, Val AUC: 0.9311
2026-07-16 13:14:34,842 - INFO - 
Epoch 21/50
2026-07-16 13:14:35,845 - INFO - Train Loss: 0.5572, Train Acc: 0.7843
2026-07-16 13:14:35,846 - INFO - Val Loss: 0.4465, Val Acc: 0.8443, Val F1: 0.8047, Val AUC: 0.9323
2026-07-16 13:14:35,891 - INFO -   -> New best model saved (F1=0.8047)
2026-07-16 13:14:35,891 - INFO - 
Epoch 22/50
2026-07-16 13:14:36,883 - INFO - Train Loss: 0.5481, Train Acc: 0.7784
2026-07-16 13:14:36,883 - INFO - Val Loss: 0.4276, Val Acc: 0.8774, Val F1: 0.8267, Val AUC: 0.9417
2026-07-16 13:14:36,929 - INFO -   -> New best model saved (F1=0.8267)
2026-07-16 13:14:36,929 - INFO - 
Epoch 23/50
2026-07-16 13:14:37,904 - INFO - Train Loss: 0.5412, Train Acc: 0.7959
2026-07-16 13:14:37,905 - INFO - Val Loss: 0.4270, Val Acc: 0.8632, Val F1: 0.7852, Val AUC: 0.9429
2026-07-16 13:14:37,905 - INFO - 
Epoch 24/50
2026-07-16 13:14:38,912 - INFO - Train Loss: 0.5443, Train Acc: 0.7784
2026-07-16 13:14:38,913 - INFO - Val Loss: 0.4041, Val Acc: 0.8726, Val F1: 0.8000, Val AUC: 0.9468
2026-07-16 13:14:38,913 - INFO - 
Epoch 25/50
2026-07-16 13:14:39,905 - INFO - Train Loss: 0.4957, Train Acc: 0.8017
2026-07-16 13:14:39,905 - INFO - Val Loss: 0.3918, Val Acc: 0.8679, Val F1: 0.7971, Val AUC: 0.9511
2026-07-16 13:14:39,905 - INFO - 
Epoch 26/50
2026-07-16 13:14:40,912 - INFO - Train Loss: 0.5120, Train Acc: 0.7843
2026-07-16 13:14:40,912 - INFO - Val Loss: 0.3746, Val Acc: 0.8726, Val F1: 0.8085, Val AUC: 0.9520
2026-07-16 13:14:40,912 - INFO - 
Epoch 27/50
2026-07-16 13:14:41,933 - INFO - Train Loss: 0.5010, Train Acc: 0.7988
2026-07-16 13:14:41,933 - INFO - Val Loss: 0.4017, Val Acc: 0.8302, Val F1: 0.8085, Val AUC: 0.9539
2026-07-16 13:14:41,933 - INFO - 
Epoch 28/50
2026-07-16 13:14:42,938 - INFO - Train Loss: 0.4692, Train Acc: 0.8455
2026-07-16 13:14:42,938 - INFO - Val Loss: 0.4405, Val Acc: 0.7642, Val F1: 0.7596, Val AUC: 0.9566
2026-07-16 13:14:42,938 - INFO - 
Epoch 29/50
2026-07-16 13:14:43,941 - INFO - Train Loss: 0.4820, Train Acc: 0.8163
2026-07-16 13:14:43,941 - INFO - Val Loss: 0.4018, Val Acc: 0.8066, Val F1: 0.7876, Val AUC: 0.9573
2026-07-16 13:14:43,941 - INFO - 
Epoch 30/50
2026-07-16 13:14:44,941 - INFO - Train Loss: 0.4536, Train Acc: 0.8338
2026-07-16 13:14:44,941 - INFO - Val Loss: 0.3869, Val Acc: 0.8349, Val F1: 0.8128, Val AUC: 0.9639
2026-07-16 13:14:44,941 - INFO - 
Epoch 31/50
2026-07-16 13:14:45,950 - INFO - Train Loss: 0.4423, Train Acc: 0.8484
2026-07-16 13:14:45,950 - INFO - Val Loss: 0.3379, Val Acc: 0.8868, Val F1: 0.8310, Val AUC: 0.9651
2026-07-16 13:14:45,996 - INFO -   -> New best model saved (F1=0.8310)
2026-07-16 13:14:45,996 - INFO - 
Epoch 32/50
2026-07-16 13:14:46,998 - INFO - Train Loss: 0.4709, Train Acc: 0.8280
2026-07-16 13:14:46,998 - INFO - Val Loss: 0.3450, Val Acc: 0.8821, Val F1: 0.8201, Val AUC: 0.9683
2026-07-16 13:14:46,998 - INFO - 
Epoch 33/50
2026-07-16 13:14:48,010 - INFO - Train Loss: 0.4566, Train Acc: 0.8251
2026-07-16 13:14:48,011 - INFO - Val Loss: 0.3454, Val Acc: 0.9009, Val F1: 0.8772, Val AUC: 0.9681
2026-07-16 13:14:48,054 - INFO -   -> New best model saved (F1=0.8772)
2026-07-16 13:14:48,054 - INFO - 
Epoch 34/50
2026-07-16 13:14:49,031 - INFO - Train Loss: 0.4511, Train Acc: 0.8251
2026-07-16 13:14:49,032 - INFO - Val Loss: 0.3290, Val Acc: 0.9057, Val F1: 0.8795, Val AUC: 0.9641
2026-07-16 13:14:49,076 - INFO -   -> New best model saved (F1=0.8795)
2026-07-16 13:14:49,076 - INFO - 
Epoch 35/50
2026-07-16 13:14:50,053 - INFO - Train Loss: 0.4065, Train Acc: 0.8338
2026-07-16 13:14:50,053 - INFO - Val Loss: 0.2995, Val Acc: 0.8962, Val F1: 0.8514, Val AUC: 0.9747
2026-07-16 13:14:50,053 - INFO - 
Epoch 36/50
2026-07-16 13:14:51,060 - INFO - Train Loss: 0.4628, Train Acc: 0.8192
2026-07-16 13:14:51,061 - INFO - Val Loss: 0.3425, Val Acc: 0.8538, Val F1: 0.8324, Val AUC: 0.9730
2026-07-16 13:14:51,061 - INFO - 
Epoch 37/50
2026-07-16 13:14:52,078 - INFO - Train Loss: 0.4553, Train Acc: 0.7988
2026-07-16 13:14:52,078 - INFO - Val Loss: 0.3618, Val Acc: 0.8443, Val F1: 0.8272, Val AUC: 0.9730
2026-07-16 13:14:52,078 - INFO - 
Epoch 38/50
2026-07-16 13:14:53,150 - INFO - Train Loss: 0.4322, Train Acc: 0.8455
2026-07-16 13:14:53,151 - INFO - Val Loss: 0.2926, Val Acc: 0.9198, Val F1: 0.8903, Val AUC: 0.9732
2026-07-16 13:14:53,202 - INFO -   -> New best model saved (F1=0.8903)
2026-07-16 13:14:53,202 - INFO - 
Epoch 39/50
2026-07-16 13:14:54,163 - INFO - Train Loss: 0.4589, Train Acc: 0.8047
2026-07-16 13:14:54,163 - INFO - Val Loss: 0.3286, Val Acc: 0.8538, Val F1: 0.8306, Val AUC: 0.9700
2026-07-16 13:14:54,163 - INFO - 
Epoch 40/50
2026-07-16 13:14:55,153 - INFO - Train Loss: 0.4031, Train Acc: 0.8513
2026-07-16 13:14:55,154 - INFO - Val Loss: 0.3876, Val Acc: 0.7877, Val F1: 0.7783, Val AUC: 0.9709
2026-07-16 13:14:55,154 - INFO - 
Epoch 41/50
2026-07-16 13:14:56,165 - INFO - Train Loss: 0.4085, Train Acc: 0.8367
2026-07-16 13:14:56,166 - INFO - Val Loss: 0.3486, Val Acc: 0.8255, Val F1: 0.8083, Val AUC: 0.9730
2026-07-16 13:14:56,166 - INFO - 
Epoch 42/50
2026-07-16 13:14:57,194 - INFO - Train Loss: 0.3876, Train Acc: 0.8571
2026-07-16 13:14:57,194 - INFO - Val Loss: 0.2934, Val Acc: 0.9198, Val F1: 0.8970, Val AUC: 0.9757
2026-07-16 13:14:57,239 - INFO -   -> New best model saved (F1=0.8970)
2026-07-16 13:14:57,239 - INFO - 
Epoch 43/50
2026-07-16 13:14:58,220 - INFO - Train Loss: 0.4324, Train Acc: 0.8192
2026-07-16 13:14:58,220 - INFO - Val Loss: 0.2696, Val Acc: 0.9292, Val F1: 0.9057, Val AUC: 0.9770
2026-07-16 13:14:58,268 - INFO -   -> New best model saved (F1=0.9057)
2026-07-16 13:14:58,268 - INFO - 
Epoch 44/50
2026-07-16 13:14:59,254 - INFO - Train Loss: 0.4218, Train Acc: 0.8455
2026-07-16 13:14:59,254 - INFO - Val Loss: 0.3388, Val Acc: 0.8491, Val F1: 0.8316, Val AUC: 0.9779
2026-07-16 13:14:59,254 - INFO - 
Epoch 45/50
2026-07-16 13:15:00,269 - INFO - Train Loss: 0.4363, Train Acc: 0.8338
2026-07-16 13:15:00,269 - INFO - Val Loss: 0.3145, Val Acc: 0.8632, Val F1: 0.8449, Val AUC: 0.9805
2026-07-16 13:15:00,269 - INFO - 
Epoch 46/50
2026-07-16 13:15:01,281 - INFO - Train Loss: 0.3893, Train Acc: 0.8571
2026-07-16 13:15:01,281 - INFO - Val Loss: 0.2698, Val Acc: 0.9009, Val F1: 0.8814, Val AUC: 0.9814
2026-07-16 13:15:01,281 - INFO - 
Epoch 47/50
2026-07-16 13:15:02,322 - INFO - Train Loss: 0.3930, Train Acc: 0.8688
2026-07-16 13:15:02,322 - INFO - Val Loss: 0.2702, Val Acc: 0.8915, Val F1: 0.8715, Val AUC: 0.9810
2026-07-16 13:15:02,322 - INFO - 
Epoch 48/50
2026-07-16 13:15:03,320 - INFO - Train Loss: 0.3753, Train Acc: 0.8571
2026-07-16 13:15:03,320 - INFO - Val Loss: 0.2533, Val Acc: 0.9151, Val F1: 0.8953, Val AUC: 0.9825
2026-07-16 13:15:03,320 - INFO - 
Epoch 49/50
2026-07-16 13:15:04,328 - INFO - Train Loss: 0.3756, Train Acc: 0.8455
2026-07-16 13:15:04,328 - INFO - Val Loss: 0.3220, Val Acc: 0.8443, Val F1: 0.8272, Val AUC: 0.9820
2026-07-16 13:15:04,328 - INFO - 
Epoch 50/50
2026-07-16 13:15:05,327 - INFO - Train Loss: 0.3667, Train Acc: 0.8630
2026-07-16 13:15:05,327 - INFO - Val Loss: 0.2485, Val Acc: 0.9481, Val F1: 0.9308, Val AUC: 0.9828
2026-07-16 13:15:05,375 - INFO -   -> New best model saved (F1=0.9308)
2026-07-16 13:15:05,907 - INFO - 
Run 1 Test Results:
2026-07-16 13:15:05,907 - INFO -   Accuracy: 0.9571, F1: 0.9412, AUC: 0.9865
2026-07-16 13:15:05,907 - INFO - 
============================================================
Starting run 2/5
============================================================
2026-07-16 13:15:05,908 - INFO - 
Run 2: Device = mps
2026-07-16 13:15:06,141 - INFO - Train class distribution: 0=203.0, 1=140.0 (ratio 1:0.69)
2026-07-16 13:15:06,142 - INFO - Using class weighting: pos_weight = 1.45
2026-07-16 13:15:06,143 - INFO - 
Epoch 1/50
2026-07-16 13:15:06,935 - INFO - Train Loss: 0.9011, Train Acc: 0.5160
2026-07-16 13:15:06,935 - INFO - Val Loss: 0.8102, Val Acc: 0.6179, Val F1: 0.0000, Val AUC: 0.7254
2026-07-16 13:15:06,935 - INFO - 
Epoch 2/50
2026-07-16 13:15:08,080 - INFO - Train Loss: 0.8086, Train Acc: 0.5773
2026-07-16 13:15:08,080 - INFO - Val Loss: 0.8226, Val Acc: 0.6179, Val F1: 0.0000, Val AUC: 0.7698
2026-07-16 13:15:08,080 - INFO - 
Epoch 3/50
2026-07-16 13:15:09,166 - INFO - Train Loss: 0.7908, Train Acc: 0.6035
2026-07-16 13:15:09,166 - INFO - Val Loss: 0.7561, Val Acc: 0.7311, Val F1: 0.4956, Val AUC: 0.7716
2026-07-16 13:15:09,222 - INFO -   -> New best model saved (F1=0.4956)
2026-07-16 13:15:09,222 - INFO - 
Epoch 4/50
2026-07-16 13:15:10,271 - INFO - Train Loss: 0.7684, Train Acc: 0.6676
2026-07-16 13:15:10,271 - INFO - Val Loss: 0.7089, Val Acc: 0.7406, Val F1: 0.6259, Val AUC: 0.7963
2026-07-16 13:15:10,324 - INFO -   -> New best model saved (F1=0.6259)
2026-07-16 13:15:10,324 - INFO - 
Epoch 5/50
2026-07-16 13:15:11,368 - INFO - Train Loss: 0.7454, Train Acc: 0.6706
2026-07-16 13:15:11,368 - INFO - Val Loss: 0.6948, Val Acc: 0.6934, Val F1: 0.6597, Val AUC: 0.8117
2026-07-16 13:15:11,424 - INFO -   -> New best model saved (F1=0.6597)
2026-07-16 13:15:11,425 - INFO - 
Epoch 6/50
2026-07-16 13:15:12,549 - INFO - Train Loss: 0.7147, Train Acc: 0.6880
2026-07-16 13:15:12,550 - INFO - Val Loss: 0.6682, Val Acc: 0.7028, Val F1: 0.6667, Val AUC: 0.8184
2026-07-16 13:15:12,606 - INFO -   -> New best model saved (F1=0.6667)
2026-07-16 13:15:12,606 - INFO - 
Epoch 7/50
2026-07-16 13:15:13,667 - INFO - Train Loss: 0.7108, Train Acc: 0.7114
2026-07-16 13:15:13,667 - INFO - Val Loss: 0.6382, Val Acc: 0.7311, Val F1: 0.6667, Val AUC: 0.8266
2026-07-16 13:15:13,667 - INFO - 
Epoch 8/50
2026-07-16 13:15:14,752 - INFO - Train Loss: 0.7328, Train Acc: 0.6910
2026-07-16 13:15:14,752 - INFO - Val Loss: 0.6028, Val Acc: 0.7877, Val F1: 0.6853, Val AUC: 0.8434
2026-07-16 13:15:14,807 - INFO -   -> New best model saved (F1=0.6853)
2026-07-16 13:15:14,807 - INFO - 
Epoch 9/50
2026-07-16 13:15:15,863 - INFO - Train Loss: 0.6923, Train Acc: 0.7143
2026-07-16 13:15:15,863 - INFO - Val Loss: 0.5851, Val Acc: 0.7972, Val F1: 0.7190, Val AUC: 0.8510
2026-07-16 13:15:15,914 - INFO -   -> New best model saved (F1=0.7190)
2026-07-16 13:15:15,915 - INFO - 
Epoch 10/50
2026-07-16 13:15:16,955 - INFO - Train Loss: 0.7001, Train Acc: 0.7143
2026-07-16 13:15:16,955 - INFO - Val Loss: 0.5676, Val Acc: 0.8019, Val F1: 0.7123, Val AUC: 0.8645
2026-07-16 13:15:16,956 - INFO - 
Epoch 11/50
2026-07-16 13:15:18,032 - INFO - Train Loss: 0.6586, Train Acc: 0.7434
2026-07-16 13:15:18,032 - INFO - Val Loss: 0.5656, Val Acc: 0.7736, Val F1: 0.7241, Val AUC: 0.8697
2026-07-16 13:15:18,081 - INFO -   -> New best model saved (F1=0.7241)
2026-07-16 13:15:18,081 - INFO - 
Epoch 12/50
2026-07-16 13:15:19,141 - INFO - Train Loss: 0.6641, Train Acc: 0.7289
2026-07-16 13:15:19,141 - INFO - Val Loss: 0.5751, Val Acc: 0.7170, Val F1: 0.7030, Val AUC: 0.8758
2026-07-16 13:15:19,141 - INFO - 
Epoch 13/50
2026-07-16 13:15:20,214 - INFO - Train Loss: 0.6854, Train Acc: 0.6939
2026-07-16 13:15:20,214 - INFO - Val Loss: 0.5286, Val Acc: 0.8066, Val F1: 0.7485, Val AUC: 0.8787
2026-07-16 13:15:20,263 - INFO -   -> New best model saved (F1=0.7485)
2026-07-16 13:15:20,263 - INFO - 
Epoch 14/50
2026-07-16 13:15:21,339 - INFO - Train Loss: 0.6348, Train Acc: 0.7464
2026-07-16 13:15:21,340 - INFO - Val Loss: 0.5054, Val Acc: 0.8066, Val F1: 0.7285, Val AUC: 0.8901
2026-07-16 13:15:21,340 - INFO - 
Epoch 15/50
2026-07-16 13:15:22,411 - INFO - Train Loss: 0.5763, Train Acc: 0.7988
2026-07-16 13:15:22,411 - INFO - Val Loss: 0.5136, Val Acc: 0.8255, Val F1: 0.7259, Val AUC: 0.8928
2026-07-16 13:15:22,411 - INFO - 
Epoch 16/50
2026-07-16 13:15:23,498 - INFO - Train Loss: 0.5916, Train Acc: 0.7668
2026-07-16 13:15:23,498 - INFO - Val Loss: 0.4934, Val Acc: 0.8255, Val F1: 0.7413, Val AUC: 0.8912
2026-07-16 13:15:23,498 - INFO - 
Epoch 17/50
2026-07-16 13:15:24,584 - INFO - Train Loss: 0.6024, Train Acc: 0.7638
2026-07-16 13:15:24,584 - INFO - Val Loss: 0.5667, Val Acc: 0.6698, Val F1: 0.6875, Val AUC: 0.8942
2026-07-16 13:15:24,584 - INFO - 
Epoch 18/50
2026-07-16 13:15:25,678 - INFO - Train Loss: 0.5702, Train Acc: 0.7813
2026-07-16 13:15:25,678 - INFO - Val Loss: 0.5556, Val Acc: 0.6887, Val F1: 0.7027, Val AUC: 0.9042
2026-07-16 13:15:25,678 - INFO - 
Epoch 19/50
2026-07-16 13:15:26,780 - INFO - Train Loss: 0.5770, Train Acc: 0.7901
2026-07-16 13:15:26,780 - INFO - Val Loss: 0.4641, Val Acc: 0.8255, Val F1: 0.7861, Val AUC: 0.9141
2026-07-16 13:15:26,828 - INFO -   -> New best model saved (F1=0.7861)
2026-07-16 13:15:26,829 - INFO - 
Epoch 20/50
2026-07-16 13:15:27,886 - INFO - Train Loss: 0.5798, Train Acc: 0.7784
2026-07-16 13:15:27,886 - INFO - Val Loss: 0.4697, Val Acc: 0.8349, Val F1: 0.7407, Val AUC: 0.9173
2026-07-16 13:15:27,886 - INFO - 
Epoch 21/50
2026-07-16 13:15:29,029 - INFO - Train Loss: 0.5315, Train Acc: 0.7872
2026-07-16 13:15:29,029 - INFO - Val Loss: 0.4376, Val Acc: 0.8632, Val F1: 0.8199, Val AUC: 0.9275
2026-07-16 13:15:29,066 - INFO -   -> New best model saved (F1=0.8199)
2026-07-16 13:15:29,066 - INFO - 
Epoch 22/50
2026-07-16 13:15:30,169 - INFO - Train Loss: 0.5342, Train Acc: 0.7784
2026-07-16 13:15:30,169 - INFO - Val Loss: 0.4175, Val Acc: 0.8585, Val F1: 0.7917, Val AUC: 0.9365
2026-07-16 13:15:30,169 - INFO - 
Epoch 23/50
2026-07-16 13:15:31,248 - INFO - Train Loss: 0.5512, Train Acc: 0.8105
2026-07-16 13:15:31,248 - INFO - Val Loss: 0.4181, Val Acc: 0.8491, Val F1: 0.8049, Val AUC: 0.9336
2026-07-16 13:15:31,248 - INFO - 
Epoch 24/50
2026-07-16 13:15:32,365 - INFO - Train Loss: 0.5694, Train Acc: 0.7813
2026-07-16 13:15:32,366 - INFO - Val Loss: 0.4282, Val Acc: 0.8255, Val F1: 0.7933, Val AUC: 0.9425
2026-07-16 13:15:32,366 - INFO - 
Epoch 25/50
2026-07-16 13:15:33,501 - INFO - Train Loss: 0.5199, Train Acc: 0.7988
2026-07-16 13:15:33,502 - INFO - Val Loss: 0.4275, Val Acc: 0.8160, Val F1: 0.7979, Val AUC: 0.9502
2026-07-16 13:15:33,502 - INFO - 
Epoch 26/50
2026-07-16 13:15:34,637 - INFO - Train Loss: 0.5063, Train Acc: 0.8134
2026-07-16 13:15:34,637 - INFO - Val Loss: 0.3873, Val Acc: 0.9057, Val F1: 0.8750, Val AUC: 0.9549
2026-07-16 13:15:34,691 - INFO -   -> New best model saved (F1=0.8750)
2026-07-16 13:15:34,691 - INFO - 
Epoch 27/50
2026-07-16 13:15:35,718 - INFO - Train Loss: 0.5330, Train Acc: 0.7784
2026-07-16 13:15:35,719 - INFO - Val Loss: 0.3810, Val Acc: 0.8821, Val F1: 0.8252, Val AUC: 0.9555
2026-07-16 13:15:35,719 - INFO - 
Epoch 28/50
2026-07-16 13:15:36,832 - INFO - Train Loss: 0.4900, Train Acc: 0.8163
2026-07-16 13:15:36,832 - INFO - Val Loss: 0.3885, Val Acc: 0.8585, Val F1: 0.8256, Val AUC: 0.9546
2026-07-16 13:15:36,833 - INFO - 
Epoch 29/50
2026-07-16 13:15:37,922 - INFO - Train Loss: 0.4768, Train Acc: 0.8105
2026-07-16 13:15:37,922 - INFO - Val Loss: 0.4142, Val Acc: 0.7925, Val F1: 0.7778, Val AUC: 0.9599
2026-07-16 13:15:37,922 - INFO - 
Epoch 30/50
2026-07-16 13:15:38,993 - INFO - Train Loss: 0.4853, Train Acc: 0.8222
2026-07-16 13:15:38,994 - INFO - Val Loss: 0.3824, Val Acc: 0.9009, Val F1: 0.8743, Val AUC: 0.9615
2026-07-16 13:15:38,994 - INFO - 
Epoch 31/50
2026-07-16 13:15:40,082 - INFO - Train Loss: 0.4619, Train Acc: 0.8076
2026-07-16 13:15:40,082 - INFO - Val Loss: 0.3571, Val Acc: 0.9292, Val F1: 0.9057, Val AUC: 0.9657
2026-07-16 13:15:40,131 - INFO -   -> New best model saved (F1=0.9057)
2026-07-16 13:15:40,131 - INFO - 
Epoch 32/50
2026-07-16 13:15:41,193 - INFO - Train Loss: 0.4983, Train Acc: 0.8105
2026-07-16 13:15:41,193 - INFO - Val Loss: 0.3608, Val Acc: 0.8632, Val F1: 0.8398, Val AUC: 0.9664
2026-07-16 13:15:41,193 - INFO - 
Epoch 33/50
2026-07-16 13:15:42,312 - INFO - Train Loss: 0.4573, Train Acc: 0.8251
2026-07-16 13:15:42,313 - INFO - Val Loss: 0.3475, Val Acc: 0.8774, Val F1: 0.8488, Val AUC: 0.9673
2026-07-16 13:15:42,313 - INFO - 
Epoch 34/50
2026-07-16 13:15:43,383 - INFO - Train Loss: 0.4408, Train Acc: 0.8601
2026-07-16 13:15:43,384 - INFO - Val Loss: 0.3432, Val Acc: 0.8868, Val F1: 0.8605, Val AUC: 0.9695
2026-07-16 13:15:43,384 - INFO - 
Epoch 35/50
2026-07-16 13:15:44,477 - INFO - Train Loss: 0.4421, Train Acc: 0.8397
2026-07-16 13:15:44,478 - INFO - Val Loss: 0.3185, Val Acc: 0.9292, Val F1: 0.9080, Val AUC: 0.9729
2026-07-16 13:15:44,526 - INFO -   -> New best model saved (F1=0.9080)
2026-07-16 13:15:44,526 - INFO - 
Epoch 36/50
2026-07-16 13:15:45,570 - INFO - Train Loss: 0.4562, Train Acc: 0.8076
2026-07-16 13:15:45,570 - INFO - Val Loss: 0.3586, Val Acc: 0.8491, Val F1: 0.8298, Val AUC: 0.9714
2026-07-16 13:15:45,570 - INFO - 
Epoch 37/50
2026-07-16 13:15:46,674 - INFO - Train Loss: 0.4246, Train Acc: 0.8338
2026-07-16 13:15:46,674 - INFO - Val Loss: 0.3423, Val Acc: 0.8538, Val F1: 0.8342, Val AUC: 0.9725
2026-07-16 13:15:46,674 - INFO - 
Epoch 38/50
2026-07-16 13:15:47,770 - INFO - Train Loss: 0.4198, Train Acc: 0.8455
2026-07-16 13:15:47,770 - INFO - Val Loss: 0.3007, Val Acc: 0.9151, Val F1: 0.8816, Val AUC: 0.9735
2026-07-16 13:15:47,770 - INFO - 
Epoch 39/50
2026-07-16 13:15:48,853 - INFO - Train Loss: 0.4137, Train Acc: 0.8513
2026-07-16 13:15:48,853 - INFO - Val Loss: 0.2971, Val Acc: 0.8962, Val F1: 0.8659, Val AUC: 0.9728
2026-07-16 13:15:48,854 - INFO - 
Epoch 40/50
2026-07-16 13:15:49,986 - INFO - Train Loss: 0.4092, Train Acc: 0.8397
2026-07-16 13:15:49,986 - INFO - Val Loss: 0.3150, Val Acc: 0.8774, Val F1: 0.8556, Val AUC: 0.9748
2026-07-16 13:15:49,987 - INFO - 
Epoch 41/50
2026-07-16 13:15:51,048 - INFO - Train Loss: 0.3799, Train Acc: 0.8601
2026-07-16 13:15:51,048 - INFO - Val Loss: 0.2956, Val Acc: 0.9292, Val F1: 0.9068, Val AUC: 0.9747
2026-07-16 13:15:51,048 - INFO - 
Epoch 42/50
2026-07-16 13:15:52,176 - INFO - Train Loss: 0.4029, Train Acc: 0.8484
2026-07-16 13:15:52,176 - INFO - Val Loss: 0.2893, Val Acc: 0.9340, Val F1: 0.9114, Val AUC: 0.9742
2026-07-16 13:15:52,214 - INFO -   -> New best model saved (F1=0.9114)
2026-07-16 13:15:52,214 - INFO - 
Epoch 43/50
2026-07-16 13:15:53,344 - INFO - Train Loss: 0.4188, Train Acc: 0.8426
2026-07-16 13:15:53,344 - INFO - Val Loss: 0.2803, Val Acc: 0.9340, Val F1: 0.9125, Val AUC: 0.9752
2026-07-16 13:15:53,389 - INFO -   -> New best model saved (F1=0.9125)
2026-07-16 13:15:53,389 - INFO - 
Epoch 44/50
2026-07-16 13:15:54,496 - INFO - Train Loss: 0.4145, Train Acc: 0.8309
2026-07-16 13:15:54,496 - INFO - Val Loss: 0.2906, Val Acc: 0.9245, Val F1: 0.9036, Val AUC: 0.9756
2026-07-16 13:15:54,496 - INFO - 
Epoch 45/50
2026-07-16 13:15:55,599 - INFO - Train Loss: 0.4065, Train Acc: 0.8542
2026-07-16 13:15:55,599 - INFO - Val Loss: 0.2792, Val Acc: 0.9009, Val F1: 0.8531, Val AUC: 0.9766
2026-07-16 13:15:55,599 - INFO - 
Epoch 46/50
2026-07-16 13:15:56,676 - INFO - Train Loss: 0.3690, Train Acc: 0.8601
2026-07-16 13:15:56,676 - INFO - Val Loss: 0.2639, Val Acc: 0.9198, Val F1: 0.8874, Val AUC: 0.9791
2026-07-16 13:15:56,676 - INFO - 
Epoch 47/50
2026-07-16 13:15:57,785 - INFO - Train Loss: 0.3849, Train Acc: 0.8630
2026-07-16 13:15:57,785 - INFO - Val Loss: 0.3191, Val Acc: 0.8538, Val F1: 0.8342, Val AUC: 0.9780
2026-07-16 13:15:57,785 - INFO - 
Epoch 48/50
2026-07-16 13:15:58,860 - INFO - Train Loss: 0.4065, Train Acc: 0.8571
2026-07-16 13:15:58,860 - INFO - Val Loss: 0.3299, Val Acc: 0.8491, Val F1: 0.8316, Val AUC: 0.9784
2026-07-16 13:15:58,860 - INFO - 
Epoch 49/50
2026-07-16 13:15:59,957 - INFO - Train Loss: 0.3654, Train Acc: 0.8630
2026-07-16 13:15:59,957 - INFO - Val Loss: 0.3097, Val Acc: 0.8585, Val F1: 0.8387, Val AUC: 0.9789
2026-07-16 13:15:59,958 - INFO - 
Epoch 50/50
2026-07-16 13:16:01,048 - INFO - Train Loss: 0.3585, Train Acc: 0.8746
2026-07-16 13:16:01,048 - INFO - Val Loss: 0.2776, Val Acc: 0.8868, Val F1: 0.8667, Val AUC: 0.9798
2026-07-16 13:16:01,357 - INFO - 
Run 2 Test Results:
2026-07-16 13:16:01,357 - INFO -   Accuracy: 0.8857, F1: 0.8652, AUC: 0.9804
2026-07-16 13:16:01,357 - INFO - 
============================================================
Starting run 3/5
============================================================
2026-07-16 13:16:01,358 - INFO - 
Run 3: Device = mps
2026-07-16 13:16:01,581 - INFO - Train class distribution: 0=203.0, 1=140.0 (ratio 1:0.69)
2026-07-16 13:16:01,582 - INFO - Using class weighting: pos_weight = 1.45
2026-07-16 13:16:01,582 - INFO - 
Epoch 1/50
2026-07-16 13:16:02,403 - INFO - Train Loss: 0.8476, Train Acc: 0.5539
2026-07-16 13:16:02,404 - INFO - Val Loss: 0.8346, Val Acc: 0.3821, Val F1: 0.5529, Val AUC: 0.6917
2026-07-16 13:16:02,462 - INFO -   -> New best model saved (F1=0.5529)
2026-07-16 13:16:02,463 - INFO - 
Epoch 2/50
2026-07-16 13:16:03,542 - INFO - Train Loss: 0.7918, Train Acc: 0.6006
2026-07-16 13:16:03,543 - INFO - Val Loss: 0.9009, Val Acc: 0.3821, Val F1: 0.5529, Val AUC: 0.7296
2026-07-16 13:16:03,543 - INFO - 
Epoch 3/50
2026-07-16 13:16:04,665 - INFO - Train Loss: 0.8022, Train Acc: 0.6064
2026-07-16 13:16:04,666 - INFO - Val Loss: 0.8013, Val Acc: 0.3821, Val F1: 0.5529, Val AUC: 0.7407
2026-07-16 13:16:04,666 - INFO - 
Epoch 4/50
2026-07-16 13:16:05,726 - INFO - Train Loss: 0.7822, Train Acc: 0.6356
2026-07-16 13:16:05,727 - INFO - Val Loss: 0.7062, Val Acc: 0.7311, Val F1: 0.6545, Val AUC: 0.7656
2026-07-16 13:16:05,779 - INFO -   -> New best model saved (F1=0.6545)
2026-07-16 13:16:05,780 - INFO - 
Epoch 5/50
2026-07-16 13:16:06,869 - INFO - Train Loss: 0.7194, Train Acc: 0.6968
2026-07-16 13:16:06,869 - INFO - Val Loss: 0.6602, Val Acc: 0.7736, Val F1: 0.6667, Val AUC: 0.7908
2026-07-16 13:16:06,922 - INFO -   -> New best model saved (F1=0.6667)
2026-07-16 13:16:06,922 - INFO - 
Epoch 6/50
2026-07-16 13:16:07,965 - INFO - Train Loss: 0.7154, Train Acc: 0.6735
2026-07-16 13:16:07,965 - INFO - Val Loss: 0.6312, Val Acc: 0.7783, Val F1: 0.6759, Val AUC: 0.8026
2026-07-16 13:16:08,015 - INFO -   -> New best model saved (F1=0.6759)
2026-07-16 13:16:08,015 - INFO - 
Epoch 7/50
2026-07-16 13:16:09,081 - INFO - Train Loss: 0.7003, Train Acc: 0.7055
2026-07-16 13:16:09,081 - INFO - Val Loss: 0.6136, Val Acc: 0.7783, Val F1: 0.6759, Val AUC: 0.8106
2026-07-16 13:16:09,081 - INFO - 
Epoch 8/50
2026-07-16 13:16:10,173 - INFO - Train Loss: 0.6948, Train Acc: 0.6997
2026-07-16 13:16:10,173 - INFO - Val Loss: 0.6042, Val Acc: 0.7406, Val F1: 0.6497, Val AUC: 0.8139
2026-07-16 13:16:10,173 - INFO - 
Epoch 9/50
2026-07-16 13:16:11,251 - INFO - Train Loss: 0.6929, Train Acc: 0.6997
2026-07-16 13:16:11,251 - INFO - Val Loss: 0.5810, Val Acc: 0.8019, Val F1: 0.7042, Val AUC: 0.8366
2026-07-16 13:16:11,298 - INFO -   -> New best model saved (F1=0.7042)
2026-07-16 13:16:11,298 - INFO - 
Epoch 10/50
2026-07-16 13:16:12,394 - INFO - Train Loss: 0.7137, Train Acc: 0.7026
2026-07-16 13:16:12,395 - INFO - Val Loss: 0.6070, Val Acc: 0.7877, Val F1: 0.6457, Val AUC: 0.8560
2026-07-16 13:16:12,395 - INFO - 
Epoch 11/50
2026-07-16 13:16:13,466 - INFO - Train Loss: 0.6439, Train Acc: 0.7609
2026-07-16 13:16:13,466 - INFO - Val Loss: 0.5605, Val Acc: 0.8208, Val F1: 0.7246, Val AUC: 0.8660
2026-07-16 13:16:13,527 - INFO -   -> New best model saved (F1=0.7246)
2026-07-16 13:16:13,528 - INFO - 
Epoch 12/50
2026-07-16 13:16:14,650 - INFO - Train Loss: 0.6393, Train Acc: 0.7464
2026-07-16 13:16:14,650 - INFO - Val Loss: 0.5405, Val Acc: 0.8208, Val F1: 0.7246, Val AUC: 0.8704
2026-07-16 13:16:14,650 - INFO - 
Epoch 13/50
2026-07-16 13:16:16,011 - INFO - Train Loss: 0.6185, Train Acc: 0.7318
2026-07-16 13:16:16,011 - INFO - Val Loss: 0.5276, Val Acc: 0.8302, Val F1: 0.7353, Val AUC: 0.8809
2026-07-16 13:16:16,070 - INFO -   -> New best model saved (F1=0.7353)
2026-07-16 13:16:16,071 - INFO - 
Epoch 14/50
2026-07-16 13:16:17,089 - INFO - Train Loss: 0.6554, Train Acc: 0.7172
2026-07-16 13:16:17,089 - INFO - Val Loss: 0.5111, Val Acc: 0.8302, Val F1: 0.7391, Val AUC: 0.8915
2026-07-16 13:16:17,144 - INFO -   -> New best model saved (F1=0.7391)
2026-07-16 13:16:17,144 - INFO - 
Epoch 15/50
2026-07-16 13:16:18,203 - INFO - Train Loss: 0.6035, Train Acc: 0.7376
2026-07-16 13:16:18,203 - INFO - Val Loss: 0.5013, Val Acc: 0.8066, Val F1: 0.7355, Val AUC: 0.8885
2026-07-16 13:16:18,203 - INFO - 
Epoch 16/50
2026-07-16 13:16:19,426 - INFO - Train Loss: 0.5860, Train Acc: 0.7522
2026-07-16 13:16:19,427 - INFO - Val Loss: 0.4890, Val Acc: 0.7972, Val F1: 0.7296, Val AUC: 0.8889
2026-07-16 13:16:19,427 - INFO - 
Epoch 17/50
2026-07-16 13:16:21,331 - INFO - Train Loss: 0.6045, Train Acc: 0.7522
2026-07-16 13:16:21,332 - INFO - Val Loss: 0.4971, Val Acc: 0.8491, Val F1: 0.7538, Val AUC: 0.9105
2026-07-16 13:16:21,393 - INFO -   -> New best model saved (F1=0.7538)
2026-07-16 13:16:21,393 - INFO - 
Epoch 18/50
2026-07-16 13:16:22,316 - INFO - Train Loss: 0.5720, Train Acc: 0.7784
2026-07-16 13:16:22,316 - INFO - Val Loss: 0.4545, Val Acc: 0.8349, Val F1: 0.7518, Val AUC: 0.9162
2026-07-16 13:16:22,316 - INFO - 
Epoch 19/50
2026-07-16 13:16:23,447 - INFO - Train Loss: 0.5693, Train Acc: 0.7697
2026-07-16 13:16:23,447 - INFO - Val Loss: 0.4686, Val Acc: 0.8113, Val F1: 0.7674, Val AUC: 0.9163
2026-07-16 13:16:23,498 - INFO -   -> New best model saved (F1=0.7674)
2026-07-16 13:16:23,498 - INFO - 
Epoch 20/50
2026-07-16 13:16:24,569 - INFO - Train Loss: 0.5582, Train Acc: 0.7872
2026-07-16 13:16:24,570 - INFO - Val Loss: 0.4317, Val Acc: 0.8538, Val F1: 0.7801, Val AUC: 0.9322
2026-07-16 13:16:24,620 - INFO -   -> New best model saved (F1=0.7801)
2026-07-16 13:16:24,620 - INFO - 
Epoch 21/50
2026-07-16 13:16:25,692 - INFO - Train Loss: 0.5240, Train Acc: 0.8163
2026-07-16 13:16:25,692 - INFO - Val Loss: 0.4475, Val Acc: 0.8491, Val F1: 0.8161, Val AUC: 0.9347
2026-07-16 13:16:25,742 - INFO -   -> New best model saved (F1=0.8161)
2026-07-16 13:16:25,742 - INFO - 
Epoch 22/50
2026-07-16 13:16:26,789 - INFO - Train Loss: 0.5082, Train Acc: 0.8047
2026-07-16 13:16:26,789 - INFO - Val Loss: 0.4089, Val Acc: 0.8726, Val F1: 0.8163, Val AUC: 0.9423
2026-07-16 13:16:26,838 - INFO -   -> New best model saved (F1=0.8163)
2026-07-16 13:16:26,838 - INFO - 
Epoch 23/50
2026-07-16 13:16:27,925 - INFO - Train Loss: 0.5048, Train Acc: 0.7988
2026-07-16 13:16:27,925 - INFO - Val Loss: 0.3984, Val Acc: 0.9009, Val F1: 0.8645, Val AUC: 0.9469
2026-07-16 13:16:27,978 - INFO -   -> New best model saved (F1=0.8645)
2026-07-16 13:16:27,978 - INFO - 
Epoch 24/50
2026-07-16 13:16:29,004 - INFO - Train Loss: 0.5263, Train Acc: 0.8047
2026-07-16 13:16:29,004 - INFO - Val Loss: 0.3832, Val Acc: 0.9009, Val F1: 0.8627, Val AUC: 0.9520
2026-07-16 13:16:29,004 - INFO - 
Epoch 25/50
2026-07-16 13:16:30,092 - INFO - Train Loss: 0.4863, Train Acc: 0.8192
2026-07-16 13:16:30,093 - INFO - Val Loss: 0.4061, Val Acc: 0.8679, Val F1: 0.8391, Val AUC: 0.9526
2026-07-16 13:16:30,093 - INFO - 
Epoch 26/50
2026-07-16 13:16:31,185 - INFO - Train Loss: 0.4727, Train Acc: 0.8309
2026-07-16 13:16:31,185 - INFO - Val Loss: 0.4010, Val Acc: 0.8632, Val F1: 0.8343, Val AUC: 0.9497
2026-07-16 13:16:31,185 - INFO - 
Epoch 27/50
2026-07-16 13:16:32,301 - INFO - Train Loss: 0.5275, Train Acc: 0.7930
2026-07-16 13:16:32,302 - INFO - Val Loss: 0.3800, Val Acc: 0.8962, Val F1: 0.8659, Val AUC: 0.9506
2026-07-16 13:16:32,352 - INFO -   -> New best model saved (F1=0.8659)
2026-07-16 13:16:32,352 - INFO - 
Epoch 28/50
2026-07-16 13:16:33,504 - INFO - Train Loss: 0.4669, Train Acc: 0.8280
2026-07-16 13:16:33,504 - INFO - Val Loss: 0.3875, Val Acc: 0.8585, Val F1: 0.8256, Val AUC: 0.9530
2026-07-16 13:16:33,504 - INFO - 
Epoch 29/50
2026-07-16 13:16:34,733 - INFO - Train Loss: 0.4833, Train Acc: 0.8163
2026-07-16 13:16:34,733 - INFO - Val Loss: 0.3456, Val Acc: 0.9198, Val F1: 0.8917, Val AUC: 0.9600
2026-07-16 13:16:34,794 - INFO -   -> New best model saved (F1=0.8917)
2026-07-16 13:16:34,794 - INFO - 
Epoch 30/50
2026-07-16 13:16:35,839 - INFO - Train Loss: 0.4919, Train Acc: 0.7843
2026-07-16 13:16:35,839 - INFO - Val Loss: 0.3409, Val Acc: 0.9104, Val F1: 0.8805, Val AUC: 0.9586
2026-07-16 13:16:35,839 - INFO - 
Epoch 31/50
2026-07-16 13:16:36,962 - INFO - Train Loss: 0.4591, Train Acc: 0.8222
2026-07-16 13:16:36,962 - INFO - Val Loss: 0.3374, Val Acc: 0.9292, Val F1: 0.9045, Val AUC: 0.9639
2026-07-16 13:16:37,020 - INFO -   -> New best model saved (F1=0.9045)
2026-07-16 13:16:37,020 - INFO - 
Epoch 32/50
2026-07-16 13:16:38,059 - INFO - Train Loss: 0.4650, Train Acc: 0.8338
2026-07-16 13:16:38,059 - INFO - Val Loss: 0.3692, Val Acc: 0.8208, Val F1: 0.8041, Val AUC: 0.9648
2026-07-16 13:16:38,059 - INFO - 
Epoch 33/50
2026-07-16 13:16:39,159 - INFO - Train Loss: 0.4269, Train Acc: 0.8542
2026-07-16 13:16:39,159 - INFO - Val Loss: 0.4424, Val Acc: 0.7736, Val F1: 0.7670, Val AUC: 0.9627
2026-07-16 13:16:39,159 - INFO - 
Epoch 34/50
2026-07-16 13:16:40,254 - INFO - Train Loss: 0.4506, Train Acc: 0.8367
2026-07-16 13:16:40,254 - INFO - Val Loss: 0.3081, Val Acc: 0.9245, Val F1: 0.8987, Val AUC: 0.9653
2026-07-16 13:16:40,254 - INFO - 
Epoch 35/50
2026-07-16 13:16:41,334 - INFO - Train Loss: 0.4402, Train Acc: 0.8192
2026-07-16 13:16:41,334 - INFO - Val Loss: 0.3050, Val Acc: 0.9009, Val F1: 0.8591, Val AUC: 0.9687
2026-07-16 13:16:41,334 - INFO - 
Epoch 36/50
2026-07-16 13:16:42,459 - INFO - Train Loss: 0.4613, Train Acc: 0.8397
2026-07-16 13:16:42,459 - INFO - Val Loss: 0.3311, Val Acc: 0.8538, Val F1: 0.8342, Val AUC: 0.9720
2026-07-16 13:16:42,459 - INFO - 
Epoch 37/50
2026-07-16 13:16:43,547 - INFO - Train Loss: 0.4253, Train Acc: 0.8397
2026-07-16 13:16:43,547 - INFO - Val Loss: 0.3416, Val Acc: 0.8443, Val F1: 0.8272, Val AUC: 0.9764
2026-07-16 13:16:43,547 - INFO - 
Epoch 38/50
2026-07-16 13:16:44,644 - INFO - Train Loss: 0.4346, Train Acc: 0.8338
2026-07-16 13:16:44,645 - INFO - Val Loss: 0.3030, Val Acc: 0.9198, Val F1: 0.8944, Val AUC: 0.9761
2026-07-16 13:16:44,645 - INFO - 
Epoch 39/50
2026-07-16 13:16:45,712 - INFO - Train Loss: 0.4257, Train Acc: 0.8484
2026-07-16 13:16:45,712 - INFO - Val Loss: 0.3222, Val Acc: 0.8915, Val F1: 0.8369, Val AUC: 0.9781
2026-07-16 13:16:45,712 - INFO - 
Epoch 40/50
2026-07-16 13:16:46,822 - INFO - Train Loss: 0.3670, Train Acc: 0.8746
2026-07-16 13:16:46,822 - INFO - Val Loss: 0.3091, Val Acc: 0.8915, Val F1: 0.8369, Val AUC: 0.9785
2026-07-16 13:16:46,822 - INFO - 
Epoch 41/50
2026-07-16 13:16:47,920 - INFO - Train Loss: 0.3696, Train Acc: 0.8659
2026-07-16 13:16:47,921 - INFO - Val Loss: 0.2660, Val Acc: 0.9292, Val F1: 0.9032, Val AUC: 0.9789
2026-07-16 13:16:47,921 - INFO - 
Epoch 42/50
2026-07-16 13:16:49,052 - INFO - Train Loss: 0.3977, Train Acc: 0.8659
2026-07-16 13:16:49,052 - INFO - Val Loss: 0.2623, Val Acc: 0.9340, Val F1: 0.9125, Val AUC: 0.9808
2026-07-16 13:16:49,109 - INFO -   -> New best model saved (F1=0.9125)
2026-07-16 13:16:49,109 - INFO - 
Epoch 43/50
2026-07-16 13:16:50,175 - INFO - Train Loss: 0.3911, Train Acc: 0.8717
2026-07-16 13:16:50,176 - INFO - Val Loss: 0.2627, Val Acc: 0.9245, Val F1: 0.8974, Val AUC: 0.9820
2026-07-16 13:16:50,176 - INFO - 
Epoch 44/50
2026-07-16 13:16:51,255 - INFO - Train Loss: 0.4507, Train Acc: 0.8309
2026-07-16 13:16:51,255 - INFO - Val Loss: 0.2564, Val Acc: 0.9198, Val F1: 0.8903, Val AUC: 0.9835
2026-07-16 13:16:51,255 - INFO - 
Epoch 45/50
2026-07-16 13:16:52,385 - INFO - Train Loss: 0.3917, Train Acc: 0.8542
2026-07-16 13:16:52,386 - INFO - Val Loss: 0.2453, Val Acc: 0.9292, Val F1: 0.9020, Val AUC: 0.9835
2026-07-16 13:16:52,386 - INFO - 
Epoch 46/50
2026-07-16 13:16:53,479 - INFO - Train Loss: 0.4012, Train Acc: 0.8659
2026-07-16 13:16:53,479 - INFO - Val Loss: 0.3301, Val Acc: 0.8821, Val F1: 0.8201, Val AUC: 0.9827
2026-07-16 13:16:53,479 - INFO - 
Epoch 47/50
2026-07-16 13:16:54,570 - INFO - Train Loss: 0.4043, Train Acc: 0.8280
2026-07-16 13:16:54,570 - INFO - Val Loss: 0.3511, Val Acc: 0.8066, Val F1: 0.7960, Val AUC: 0.9828
2026-07-16 13:16:54,570 - INFO - 
Epoch 48/50
2026-07-16 13:16:55,755 - INFO - Train Loss: 0.3894, Train Acc: 0.8542
2026-07-16 13:16:55,755 - INFO - Val Loss: 0.4300, Val Acc: 0.7594, Val F1: 0.7606, Val AUC: 0.9828
2026-07-16 13:16:55,755 - INFO - 
Epoch 49/50
2026-07-16 13:16:56,846 - INFO - Train Loss: 0.3448, Train Acc: 0.8980
2026-07-16 13:16:56,847 - INFO - Val Loss: 0.2876, Val Acc: 0.8868, Val F1: 0.8667, Val AUC: 0.9841
2026-07-16 13:16:56,847 - INFO - 
Epoch 50/50
2026-07-16 13:16:57,970 - INFO - Train Loss: 0.3881, Train Acc: 0.8513
2026-07-16 13:16:57,970 - INFO - Val Loss: 0.2336, Val Acc: 0.9340, Val F1: 0.9091, Val AUC: 0.9852
2026-07-16 13:16:58,277 - INFO - 
Run 3 Test Results:
2026-07-16 13:16:58,277 - INFO -   Accuracy: 0.9429, F1: 0.9189, AUC: 0.9864
2026-07-16 13:16:58,277 - INFO - 
============================================================
Starting run 4/5
============================================================
2026-07-16 13:16:58,278 - INFO - 
Run 4: Device = mps
2026-07-16 13:16:58,504 - INFO - Train class distribution: 0=203.0, 1=140.0 (ratio 1:0.69)
2026-07-16 13:16:58,505 - INFO - Using class weighting: pos_weight = 1.45
2026-07-16 13:16:58,506 - INFO - 
Epoch 1/50
2026-07-16 13:16:59,353 - INFO - Train Loss: 0.8954, Train Acc: 0.5277
2026-07-16 13:16:59,353 - INFO - Val Loss: 0.8110, Val Acc: 0.6179, Val F1: 0.0000, Val AUC: 0.7241
2026-07-16 13:16:59,353 - INFO - 
Epoch 2/50
2026-07-16 13:17:00,462 - INFO - Train Loss: 0.7985, Train Acc: 0.6356
2026-07-16 13:17:00,462 - INFO - Val Loss: 0.7917, Val Acc: 0.6415, Val F1: 0.1364, Val AUC: 0.7583
2026-07-16 13:17:00,511 - INFO -   -> New best model saved (F1=0.1364)
2026-07-16 13:17:00,511 - INFO - 
Epoch 3/50
2026-07-16 13:17:01,607 - INFO - Train Loss: 0.7651, Train Acc: 0.6560
2026-07-16 13:17:01,607 - INFO - Val Loss: 0.7500, Val Acc: 0.7783, Val F1: 0.6667, Val AUC: 0.7851
2026-07-16 13:17:01,657 - INFO -   -> New best model saved (F1=0.6667)
2026-07-16 13:17:01,657 - INFO - 
Epoch 4/50
2026-07-16 13:17:02,729 - INFO - Train Loss: 0.7549, Train Acc: 0.6239
2026-07-16 13:17:02,730 - INFO - Val Loss: 0.6987, Val Acc: 0.7689, Val F1: 0.6621, Val AUC: 0.7886
2026-07-16 13:17:02,730 - INFO - 
Epoch 5/50
2026-07-16 13:17:03,806 - INFO - Train Loss: 0.7307, Train Acc: 0.6531
2026-07-16 13:17:03,806 - INFO - Val Loss: 0.6622, Val Acc: 0.7689, Val F1: 0.6525, Val AUC: 0.8015
2026-07-16 13:17:03,806 - INFO - 
Epoch 6/50
2026-07-16 13:17:04,915 - INFO - Train Loss: 0.7446, Train Acc: 0.6560
2026-07-16 13:17:04,915 - INFO - Val Loss: 0.6402, Val Acc: 0.7736, Val F1: 0.6620, Val AUC: 0.8099
2026-07-16 13:17:04,915 - INFO - 
Epoch 7/50
2026-07-16 13:17:06,005 - INFO - Train Loss: 0.7116, Train Acc: 0.7114
2026-07-16 13:17:06,005 - INFO - Val Loss: 0.6282, Val Acc: 0.7689, Val F1: 0.6316, Val AUC: 0.8290
2026-07-16 13:17:06,005 - INFO - 
Epoch 8/50
2026-07-16 13:17:07,026 - INFO - Train Loss: 0.7180, Train Acc: 0.6618
2026-07-16 13:17:07,027 - INFO - Val Loss: 0.6034, Val Acc: 0.7877, Val F1: 0.6853, Val AUC: 0.8275
2026-07-16 13:17:07,074 - INFO -   -> New best model saved (F1=0.6853)
2026-07-16 13:17:07,075 - INFO - 
Epoch 9/50
2026-07-16 13:17:08,080 - INFO - Train Loss: 0.7011, Train Acc: 0.7055
2026-07-16 13:17:08,081 - INFO - Val Loss: 0.6075, Val Acc: 0.7736, Val F1: 0.6471, Val AUC: 0.8363
2026-07-16 13:17:08,081 - INFO - 
Epoch 10/50
2026-07-16 13:17:09,075 - INFO - Train Loss: 0.6983, Train Acc: 0.6764
2026-07-16 13:17:09,075 - INFO - Val Loss: 0.6165, Val Acc: 0.7736, Val F1: 0.6066, Val AUC: 0.8519
2026-07-16 13:17:09,075 - INFO - 
Epoch 11/50
2026-07-16 13:17:10,079 - INFO - Train Loss: 0.6824, Train Acc: 0.7114
2026-07-16 13:17:10,079 - INFO - Val Loss: 0.5565, Val Acc: 0.7972, Val F1: 0.7075, Val AUC: 0.8608
2026-07-16 13:17:10,125 - INFO -   -> New best model saved (F1=0.7075)
2026-07-16 13:17:10,125 - INFO - 
Epoch 12/50
2026-07-16 13:17:11,109 - INFO - Train Loss: 0.6297, Train Acc: 0.7522
2026-07-16 13:17:11,109 - INFO - Val Loss: 0.5406, Val Acc: 0.8066, Val F1: 0.7172, Val AUC: 0.8733
2026-07-16 13:17:11,159 - INFO -   -> New best model saved (F1=0.7172)
2026-07-16 13:17:11,159 - INFO - 
Epoch 13/50
2026-07-16 13:17:12,144 - INFO - Train Loss: 0.6373, Train Acc: 0.7259
2026-07-16 13:17:12,144 - INFO - Val Loss: 0.5284, Val Acc: 0.8066, Val F1: 0.7172, Val AUC: 0.8781
2026-07-16 13:17:12,144 - INFO - 
Epoch 14/50
2026-07-16 13:17:13,140 - INFO - Train Loss: 0.6587, Train Acc: 0.7201
2026-07-16 13:17:13,140 - INFO - Val Loss: 0.5213, Val Acc: 0.8160, Val F1: 0.7273, Val AUC: 0.8769
2026-07-16 13:17:13,190 - INFO -   -> New best model saved (F1=0.7273)
2026-07-16 13:17:13,190 - INFO - 
Epoch 15/50
2026-07-16 13:17:14,179 - INFO - Train Loss: 0.6185, Train Acc: 0.7522
2026-07-16 13:17:14,179 - INFO - Val Loss: 0.5199, Val Acc: 0.8302, Val F1: 0.7313, Val AUC: 0.8855
2026-07-16 13:17:14,225 - INFO -   -> New best model saved (F1=0.7313)
2026-07-16 13:17:14,226 - INFO - 
Epoch 16/50
2026-07-16 13:17:15,268 - INFO - Train Loss: 0.6257, Train Acc: 0.7201
2026-07-16 13:17:15,268 - INFO - Val Loss: 0.4957, Val Acc: 0.8160, Val F1: 0.7153, Val AUC: 0.8950
2026-07-16 13:17:15,268 - INFO - 
Epoch 17/50
2026-07-16 13:17:16,280 - INFO - Train Loss: 0.5997, Train Acc: 0.7609
2026-07-16 13:17:16,280 - INFO - Val Loss: 0.4793, Val Acc: 0.8396, Val F1: 0.7763, Val AUC: 0.9101
2026-07-16 13:17:16,329 - INFO -   -> New best model saved (F1=0.7763)
2026-07-16 13:17:16,329 - INFO - 
Epoch 18/50
2026-07-16 13:17:17,317 - INFO - Train Loss: 0.5769, Train Acc: 0.7668
2026-07-16 13:17:17,317 - INFO - Val Loss: 0.4782, Val Acc: 0.8538, Val F1: 0.7862, Val AUC: 0.9173
2026-07-16 13:17:17,365 - INFO -   -> New best model saved (F1=0.7862)
2026-07-16 13:17:17,365 - INFO - 
Epoch 19/50
2026-07-16 13:17:18,362 - INFO - Train Loss: 0.5926, Train Acc: 0.7493
2026-07-16 13:17:18,362 - INFO - Val Loss: 0.4619, Val Acc: 0.8396, Val F1: 0.7703, Val AUC: 0.9173
2026-07-16 13:17:18,362 - INFO - 
Epoch 20/50
2026-07-16 13:17:19,361 - INFO - Train Loss: 0.5715, Train Acc: 0.7464
2026-07-16 13:17:19,361 - INFO - Val Loss: 0.5042, Val Acc: 0.8349, Val F1: 0.7287, Val AUC: 0.9251
2026-07-16 13:17:19,361 - INFO - 
Epoch 21/50
2026-07-16 13:17:20,362 - INFO - Train Loss: 0.5890, Train Acc: 0.7434
2026-07-16 13:17:20,363 - INFO - Val Loss: 0.4882, Val Acc: 0.8396, Val F1: 0.7385, Val AUC: 0.9327
2026-07-16 13:17:20,363 - INFO - 
Epoch 22/50
2026-07-16 13:17:21,383 - INFO - Train Loss: 0.5603, Train Acc: 0.7609
2026-07-16 13:17:21,383 - INFO - Val Loss: 0.4224, Val Acc: 0.8538, Val F1: 0.7891, Val AUC: 0.9343
2026-07-16 13:17:21,428 - INFO -   -> New best model saved (F1=0.7891)
2026-07-16 13:17:21,428 - INFO - 
Epoch 23/50
2026-07-16 13:17:22,429 - INFO - Train Loss: 0.5126, Train Acc: 0.7959
2026-07-16 13:17:22,429 - INFO - Val Loss: 0.4129, Val Acc: 0.8679, Val F1: 0.8028, Val AUC: 0.9366
2026-07-16 13:17:22,471 - INFO -   -> New best model saved (F1=0.8028)
2026-07-16 13:17:22,471 - INFO - 
Epoch 24/50
2026-07-16 13:17:23,463 - INFO - Train Loss: 0.5266, Train Acc: 0.7930
2026-07-16 13:17:23,463 - INFO - Val Loss: 0.4111, Val Acc: 0.8538, Val F1: 0.7947, Val AUC: 0.9345
2026-07-16 13:17:23,463 - INFO - 
Epoch 25/50
2026-07-16 13:17:24,477 - INFO - Train Loss: 0.5169, Train Acc: 0.7843
2026-07-16 13:17:24,477 - INFO - Val Loss: 0.4012, Val Acc: 0.8679, Val F1: 0.8082, Val AUC: 0.9377
2026-07-16 13:17:24,520 - INFO -   -> New best model saved (F1=0.8082)
2026-07-16 13:17:24,520 - INFO - 
Epoch 26/50
2026-07-16 13:17:25,512 - INFO - Train Loss: 0.5161, Train Acc: 0.7959
2026-07-16 13:17:25,512 - INFO - Val Loss: 0.3944, Val Acc: 0.8679, Val F1: 0.8000, Val AUC: 0.9450
2026-07-16 13:17:25,512 - INFO - 
Epoch 27/50
2026-07-16 13:17:26,545 - INFO - Train Loss: 0.5155, Train Acc: 0.7872
2026-07-16 13:17:26,545 - INFO - Val Loss: 0.3822, Val Acc: 0.8679, Val F1: 0.8108, Val AUC: 0.9431
2026-07-16 13:17:26,594 - INFO -   -> New best model saved (F1=0.8108)
2026-07-16 13:17:26,594 - INFO - 
Epoch 28/50
2026-07-16 13:17:27,570 - INFO - Train Loss: 0.5137, Train Acc: 0.8047
2026-07-16 13:17:27,570 - INFO - Val Loss: 0.3764, Val Acc: 0.8774, Val F1: 0.8169, Val AUC: 0.9446
2026-07-16 13:17:27,613 - INFO -   -> New best model saved (F1=0.8169)
2026-07-16 13:17:27,613 - INFO - 
Epoch 29/50
2026-07-16 13:17:28,615 - INFO - Train Loss: 0.4648, Train Acc: 0.8367
2026-07-16 13:17:28,615 - INFO - Val Loss: 0.3830, Val Acc: 0.8679, Val F1: 0.7941, Val AUC: 0.9541
2026-07-16 13:17:28,615 - INFO - 
Epoch 30/50
2026-07-16 13:17:29,628 - INFO - Train Loss: 0.5018, Train Acc: 0.8134
2026-07-16 13:17:29,628 - INFO - Val Loss: 0.3629, Val Acc: 0.8821, Val F1: 0.8366, Val AUC: 0.9554
2026-07-16 13:17:29,668 - INFO -   -> New best model saved (F1=0.8366)
2026-07-16 13:17:29,668 - INFO - 
Epoch 31/50
2026-07-16 13:17:30,674 - INFO - Train Loss: 0.4741, Train Acc: 0.8251
2026-07-16 13:17:30,674 - INFO - Val Loss: 0.3519, Val Acc: 0.8868, Val F1: 0.8400, Val AUC: 0.9590
2026-07-16 13:17:30,720 - INFO -   -> New best model saved (F1=0.8400)
2026-07-16 13:17:30,720 - INFO - 
Epoch 32/50
2026-07-16 13:17:31,712 - INFO - Train Loss: 0.4836, Train Acc: 0.7959
2026-07-16 13:17:31,712 - INFO - Val Loss: 0.3429, Val Acc: 0.8915, Val F1: 0.8477, Val AUC: 0.9644
2026-07-16 13:17:31,754 - INFO -   -> New best model saved (F1=0.8477)
2026-07-16 13:17:31,755 - INFO - 
Epoch 33/50
2026-07-16 13:17:32,801 - INFO - Train Loss: 0.4422, Train Acc: 0.8513
2026-07-16 13:17:32,801 - INFO - Val Loss: 0.3416, Val Acc: 0.9009, Val F1: 0.8662, Val AUC: 0.9608
2026-07-16 13:17:32,854 - INFO -   -> New best model saved (F1=0.8662)
2026-07-16 13:17:32,855 - INFO - 
Epoch 34/50
2026-07-16 13:17:33,834 - INFO - Train Loss: 0.4481, Train Acc: 0.8338
2026-07-16 13:17:33,834 - INFO - Val Loss: 0.3301, Val Acc: 0.8821, Val F1: 0.8299, Val AUC: 0.9655
2026-07-16 13:17:33,834 - INFO - 
Epoch 35/50
2026-07-16 13:17:34,843 - INFO - Train Loss: 0.4424, Train Acc: 0.8076
2026-07-16 13:17:34,844 - INFO - Val Loss: 0.3158, Val Acc: 0.9198, Val F1: 0.8889, Val AUC: 0.9706
2026-07-16 13:17:34,892 - INFO -   -> New best model saved (F1=0.8889)
2026-07-16 13:17:34,892 - INFO - 
Epoch 36/50
2026-07-16 13:17:35,864 - INFO - Train Loss: 0.4335, Train Acc: 0.8338
2026-07-16 13:17:35,864 - INFO - Val Loss: 0.3612, Val Acc: 0.8160, Val F1: 0.7979, Val AUC: 0.9707
2026-07-16 13:17:35,864 - INFO - 
Epoch 37/50
2026-07-16 13:17:36,883 - INFO - Train Loss: 0.4466, Train Acc: 0.8338
2026-07-16 13:17:36,883 - INFO - Val Loss: 0.3151, Val Acc: 0.9434, Val F1: 0.9268, Val AUC: 0.9714
2026-07-16 13:17:36,925 - INFO -   -> New best model saved (F1=0.9268)
2026-07-16 13:17:36,925 - INFO - 
Epoch 38/50
2026-07-16 13:17:37,909 - INFO - Train Loss: 0.4345, Train Acc: 0.8222
2026-07-16 13:17:37,909 - INFO - Val Loss: 0.2986, Val Acc: 0.9340, Val F1: 0.9114, Val AUC: 0.9732
2026-07-16 13:17:37,909 - INFO - 
Epoch 39/50
2026-07-16 13:17:38,916 - INFO - Train Loss: 0.4256, Train Acc: 0.8397
2026-07-16 13:17:38,916 - INFO - Val Loss: 0.2949, Val Acc: 0.9481, Val F1: 0.9308, Val AUC: 0.9752
2026-07-16 13:17:38,958 - INFO -   -> New best model saved (F1=0.9308)
2026-07-16 13:17:38,959 - INFO - 
Epoch 40/50
2026-07-16 13:17:39,952 - INFO - Train Loss: 0.4066, Train Acc: 0.8630
2026-07-16 13:17:39,952 - INFO - Val Loss: 0.2897, Val Acc: 0.9340, Val F1: 0.9125, Val AUC: 0.9763
2026-07-16 13:17:39,952 - INFO - 
Epoch 41/50
2026-07-16 13:17:40,965 - INFO - Train Loss: 0.4114, Train Acc: 0.8601
2026-07-16 13:17:40,965 - INFO - Val Loss: 0.2816, Val Acc: 0.9245, Val F1: 0.8961, Val AUC: 0.9764
2026-07-16 13:17:40,965 - INFO - 
Epoch 42/50
2026-07-16 13:17:41,969 - INFO - Train Loss: 0.4171, Train Acc: 0.8367
2026-07-16 13:17:41,969 - INFO - Val Loss: 0.2737, Val Acc: 0.9340, Val F1: 0.9091, Val AUC: 0.9756
2026-07-16 13:17:41,969 - INFO - 
Epoch 43/50
2026-07-16 13:17:42,988 - INFO - Train Loss: 0.4166, Train Acc: 0.8426
2026-07-16 13:17:42,988 - INFO - Val Loss: 0.2771, Val Acc: 0.9104, Val F1: 0.8707, Val AUC: 0.9789
2026-07-16 13:17:42,988 - INFO - 
Epoch 44/50
2026-07-16 13:17:43,996 - INFO - Train Loss: 0.4124, Train Acc: 0.8484
2026-07-16 13:17:43,996 - INFO - Val Loss: 0.2677, Val Acc: 0.9387, Val F1: 0.9172, Val AUC: 0.9797
2026-07-16 13:17:43,996 - INFO - 
Epoch 45/50
2026-07-16 13:17:45,001 - INFO - Train Loss: 0.4062, Train Acc: 0.8659
2026-07-16 13:17:45,001 - INFO - Val Loss: 0.2723, Val Acc: 0.9387, Val F1: 0.9172, Val AUC: 0.9770
2026-07-16 13:17:45,001 - INFO - 
Epoch 46/50
2026-07-16 13:17:46,008 - INFO - Train Loss: 0.3829, Train Acc: 0.8455
2026-07-16 13:17:46,008 - INFO - Val Loss: 0.2693, Val Acc: 0.9198, Val F1: 0.8859, Val AUC: 0.9793
2026-07-16 13:17:46,008 - INFO - 
Epoch 47/50
2026-07-16 13:17:47,017 - INFO - Train Loss: 0.3824, Train Acc: 0.8659
2026-07-16 13:17:47,017 - INFO - Val Loss: 0.2682, Val Acc: 0.9481, Val F1: 0.9317, Val AUC: 0.9795
2026-07-16 13:17:47,069 - INFO -   -> New best model saved (F1=0.9317)
2026-07-16 13:17:47,070 - INFO - 
Epoch 48/50
2026-07-16 13:17:48,062 - INFO - Train Loss: 0.3589, Train Acc: 0.8659
2026-07-16 13:17:48,062 - INFO - Val Loss: 0.2584, Val Acc: 0.9481, Val F1: 0.9308, Val AUC: 0.9809
2026-07-16 13:17:48,062 - INFO - 
Epoch 49/50
2026-07-16 13:17:49,068 - INFO - Train Loss: 0.3984, Train Acc: 0.8601
2026-07-16 13:17:49,068 - INFO - Val Loss: 0.2600, Val Acc: 0.9340, Val F1: 0.9157, Val AUC: 0.9832
2026-07-16 13:17:49,068 - INFO - 
Epoch 50/50
2026-07-16 13:17:50,079 - INFO - Train Loss: 0.3799, Train Acc: 0.8426
2026-07-16 13:17:50,080 - INFO - Val Loss: 0.3264, Val Acc: 0.8443, Val F1: 0.8272, Val AUC: 0.9827
2026-07-16 13:17:50,349 - INFO - 
Run 4 Test Results:
2026-07-16 13:17:50,349 - INFO -   Accuracy: 0.8381, F1: 0.8229, AUC: 0.9875
2026-07-16 13:17:50,349 - INFO - 
============================================================
Starting run 5/5
============================================================
2026-07-16 13:17:50,350 - INFO - 
Run 5: Device = mps
2026-07-16 13:17:50,573 - INFO - Train class distribution: 0=203.0, 1=140.0 (ratio 1:0.69)
2026-07-16 13:17:50,574 - INFO - Using class weighting: pos_weight = 1.45
2026-07-16 13:17:50,574 - INFO - 
Epoch 1/50
2026-07-16 13:17:51,320 - INFO - Train Loss: 0.9144, Train Acc: 0.4956
2026-07-16 13:17:51,320 - INFO - Val Loss: 0.8173, Val Acc: 0.6179, Val F1: 0.0000, Val AUC: 0.6726
2026-07-16 13:17:51,320 - INFO - 
Epoch 2/50
2026-07-16 13:17:52,447 - INFO - Train Loss: 0.8105, Train Acc: 0.5743
2026-07-16 13:17:52,449 - INFO - Val Loss: 0.7887, Val Acc: 0.6368, Val F1: 0.1149, Val AUC: 0.7174
2026-07-16 13:17:52,504 - INFO -   -> New best model saved (F1=0.1149)
2026-07-16 13:17:52,504 - INFO - 
Epoch 3/50
2026-07-16 13:17:53,460 - INFO - Train Loss: 0.7457, Train Acc: 0.6472
2026-07-16 13:17:53,460 - INFO - Val Loss: 0.7376, Val Acc: 0.7358, Val F1: 0.5484, Val AUC: 0.7409
2026-07-16 13:17:53,509 - INFO -   -> New best model saved (F1=0.5484)
2026-07-16 13:17:53,509 - INFO - 
Epoch 4/50
2026-07-16 13:17:54,487 - INFO - Train Loss: 0.7849, Train Acc: 0.6064
2026-07-16 13:17:54,487 - INFO - Val Loss: 0.7115, Val Acc: 0.7217, Val F1: 0.4685, Val AUC: 0.7759
2026-07-16 13:17:54,487 - INFO - 
Epoch 5/50
2026-07-16 13:17:55,517 - INFO - Train Loss: 0.7310, Train Acc: 0.6589
2026-07-16 13:17:55,517 - INFO - Val Loss: 0.6585, Val Acc: 0.7689, Val F1: 0.6142, Val AUC: 0.8148
2026-07-16 13:17:55,567 - INFO -   -> New best model saved (F1=0.6142)
2026-07-16 13:17:55,567 - INFO - 
Epoch 6/50
2026-07-16 13:17:56,578 - INFO - Train Loss: 0.7203, Train Acc: 0.6560
2026-07-16 13:17:56,579 - INFO - Val Loss: 0.6529, Val Acc: 0.6934, Val F1: 0.6667, Val AUC: 0.8298
2026-07-16 13:17:56,622 - INFO -   -> New best model saved (F1=0.6667)
2026-07-16 13:17:56,622 - INFO - 
Epoch 7/50
2026-07-16 13:17:57,601 - INFO - Train Loss: 0.7252, Train Acc: 0.6531
2026-07-16 13:17:57,601 - INFO - Val Loss: 0.7428, Val Acc: 0.4717, Val F1: 0.5882, Val AUC: 0.8395
2026-07-16 13:17:57,601 - INFO - 
Epoch 8/50
2026-07-16 13:17:58,609 - INFO - Train Loss: 0.6942, Train Acc: 0.6706
2026-07-16 13:17:58,610 - INFO - Val Loss: 0.5984, Val Acc: 0.7689, Val F1: 0.7066, Val AUC: 0.8500
2026-07-16 13:17:58,652 - INFO -   -> New best model saved (F1=0.7066)
2026-07-16 13:17:58,652 - INFO - 
Epoch 9/50
2026-07-16 13:17:59,651 - INFO - Train Loss: 0.7014, Train Acc: 0.6939
2026-07-16 13:17:59,651 - INFO - Val Loss: 0.5708, Val Acc: 0.7925, Val F1: 0.7215, Val AUC: 0.8562
2026-07-16 13:17:59,696 - INFO -   -> New best model saved (F1=0.7215)
2026-07-16 13:17:59,696 - INFO - 
Epoch 10/50
2026-07-16 13:18:00,690 - INFO - Train Loss: 0.6487, Train Acc: 0.6880
2026-07-16 13:18:00,690 - INFO - Val Loss: 0.5580, Val Acc: 0.7783, Val F1: 0.7044, Val AUC: 0.8607
2026-07-16 13:18:00,691 - INFO - 
Epoch 11/50
2026-07-16 13:18:01,718 - INFO - Train Loss: 0.6896, Train Acc: 0.6822
2026-07-16 13:18:01,718 - INFO - Val Loss: 0.5381, Val Acc: 0.7877, Val F1: 0.7097, Val AUC: 0.8637
2026-07-16 13:18:01,718 - INFO - 
Epoch 12/50
2026-07-16 13:18:02,744 - INFO - Train Loss: 0.6286, Train Acc: 0.7230
2026-07-16 13:18:02,745 - INFO - Val Loss: 0.5242, Val Acc: 0.8113, Val F1: 0.7297, Val AUC: 0.8734
2026-07-16 13:18:02,787 - INFO -   -> New best model saved (F1=0.7297)
2026-07-16 13:18:02,787 - INFO - 
Epoch 13/50
2026-07-16 13:18:03,784 - INFO - Train Loss: 0.6157, Train Acc: 0.7493
2026-07-16 13:18:03,785 - INFO - Val Loss: 0.5066, Val Acc: 0.8066, Val F1: 0.7285, Val AUC: 0.8864
2026-07-16 13:18:03,785 - INFO - 
Epoch 14/50
2026-07-16 13:18:04,787 - INFO - Train Loss: 0.6409, Train Acc: 0.7114
2026-07-16 13:18:04,787 - INFO - Val Loss: 0.5901, Val Acc: 0.6509, Val F1: 0.6754, Val AUC: 0.8869
2026-07-16 13:18:04,787 - INFO - 
Epoch 15/50
2026-07-16 13:18:05,813 - INFO - Train Loss: 0.5860, Train Acc: 0.7755
2026-07-16 13:18:05,813 - INFO - Val Loss: 0.5489, Val Acc: 0.7123, Val F1: 0.7024, Val AUC: 0.8876
2026-07-16 13:18:05,813 - INFO - 
Epoch 16/50
2026-07-16 13:18:06,844 - INFO - Train Loss: 0.5782, Train Acc: 0.7609
2026-07-16 13:18:06,844 - INFO - Val Loss: 0.4946, Val Acc: 0.8113, Val F1: 0.7701, Val AUC: 0.8939
2026-07-16 13:18:06,889 - INFO -   -> New best model saved (F1=0.7701)
2026-07-16 13:18:06,889 - INFO - 
Epoch 17/50
2026-07-16 13:18:07,885 - INFO - Train Loss: 0.5981, Train Acc: 0.7493
2026-07-16 13:18:07,886 - INFO - Val Loss: 0.4628, Val Acc: 0.8349, Val F1: 0.7586, Val AUC: 0.9030
2026-07-16 13:18:07,886 - INFO - 
Epoch 18/50
2026-07-16 13:18:08,896 - INFO - Train Loss: 0.5948, Train Acc: 0.7376
2026-07-16 13:18:08,896 - INFO - Val Loss: 0.4806, Val Acc: 0.7830, Val F1: 0.7527, Val AUC: 0.9136
2026-07-16 13:18:08,896 - INFO - 
Epoch 19/50
2026-07-16 13:18:09,901 - INFO - Train Loss: 0.5750, Train Acc: 0.7493
2026-07-16 13:18:09,902 - INFO - Val Loss: 0.5402, Val Acc: 0.6792, Val F1: 0.6964, Val AUC: 0.9132
2026-07-16 13:18:09,902 - INFO - 
Epoch 20/50
2026-07-16 13:18:10,970 - INFO - Train Loss: 0.5878, Train Acc: 0.7755
2026-07-16 13:18:10,970 - INFO - Val Loss: 0.4362, Val Acc: 0.8396, Val F1: 0.7848, Val AUC: 0.9190
2026-07-16 13:18:11,024 - INFO -   -> New best model saved (F1=0.7848)
2026-07-16 13:18:11,024 - INFO - 
Epoch 21/50
2026-07-16 13:18:11,999 - INFO - Train Loss: 0.5281, Train Acc: 0.7988
2026-07-16 13:18:11,999 - INFO - Val Loss: 0.4454, Val Acc: 0.8538, Val F1: 0.7704, Val AUC: 0.9212
2026-07-16 13:18:11,999 - INFO - 
Epoch 22/50
2026-07-16 13:18:13,007 - INFO - Train Loss: 0.5654, Train Acc: 0.7843
2026-07-16 13:18:13,007 - INFO - Val Loss: 0.4752, Val Acc: 0.8443, Val F1: 0.7481, Val AUC: 0.9304
2026-07-16 13:18:13,007 - INFO - 
Epoch 23/50
2026-07-16 13:18:14,017 - INFO - Train Loss: 0.5350, Train Acc: 0.7959
2026-07-16 13:18:14,018 - INFO - Val Loss: 0.4212, Val Acc: 0.8491, Val F1: 0.7612, Val AUC: 0.9413
2026-07-16 13:18:14,018 - INFO - 
Epoch 24/50
2026-07-16 13:18:15,030 - INFO - Train Loss: 0.5186, Train Acc: 0.7930
2026-07-16 13:18:15,030 - INFO - Val Loss: 0.3855, Val Acc: 0.8774, Val F1: 0.8219, Val AUC: 0.9422
2026-07-16 13:18:15,079 - INFO -   -> New best model saved (F1=0.8219)
2026-07-16 13:18:15,079 - INFO - 
Epoch 25/50
2026-07-16 13:18:16,062 - INFO - Train Loss: 0.5180, Train Acc: 0.7755
2026-07-16 13:18:16,062 - INFO - Val Loss: 0.3772, Val Acc: 0.8679, Val F1: 0.8133, Val AUC: 0.9449
2026-07-16 13:18:16,062 - INFO - 
Epoch 26/50
2026-07-16 13:18:17,078 - INFO - Train Loss: 0.4834, Train Acc: 0.8105
2026-07-16 13:18:17,078 - INFO - Val Loss: 0.4000, Val Acc: 0.8821, Val F1: 0.8503, Val AUC: 0.9416
2026-07-16 13:18:17,121 - INFO -   -> New best model saved (F1=0.8503)
2026-07-16 13:18:17,121 - INFO - 
Epoch 27/50
2026-07-16 13:18:18,119 - INFO - Train Loss: 0.4662, Train Acc: 0.8222
2026-07-16 13:18:18,120 - INFO - Val Loss: 0.3651, Val Acc: 0.8726, Val F1: 0.8188, Val AUC: 0.9491
2026-07-16 13:18:18,120 - INFO - 
Epoch 28/50
2026-07-16 13:18:19,132 - INFO - Train Loss: 0.4737, Train Acc: 0.8163
2026-07-16 13:18:19,132 - INFO - Val Loss: 0.3633, Val Acc: 0.8774, Val F1: 0.8143, Val AUC: 0.9552
2026-07-16 13:18:19,133 - INFO - 
Epoch 29/50
2026-07-16 13:18:20,146 - INFO - Train Loss: 0.4637, Train Acc: 0.8163
2026-07-16 13:18:20,147 - INFO - Val Loss: 0.3517, Val Acc: 0.8915, Val F1: 0.8571, Val AUC: 0.9566
2026-07-16 13:18:20,189 - INFO -   -> New best model saved (F1=0.8571)
2026-07-16 13:18:20,189 - INFO - 
Epoch 30/50
2026-07-16 13:18:21,164 - INFO - Train Loss: 0.4902, Train Acc: 0.7988
2026-07-16 13:18:21,165 - INFO - Val Loss: 0.3898, Val Acc: 0.8255, Val F1: 0.8021, Val AUC: 0.9603
2026-07-16 13:18:21,165 - INFO - 
Epoch 31/50
2026-07-16 13:18:22,185 - INFO - Train Loss: 0.4767, Train Acc: 0.8047
2026-07-16 13:18:22,185 - INFO - Val Loss: 0.3619, Val Acc: 0.8726, Val F1: 0.8457, Val AUC: 0.9631
2026-07-16 13:18:22,186 - INFO - 
Epoch 32/50
2026-07-16 13:18:23,197 - INFO - Train Loss: 0.4896, Train Acc: 0.8076
2026-07-16 13:18:23,197 - INFO - Val Loss: 0.3170, Val Acc: 0.9245, Val F1: 0.8987, Val AUC: 0.9655
2026-07-16 13:18:23,239 - INFO -   -> New best model saved (F1=0.8987)
2026-07-16 13:18:23,239 - INFO - 
Epoch 33/50
2026-07-16 13:18:24,264 - INFO - Train Loss: 0.4373, Train Acc: 0.8222
2026-07-16 13:18:24,264 - INFO - Val Loss: 0.3130, Val Acc: 0.9151, Val F1: 0.8816, Val AUC: 0.9700
2026-07-16 13:18:24,264 - INFO - 
Epoch 34/50
2026-07-16 13:18:25,296 - INFO - Train Loss: 0.4367, Train Acc: 0.8367
2026-07-16 13:18:25,297 - INFO - Val Loss: 0.3239, Val Acc: 0.8868, Val F1: 0.8286, Val AUC: 0.9745
2026-07-16 13:18:25,297 - INFO - 
Epoch 35/50
2026-07-16 13:18:26,300 - INFO - Train Loss: 0.4307, Train Acc: 0.8367
2026-07-16 13:18:26,300 - INFO - Val Loss: 0.3044, Val Acc: 0.9340, Val F1: 0.9125, Val AUC: 0.9746
2026-07-16 13:18:26,346 - INFO -   -> New best model saved (F1=0.9125)
2026-07-16 13:18:26,346 - INFO - 
Epoch 36/50
2026-07-16 13:18:27,346 - INFO - Train Loss: 0.4268, Train Acc: 0.8571
2026-07-16 13:18:27,346 - INFO - Val Loss: 0.3499, Val Acc: 0.8396, Val F1: 0.8229, Val AUC: 0.9739
2026-07-16 13:18:27,346 - INFO - 
Epoch 37/50
2026-07-16 13:18:28,347 - INFO - Train Loss: 0.3674, Train Acc: 0.8630
2026-07-16 13:18:28,348 - INFO - Val Loss: 0.2882, Val Acc: 0.9292, Val F1: 0.9045, Val AUC: 0.9769
2026-07-16 13:18:28,348 - INFO - 
Epoch 38/50
2026-07-16 13:18:29,360 - INFO - Train Loss: 0.4328, Train Acc: 0.8367
2026-07-16 13:18:29,361 - INFO - Val Loss: 0.2743, Val Acc: 0.9151, Val F1: 0.8800, Val AUC: 0.9772
2026-07-16 13:18:29,361 - INFO - 
Epoch 39/50
2026-07-16 13:18:30,393 - INFO - Train Loss: 0.3864, Train Acc: 0.8542
2026-07-16 13:18:30,393 - INFO - Val Loss: 0.2788, Val Acc: 0.9104, Val F1: 0.8725, Val AUC: 0.9795
2026-07-16 13:18:30,393 - INFO - 
Epoch 40/50
2026-07-16 13:18:31,456 - INFO - Train Loss: 0.4277, Train Acc: 0.8163
2026-07-16 13:18:31,456 - INFO - Val Loss: 0.2999, Val Acc: 0.8679, Val F1: 0.8478, Val AUC: 0.9796
2026-07-16 13:18:31,456 - INFO - 
Epoch 41/50
2026-07-16 13:18:32,504 - INFO - Train Loss: 0.4093, Train Acc: 0.8367
2026-07-16 13:18:32,504 - INFO - Val Loss: 0.4135, Val Acc: 0.7830, Val F1: 0.7788, Val AUC: 0.9786
2026-07-16 13:18:32,504 - INFO - 
Epoch 42/50
2026-07-16 13:18:33,568 - INFO - Train Loss: 0.4212, Train Acc: 0.8542
2026-07-16 13:18:33,568 - INFO - Val Loss: 0.2762, Val Acc: 0.9198, Val F1: 0.9006, Val AUC: 0.9801
2026-07-16 13:18:33,568 - INFO - 
Epoch 43/50
2026-07-16 13:18:34,612 - INFO - Train Loss: 0.4185, Train Acc: 0.8309
2026-07-16 13:18:34,612 - INFO - Val Loss: 0.2840, Val Acc: 0.9151, Val F1: 0.8953, Val AUC: 0.9812
2026-07-16 13:18:34,612 - INFO - 
Epoch 44/50
2026-07-16 13:18:35,639 - INFO - Train Loss: 0.3805, Train Acc: 0.8426
2026-07-16 13:18:35,639 - INFO - Val Loss: 0.2721, Val Acc: 0.9340, Val F1: 0.9125, Val AUC: 0.9798
2026-07-16 13:18:35,639 - INFO - 
Epoch 45/50
2026-07-16 13:18:36,673 - INFO - Train Loss: 0.3953, Train Acc: 0.8484
2026-07-16 13:18:36,674 - INFO - Val Loss: 0.3282, Val Acc: 0.8396, Val F1: 0.8247, Val AUC: 0.9798
2026-07-16 13:18:36,674 - INFO - 
Epoch 46/50
2026-07-16 13:18:37,689 - INFO - Train Loss: 0.3757, Train Acc: 0.8484
2026-07-16 13:18:37,689 - INFO - Val Loss: 0.2644, Val Acc: 0.8962, Val F1: 0.8706, Val AUC: 0.9798
2026-07-16 13:18:37,689 - INFO - 
Epoch 47/50
2026-07-16 13:18:38,698 - INFO - Train Loss: 0.3649, Train Acc: 0.8746
2026-07-16 13:18:38,698 - INFO - Val Loss: 0.2471, Val Acc: 0.9292, Val F1: 0.9045, Val AUC: 0.9802
2026-07-16 13:18:38,698 - INFO - 
Epoch 48/50
2026-07-16 13:18:39,711 - INFO - Train Loss: 0.3984, Train Acc: 0.8426
2026-07-16 13:18:39,712 - INFO - Val Loss: 0.2441, Val Acc: 0.9340, Val F1: 0.9125, Val AUC: 0.9797
2026-07-16 13:18:39,712 - INFO - 
Epoch 49/50
2026-07-16 13:18:40,725 - INFO - Train Loss: 0.3964, Train Acc: 0.8309
2026-07-16 13:18:40,725 - INFO - Val Loss: 0.2346, Val Acc: 0.9340, Val F1: 0.9103, Val AUC: 0.9810
2026-07-16 13:18:40,725 - INFO - 
Epoch 50/50
2026-07-16 13:18:41,734 - INFO - Train Loss: 0.3478, Train Acc: 0.8601
2026-07-16 13:18:41,734 - INFO - Val Loss: 0.2514, Val Acc: 0.9245, Val F1: 0.9059, Val AUC: 0.9831
2026-07-16 13:18:41,734 - INFO - Early stopping at epoch 50
2026-07-16 13:18:42,018 - INFO - 
Run 5 Test Results:
2026-07-16 13:18:42,018 - INFO -   Accuracy: 0.9286, F1: 0.9080, AUC: 0.9846
2026-07-16 13:18:42,020 - INFO - 
Saved all runs results to ./outputs/models/cnn_cross_fold/fold_japan/merged_brazil_usa_cnn_stage1_results.csv
2026-07-16 13:18:42,020 - INFO - 
============================================================
2026-07-16 13:18:42,020 - INFO - SUMMARY OF ALL RUNS
2026-07-16 13:18:42,020 - INFO - ============================================================
2026-07-16 13:18:42,021 - INFO - test_acc: 0.9105 ± 0.0434
2026-07-16 13:18:42,021 - INFO - test_prec: 0.8738 ± 0.1140
2026-07-16 13:18:42,021 - INFO - test_rec: 0.9250 ± 0.0481
2026-07-16 13:18:42,021 - INFO - test_f1: 0.8912 ± 0.0422
2026-07-16 13:18:42,021 - INFO - test_auc: 0.9851 ± 0.0025
2026-07-16 13:18:42,022 - INFO - 
Best overall run: 1 (test F1=0.9412)
2026-07-16 13:18:42,022 - INFO - Best model saved at: ./outputs/models/cnn_cross_fold/fold_japan/best_cnn_run1.pth
2026-07-16 13:18:42,031 - INFO - Copied best model to ./outputs/models/cnn_cross_fold/fold_japan/best_cnn.pth
2026-07-16 13:18:43,111 - INFO - 
All plots and summaries saved to: ./outputs/models/cnn_cross_fold/fold_japan/plots
2026-07-16 13:18:43,111 - INFO - Stage 1 training completed. Ready for Stage 2 (GNN).
2026-07-16 23:37:30,516 - INFO - ============================================================
2026-07-16 23:37:30,516 - INFO -  Stage 1: CNN Training Started (TRAINONLY, leakage-safe)
2026-07-16 23:37:30,516 - INFO - ============================================================
2026-07-16 23:37:30,516 - INFO - Output directory: ./outputs/models/cnn_cross_fold/fold_japan
2026-07-16 23:37:30,516 - INFO - Log file: ./outputs/models/cnn_cross_fold/fold_japan/logs/step3_cnn.log
2026-07-16 23:37:30,517 - INFO - Countries to pool for training: ['brazil', 'usa']
2026-07-16 23:37:30,586 - INFO -  Merged 2 countries (trainonly) into temporary files
2026-07-16 23:37:30,586 - INFO - Using images: /var/folders/83/s1qld1k57b3bky6vw6j9q44m0000gn/T/tmpyi35ksof.h5
2026-07-16 23:37:30,586 - INFO - Using labels: /var/folders/83/s1qld1k57b3bky6vw6j9q44m0000gn/T/tmpblhvtsad.csv
2026-07-16 23:37:30,587 - INFO - Total samples: 251
2026-07-16 23:37:30,589 - INFO - Saved split to ./outputs/models/cnn_cross_fold/fold_japan/merged_brazil_usa_trainonly_split.json
2026-07-16 23:37:30,589 - INFO - 
============================================================
Starting run 1/5
============================================================
2026-07-16 23:37:30,609 - INFO - 
Run 1: Device = mps
2026-07-16 23:37:30,817 - INFO - Train class distribution: 0=101.0, 1=74.0 (ratio 1:0.73)
2026-07-16 23:37:30,818 - INFO - Using class weighting: pos_weight = 1.36
2026-07-16 23:37:30,818 - INFO - 
Epoch 1/50
2026-07-16 23:37:31,582 - INFO - Train Loss: 0.7949, Train Acc: 0.6000
2026-07-16 23:37:31,582 - INFO - Val Loss: 0.8010, Val Acc: 0.5789, Val F1: 0.0000, Val AUC: 0.7045
2026-07-16 23:37:31,582 - INFO - 
Epoch 2/50
2026-07-16 23:37:31,867 - INFO - Train Loss: 0.7859, Train Acc: 0.5600
2026-07-16 23:37:31,867 - INFO - Val Loss: 0.8055, Val Acc: 0.5789, Val F1: 0.0000, Val AUC: 0.7188
2026-07-16 23:37:31,867 - INFO - 
Epoch 3/50
2026-07-16 23:37:32,155 - INFO - Train Loss: 0.7776, Train Acc: 0.6057
2026-07-16 23:37:32,155 - INFO - Val Loss: 0.7847, Val Acc: 0.6842, Val F1: 0.5000, Val AUC: 0.6932
2026-07-16 23:37:32,189 - INFO -   -> New best model saved (F1=0.5000)
2026-07-16 23:37:32,189 - INFO - 
Epoch 4/50
2026-07-16 23:37:32,473 - INFO - Train Loss: 0.7491, Train Acc: 0.6800
2026-07-16 23:37:32,473 - INFO - Val Loss: 0.7751, Val Acc: 0.5000, Val F1: 0.6122, Val AUC: 0.6903
2026-07-16 23:37:32,501 - INFO -   -> New best model saved (F1=0.6122)
2026-07-16 23:37:32,501 - INFO - 
Epoch 5/50
2026-07-16 23:37:32,786 - INFO - Train Loss: 0.7347, Train Acc: 0.6571
2026-07-16 23:37:32,786 - INFO - Val Loss: 0.7670, Val Acc: 0.4737, Val F1: 0.6000, Val AUC: 0.6932
2026-07-16 23:37:32,786 - INFO - 
Epoch 6/50
2026-07-16 23:37:33,061 - INFO - Train Loss: 0.6926, Train Acc: 0.6743
2026-07-16 23:37:33,061 - INFO - Val Loss: 0.7823, Val Acc: 0.4474, Val F1: 0.6038, Val AUC: 0.7188
2026-07-16 23:37:33,061 - INFO - 
Epoch 7/50
2026-07-16 23:37:33,346 - INFO - Train Loss: 0.6646, Train Acc: 0.7257
2026-07-16 23:37:33,346 - INFO - Val Loss: 0.8684, Val Acc: 0.4474, Val F1: 0.6038, Val AUC: 0.7472
2026-07-16 23:37:33,346 - INFO - 
Epoch 8/50
2026-07-16 23:37:33,633 - INFO - Train Loss: 0.5641, Train Acc: 0.7600
2026-07-16 23:37:33,633 - INFO - Val Loss: 0.7919, Val Acc: 0.5263, Val F1: 0.6250, Val AUC: 0.7301
2026-07-16 23:37:33,662 - INFO -   -> New best model saved (F1=0.6250)
2026-07-16 23:37:33,662 - INFO - 
Epoch 9/50
2026-07-16 23:37:33,934 - INFO - Train Loss: 0.5966, Train Acc: 0.7371
2026-07-16 23:37:33,934 - INFO - Val Loss: 0.7668, Val Acc: 0.6579, Val F1: 0.5806, Val AUC: 0.7188
2026-07-16 23:37:33,934 - INFO - 
Epoch 10/50
2026-07-16 23:37:34,206 - INFO - Train Loss: 0.5727, Train Acc: 0.7771
2026-07-16 23:37:34,206 - INFO - Val Loss: 0.8077, Val Acc: 0.6842, Val F1: 0.6667, Val AUC: 0.7472
2026-07-16 23:37:34,232 - INFO -   -> New best model saved (F1=0.6667)
2026-07-16 23:37:34,232 - INFO - 
Epoch 11/50
2026-07-16 23:37:34,506 - INFO - Train Loss: 0.5401, Train Acc: 0.8000
2026-07-16 23:37:34,506 - INFO - Val Loss: 0.9269, Val Acc: 0.5526, Val F1: 0.6531, Val AUC: 0.7472
2026-07-16 23:37:34,506 - INFO - 
Epoch 12/50
2026-07-16 23:37:34,803 - INFO - Train Loss: 0.5598, Train Acc: 0.7714
2026-07-16 23:37:34,804 - INFO - Val Loss: 1.0366, Val Acc: 0.5000, Val F1: 0.6275, Val AUC: 0.7500
2026-07-16 23:37:34,804 - INFO - 
Epoch 13/50
2026-07-16 23:37:35,072 - INFO - Train Loss: 0.4935, Train Acc: 0.7943
2026-07-16 23:37:35,072 - INFO - Val Loss: 0.8564, Val Acc: 0.6579, Val F1: 0.6829, Val AUC: 0.7557
2026-07-16 23:37:35,099 - INFO -   -> New best model saved (F1=0.6829)
2026-07-16 23:37:35,099 - INFO - 
Epoch 14/50
2026-07-16 23:37:35,362 - INFO - Train Loss: 0.4442, Train Acc: 0.8286
2026-07-16 23:37:35,362 - INFO - Val Loss: 0.8021, Val Acc: 0.7105, Val F1: 0.6207, Val AUC: 0.7557
2026-07-16 23:37:35,362 - INFO - 
Epoch 15/50
2026-07-16 23:37:35,629 - INFO - Train Loss: 0.4982, Train Acc: 0.8114
2026-07-16 23:37:35,629 - INFO - Val Loss: 0.7937, Val Acc: 0.6842, Val F1: 0.5714, Val AUC: 0.7528
2026-07-16 23:37:35,629 - INFO - 
Epoch 16/50
2026-07-16 23:37:35,902 - INFO - Train Loss: 0.4290, Train Acc: 0.8457
2026-07-16 23:37:35,902 - INFO - Val Loss: 0.8342, Val Acc: 0.6053, Val F1: 0.6341, Val AUC: 0.7330
2026-07-16 23:37:35,902 - INFO - 
Epoch 17/50
2026-07-16 23:37:36,175 - INFO - Train Loss: 0.4293, Train Acc: 0.8229
2026-07-16 23:37:36,175 - INFO - Val Loss: 0.8984, Val Acc: 0.5000, Val F1: 0.5957, Val AUC: 0.7585
2026-07-16 23:37:36,175 - INFO - 
Epoch 18/50
2026-07-16 23:37:36,453 - INFO - Train Loss: 0.4010, Train Acc: 0.8457
2026-07-16 23:37:36,453 - INFO - Val Loss: 0.8359, Val Acc: 0.6053, Val F1: 0.6512, Val AUC: 0.7898
2026-07-16 23:37:36,453 - INFO - 
Epoch 19/50
2026-07-16 23:37:36,729 - INFO - Train Loss: 0.4067, Train Acc: 0.8743
2026-07-16 23:37:36,729 - INFO - Val Loss: 0.7507, Val Acc: 0.7632, Val F1: 0.6897, Val AUC: 0.7955
2026-07-16 23:37:36,758 - INFO -   -> New best model saved (F1=0.6897)
2026-07-16 23:37:36,758 - INFO - 
Epoch 20/50
2026-07-16 23:37:37,027 - INFO - Train Loss: 0.3808, Train Acc: 0.8686
2026-07-16 23:37:37,027 - INFO - Val Loss: 0.8123, Val Acc: 0.6842, Val F1: 0.5385, Val AUC: 0.7869
2026-07-16 23:37:37,027 - INFO - 
Epoch 21/50
2026-07-16 23:37:37,303 - INFO - Train Loss: 0.4113, Train Acc: 0.8400
2026-07-16 23:37:37,303 - INFO - Val Loss: 0.8428, Val Acc: 0.6842, Val F1: 0.5385, Val AUC: 0.7955
2026-07-16 23:37:37,303 - INFO - 
Epoch 22/50
2026-07-16 23:37:37,576 - INFO - Train Loss: 0.3735, Train Acc: 0.8457
2026-07-16 23:37:37,576 - INFO - Val Loss: 0.7810, Val Acc: 0.7105, Val F1: 0.5926, Val AUC: 0.8011
2026-07-16 23:37:37,576 - INFO - 
Epoch 23/50
2026-07-16 23:37:37,876 - INFO - Train Loss: 0.3594, Train Acc: 0.8571
2026-07-16 23:37:37,876 - INFO - Val Loss: 0.7613, Val Acc: 0.8158, Val F1: 0.8000, Val AUC: 0.8068
2026-07-16 23:37:37,909 - INFO -   -> New best model saved (F1=0.8000)
2026-07-16 23:37:37,909 - INFO - 
Epoch 24/50
2026-07-16 23:37:38,210 - INFO - Train Loss: 0.3674, Train Acc: 0.8514
2026-07-16 23:37:38,210 - INFO - Val Loss: 0.7499, Val Acc: 0.7632, Val F1: 0.7273, Val AUC: 0.8125
2026-07-16 23:37:38,210 - INFO - 
Epoch 25/50
2026-07-16 23:37:38,495 - INFO - Train Loss: 0.3695, Train Acc: 0.8686
2026-07-16 23:37:38,495 - INFO - Val Loss: 0.7728, Val Acc: 0.7895, Val F1: 0.7647, Val AUC: 0.7926
2026-07-16 23:37:38,495 - INFO - 
Epoch 26/50
2026-07-16 23:37:38,790 - INFO - Train Loss: 0.3501, Train Acc: 0.8686
2026-07-16 23:37:38,790 - INFO - Val Loss: 0.8320, Val Acc: 0.7105, Val F1: 0.7179, Val AUC: 0.7784
2026-07-16 23:37:38,790 - INFO - 
Epoch 27/50
2026-07-16 23:37:39,068 - INFO - Train Loss: 0.3303, Train Acc: 0.8914
2026-07-16 23:37:39,069 - INFO - Val Loss: 0.9812, Val Acc: 0.5789, Val F1: 0.6522, Val AUC: 0.7841
2026-07-16 23:37:39,069 - INFO - 
Epoch 28/50
2026-07-16 23:37:39,360 - INFO - Train Loss: 0.3079, Train Acc: 0.9086
2026-07-16 23:37:39,360 - INFO - Val Loss: 0.8363, Val Acc: 0.7105, Val F1: 0.6667, Val AUC: 0.7756
2026-07-16 23:37:39,360 - INFO - 
Epoch 29/50
2026-07-16 23:37:39,632 - INFO - Train Loss: 0.3274, Train Acc: 0.8857
2026-07-16 23:37:39,633 - INFO - Val Loss: 0.8509, Val Acc: 0.6579, Val F1: 0.5185, Val AUC: 0.7557
2026-07-16 23:37:39,633 - INFO - 
Epoch 30/50
2026-07-16 23:37:39,902 - INFO - Train Loss: 0.3309, Train Acc: 0.8800
2026-07-16 23:37:39,902 - INFO - Val Loss: 0.8132, Val Acc: 0.7105, Val F1: 0.6452, Val AUC: 0.7756
2026-07-16 23:37:39,902 - INFO - 
Epoch 31/50
2026-07-16 23:37:40,165 - INFO - Train Loss: 0.3153, Train Acc: 0.8857
2026-07-16 23:37:40,165 - INFO - Val Loss: 0.7976, Val Acc: 0.7368, Val F1: 0.6667, Val AUC: 0.7983
2026-07-16 23:37:40,165 - INFO - 
Epoch 32/50
2026-07-16 23:37:40,435 - INFO - Train Loss: 0.4062, Train Acc: 0.8286
2026-07-16 23:37:40,435 - INFO - Val Loss: 0.8116, Val Acc: 0.7368, Val F1: 0.6875, Val AUC: 0.8068
2026-07-16 23:37:40,435 - INFO - 
Epoch 33/50
2026-07-16 23:37:40,719 - INFO - Train Loss: 0.2815, Train Acc: 0.8971
2026-07-16 23:37:40,719 - INFO - Val Loss: 0.8465, Val Acc: 0.7632, Val F1: 0.7568, Val AUC: 0.8040
2026-07-16 23:37:40,719 - INFO - 
Epoch 34/50
2026-07-16 23:37:40,993 - INFO - Train Loss: 0.3437, Train Acc: 0.8914
2026-07-16 23:37:40,993 - INFO - Val Loss: 0.8681, Val Acc: 0.7105, Val F1: 0.7179, Val AUC: 0.8011
2026-07-16 23:37:40,993 - INFO - 
Epoch 35/50
2026-07-16 23:37:41,257 - INFO - Train Loss: 0.2869, Train Acc: 0.9029
2026-07-16 23:37:41,257 - INFO - Val Loss: 0.8245, Val Acc: 0.7368, Val F1: 0.7368, Val AUC: 0.7983
2026-07-16 23:37:41,257 - INFO - 
Epoch 36/50
2026-07-16 23:37:41,525 - INFO - Train Loss: 0.2836, Train Acc: 0.9257
2026-07-16 23:37:41,525 - INFO - Val Loss: 0.7956, Val Acc: 0.7632, Val F1: 0.7568, Val AUC: 0.7983
2026-07-16 23:37:41,525 - INFO - 
Epoch 37/50
2026-07-16 23:37:41,794 - INFO - Train Loss: 0.2715, Train Acc: 0.8914
2026-07-16 23:37:41,794 - INFO - Val Loss: 0.8044, Val Acc: 0.7632, Val F1: 0.7568, Val AUC: 0.8011
2026-07-16 23:37:41,794 - INFO - 
Epoch 38/50
2026-07-16 23:37:42,058 - INFO - Train Loss: 0.2939, Train Acc: 0.9029
2026-07-16 23:37:42,058 - INFO - Val Loss: 0.7993, Val Acc: 0.7632, Val F1: 0.7568, Val AUC: 0.7926
2026-07-16 23:37:42,058 - INFO - Early stopping at epoch 38
2026-07-16 23:37:42,288 - INFO - 
Run 1 Test Results:
2026-07-16 23:37:42,288 - INFO -   Accuracy: 0.5000, F1: 0.5778, AUC: 0.7102
2026-07-16 23:37:42,288 - INFO - 
============================================================
Starting run 2/5
============================================================
2026-07-16 23:37:42,288 - INFO - 
Run 2: Device = mps
2026-07-16 23:37:42,369 - INFO - Train class distribution: 0=101.0, 1=74.0 (ratio 1:0.73)
2026-07-16 23:37:42,370 - INFO - Using class weighting: pos_weight = 1.36
2026-07-16 23:37:42,370 - INFO - 
Epoch 1/50
2026-07-16 23:37:42,638 - INFO - Train Loss: 0.8326, Train Acc: 0.5657
2026-07-16 23:37:42,638 - INFO - Val Loss: 0.8508, Val Acc: 0.5789, Val F1: 0.0000, Val AUC: 0.5483
2026-07-16 23:37:42,638 - INFO - 
Epoch 2/50
2026-07-16 23:37:42,905 - INFO - Train Loss: 0.8354, Train Acc: 0.5657
2026-07-16 23:37:42,905 - INFO - Val Loss: 0.8149, Val Acc: 0.5789, Val F1: 0.0000, Val AUC: 0.6591
2026-07-16 23:37:42,905 - INFO - 
Epoch 3/50
2026-07-16 23:37:43,170 - INFO - Train Loss: 0.7971, Train Acc: 0.5829
2026-07-16 23:37:43,170 - INFO - Val Loss: 0.7965, Val Acc: 0.5789, Val F1: 0.1111, Val AUC: 0.6506
2026-07-16 23:37:43,196 - INFO -   -> New best model saved (F1=0.1111)
2026-07-16 23:37:43,196 - INFO - 
Epoch 4/50
2026-07-16 23:37:43,460 - INFO - Train Loss: 0.7698, Train Acc: 0.6400
2026-07-16 23:37:43,460 - INFO - Val Loss: 0.8250, Val Acc: 0.5526, Val F1: 0.0000, Val AUC: 0.6761
2026-07-16 23:37:43,460 - INFO - 
Epoch 5/50
2026-07-16 23:37:43,726 - INFO - Train Loss: 0.6658, Train Acc: 0.7257
2026-07-16 23:37:43,727 - INFO - Val Loss: 0.7686, Val Acc: 0.6842, Val F1: 0.4545, Val AUC: 0.7159
2026-07-16 23:37:43,755 - INFO -   -> New best model saved (F1=0.4545)
2026-07-16 23:37:43,755 - INFO - 
Epoch 6/50
2026-07-16 23:37:44,018 - INFO - Train Loss: 0.6792, Train Acc: 0.6914
2026-07-16 23:37:44,018 - INFO - Val Loss: 0.7449, Val Acc: 0.7105, Val F1: 0.5217, Val AUC: 0.7301
2026-07-16 23:37:44,043 - INFO -   -> New best model saved (F1=0.5217)
2026-07-16 23:37:44,043 - INFO - 
Epoch 7/50
2026-07-16 23:37:44,309 - INFO - Train Loss: 0.5620, Train Acc: 0.7771
2026-07-16 23:37:44,309 - INFO - Val Loss: 0.7167, Val Acc: 0.7368, Val F1: 0.6154, Val AUC: 0.7443
2026-07-16 23:37:44,336 - INFO -   -> New best model saved (F1=0.6154)
2026-07-16 23:37:44,336 - INFO - 
Epoch 8/50
2026-07-16 23:37:44,602 - INFO - Train Loss: 0.6580, Train Acc: 0.7429
2026-07-16 23:37:44,602 - INFO - Val Loss: 0.7285, Val Acc: 0.7368, Val F1: 0.6154, Val AUC: 0.7500
2026-07-16 23:37:44,602 - INFO - 
Epoch 9/50
2026-07-16 23:37:44,870 - INFO - Train Loss: 0.5555, Train Acc: 0.7543
2026-07-16 23:37:44,870 - INFO - Val Loss: 0.8285, Val Acc: 0.7368, Val F1: 0.6154, Val AUC: 0.7330
2026-07-16 23:37:44,870 - INFO - 
Epoch 10/50
2026-07-16 23:37:45,139 - INFO - Train Loss: 0.5606, Train Acc: 0.7600
2026-07-16 23:37:45,139 - INFO - Val Loss: 0.9108, Val Acc: 0.7105, Val F1: 0.5600, Val AUC: 0.7415
2026-07-16 23:37:45,139 - INFO - 
Epoch 11/50
2026-07-16 23:37:45,405 - INFO - Train Loss: 0.5187, Train Acc: 0.7829
2026-07-16 23:37:45,405 - INFO - Val Loss: 0.8887, Val Acc: 0.6842, Val F1: 0.5000, Val AUC: 0.7358
2026-07-16 23:37:45,405 - INFO - 
Epoch 12/50
2026-07-16 23:37:45,677 - INFO - Train Loss: 0.4889, Train Acc: 0.8000
2026-07-16 23:37:45,677 - INFO - Val Loss: 0.8534, Val Acc: 0.7105, Val F1: 0.6207, Val AUC: 0.7443
2026-07-16 23:37:45,707 - INFO -   -> New best model saved (F1=0.6207)
2026-07-16 23:37:45,707 - INFO - 
Epoch 13/50
2026-07-16 23:37:45,987 - INFO - Train Loss: 0.4268, Train Acc: 0.8343
2026-07-16 23:37:45,988 - INFO - Val Loss: 0.8915, Val Acc: 0.7105, Val F1: 0.5926, Val AUC: 0.7585
2026-07-16 23:37:45,988 - INFO - 
Epoch 14/50
2026-07-16 23:37:46,271 - INFO - Train Loss: 0.5262, Train Acc: 0.7657
2026-07-16 23:37:46,271 - INFO - Val Loss: 0.8510, Val Acc: 0.7105, Val F1: 0.6207, Val AUC: 0.7756
2026-07-16 23:37:46,271 - INFO - 
Epoch 15/50
2026-07-16 23:37:46,554 - INFO - Train Loss: 0.4532, Train Acc: 0.8343
2026-07-16 23:37:46,554 - INFO - Val Loss: 0.8206, Val Acc: 0.7368, Val F1: 0.6667, Val AUC: 0.7898
2026-07-16 23:37:46,580 - INFO -   -> New best model saved (F1=0.6667)
2026-07-16 23:37:46,580 - INFO - 
Epoch 16/50
2026-07-16 23:37:46,867 - INFO - Train Loss: 0.4730, Train Acc: 0.8114
2026-07-16 23:37:46,867 - INFO - Val Loss: 0.7992, Val Acc: 0.7632, Val F1: 0.6897, Val AUC: 0.7926
2026-07-16 23:37:46,894 - INFO -   -> New best model saved (F1=0.6897)
2026-07-16 23:37:46,894 - INFO - 
Epoch 17/50
2026-07-16 23:37:47,171 - INFO - Train Loss: 0.4647, Train Acc: 0.8400
2026-07-16 23:37:47,171 - INFO - Val Loss: 0.8051, Val Acc: 0.7368, Val F1: 0.6429, Val AUC: 0.7955
2026-07-16 23:37:47,171 - INFO - 
Epoch 18/50
2026-07-16 23:37:47,436 - INFO - Train Loss: 0.4197, Train Acc: 0.8743
2026-07-16 23:37:47,436 - INFO - Val Loss: 0.8079, Val Acc: 0.7368, Val F1: 0.6429, Val AUC: 0.8068
2026-07-16 23:37:47,436 - INFO - 
Epoch 19/50
2026-07-16 23:37:47,700 - INFO - Train Loss: 0.3990, Train Acc: 0.8629
2026-07-16 23:37:47,700 - INFO - Val Loss: 0.8200, Val Acc: 0.7368, Val F1: 0.6429, Val AUC: 0.8068
2026-07-16 23:37:47,700 - INFO - 
Epoch 20/50
2026-07-16 23:37:47,978 - INFO - Train Loss: 0.4216, Train Acc: 0.8057
2026-07-16 23:37:47,978 - INFO - Val Loss: 0.8051, Val Acc: 0.7368, Val F1: 0.6429, Val AUC: 0.8068
2026-07-16 23:37:47,978 - INFO - 
Epoch 21/50
2026-07-16 23:37:48,245 - INFO - Train Loss: 0.3734, Train Acc: 0.8571
2026-07-16 23:37:48,245 - INFO - Val Loss: 0.7979, Val Acc: 0.7632, Val F1: 0.6897, Val AUC: 0.8182
2026-07-16 23:37:48,245 - INFO - 
Epoch 22/50
2026-07-16 23:37:48,516 - INFO - Train Loss: 0.3694, Train Acc: 0.8514
2026-07-16 23:37:48,516 - INFO - Val Loss: 0.8132, Val Acc: 0.7632, Val F1: 0.6897, Val AUC: 0.8125
2026-07-16 23:37:48,516 - INFO - 
Epoch 23/50
2026-07-16 23:37:48,784 - INFO - Train Loss: 0.3283, Train Acc: 0.8914
2026-07-16 23:37:48,784 - INFO - Val Loss: 0.8353, Val Acc: 0.7368, Val F1: 0.6429, Val AUC: 0.8068
2026-07-16 23:37:48,784 - INFO - 
Epoch 24/50
2026-07-16 23:37:49,062 - INFO - Train Loss: 0.3810, Train Acc: 0.8571
2026-07-16 23:37:49,062 - INFO - Val Loss: 0.8339, Val Acc: 0.7368, Val F1: 0.6429, Val AUC: 0.8125
2026-07-16 23:37:49,062 - INFO - 
Epoch 25/50
2026-07-16 23:37:49,332 - INFO - Train Loss: 0.3401, Train Acc: 0.8743
2026-07-16 23:37:49,332 - INFO - Val Loss: 0.8176, Val Acc: 0.7368, Val F1: 0.6429, Val AUC: 0.8125
2026-07-16 23:37:49,332 - INFO - 
Epoch 26/50
2026-07-16 23:37:49,598 - INFO - Train Loss: 0.3695, Train Acc: 0.8800
2026-07-16 23:37:49,598 - INFO - Val Loss: 0.8034, Val Acc: 0.7368, Val F1: 0.6429, Val AUC: 0.8153
2026-07-16 23:37:49,598 - INFO - 
Epoch 27/50
2026-07-16 23:37:49,877 - INFO - Train Loss: 0.3341, Train Acc: 0.9029
2026-07-16 23:37:49,877 - INFO - Val Loss: 0.7880, Val Acc: 0.7368, Val F1: 0.6429, Val AUC: 0.8153
2026-07-16 23:37:49,877 - INFO - 
Epoch 28/50
2026-07-16 23:37:50,141 - INFO - Train Loss: 0.3130, Train Acc: 0.8914
2026-07-16 23:37:50,141 - INFO - Val Loss: 0.8048, Val Acc: 0.7368, Val F1: 0.6429, Val AUC: 0.8153
2026-07-16 23:37:50,141 - INFO - 
Epoch 29/50
2026-07-16 23:37:50,412 - INFO - Train Loss: 0.3838, Train Acc: 0.8229
2026-07-16 23:37:50,412 - INFO - Val Loss: 0.8121, Val Acc: 0.7368, Val F1: 0.6429, Val AUC: 0.8153
2026-07-16 23:37:50,412 - INFO - 
Epoch 30/50
2026-07-16 23:37:50,701 - INFO - Train Loss: 0.3458, Train Acc: 0.8857
2026-07-16 23:37:50,701 - INFO - Val Loss: 0.7921, Val Acc: 0.7368, Val F1: 0.6429, Val AUC: 0.8125
2026-07-16 23:37:50,701 - INFO - 
Epoch 31/50
2026-07-16 23:37:51,027 - INFO - Train Loss: 0.3234, Train Acc: 0.8743
2026-07-16 23:37:51,027 - INFO - Val Loss: 0.7760, Val Acc: 0.7632, Val F1: 0.6897, Val AUC: 0.8210
2026-07-16 23:37:51,027 - INFO - Early stopping at epoch 31
2026-07-16 23:37:51,143 - INFO - 
Run 2 Test Results:
2026-07-16 23:37:51,143 - INFO -   Accuracy: 0.7105, F1: 0.6667, AUC: 0.7301
2026-07-16 23:37:51,143 - INFO - 
============================================================
Starting run 3/5
============================================================
2026-07-16 23:37:51,144 - INFO - 
Run 3: Device = mps
2026-07-16 23:37:51,224 - INFO - Train class distribution: 0=101.0, 1=74.0 (ratio 1:0.73)
2026-07-16 23:37:51,225 - INFO - Using class weighting: pos_weight = 1.36
2026-07-16 23:37:51,225 - INFO - 
Epoch 1/50
2026-07-16 23:37:51,489 - INFO - Train Loss: 0.9445, Train Acc: 0.4571
2026-07-16 23:37:51,489 - INFO - Val Loss: 0.8071, Val Acc: 0.5789, Val F1: 0.0000, Val AUC: 0.6477
2026-07-16 23:37:51,489 - INFO - 
Epoch 2/50
2026-07-16 23:37:51,753 - INFO - Train Loss: 0.8175, Train Acc: 0.5714
2026-07-16 23:37:51,753 - INFO - Val Loss: 0.8028, Val Acc: 0.5789, Val F1: 0.0000, Val AUC: 0.6477
2026-07-16 23:37:51,753 - INFO - 
Epoch 3/50
2026-07-16 23:37:52,034 - INFO - Train Loss: 0.7512, Train Acc: 0.5943
2026-07-16 23:37:52,035 - INFO - Val Loss: 0.8003, Val Acc: 0.5526, Val F1: 0.0000, Val AUC: 0.6591
2026-07-16 23:37:52,035 - INFO - 
Epoch 4/50
2026-07-16 23:37:52,305 - INFO - Train Loss: 0.7630, Train Acc: 0.6171
2026-07-16 23:37:52,305 - INFO - Val Loss: 0.8136, Val Acc: 0.6053, Val F1: 0.2105, Val AUC: 0.6676
2026-07-16 23:37:52,332 - INFO -   -> New best model saved (F1=0.2105)
2026-07-16 23:37:52,332 - INFO - 
Epoch 5/50
2026-07-16 23:37:52,594 - INFO - Train Loss: 0.6776, Train Acc: 0.7143
2026-07-16 23:37:52,595 - INFO - Val Loss: 0.7461, Val Acc: 0.6842, Val F1: 0.5385, Val AUC: 0.7102
2026-07-16 23:37:52,621 - INFO -   -> New best model saved (F1=0.5385)
2026-07-16 23:37:52,621 - INFO - 
Epoch 6/50
2026-07-16 23:37:52,892 - INFO - Train Loss: 0.6446, Train Acc: 0.6971
2026-07-16 23:37:52,892 - INFO - Val Loss: 0.7575, Val Acc: 0.6316, Val F1: 0.6316, Val AUC: 0.7301
2026-07-16 23:37:52,921 - INFO -   -> New best model saved (F1=0.6316)
2026-07-16 23:37:52,921 - INFO - 
Epoch 7/50
2026-07-16 23:37:53,206 - INFO - Train Loss: 0.6548, Train Acc: 0.6857
2026-07-16 23:37:53,206 - INFO - Val Loss: 0.7556, Val Acc: 0.6842, Val F1: 0.6471, Val AUC: 0.7500
2026-07-16 23:37:53,231 - INFO -   -> New best model saved (F1=0.6471)
2026-07-16 23:37:53,231 - INFO - 
Epoch 8/50
2026-07-16 23:37:53,509 - INFO - Train Loss: 0.6579, Train Acc: 0.6971
2026-07-16 23:37:53,509 - INFO - Val Loss: 0.7463, Val Acc: 0.7105, Val F1: 0.6857, Val AUC: 0.7500
2026-07-16 23:37:53,533 - INFO -   -> New best model saved (F1=0.6857)
2026-07-16 23:37:53,533 - INFO - 
Epoch 9/50
2026-07-16 23:37:53,798 - INFO - Train Loss: 0.6411, Train Acc: 0.7429
2026-07-16 23:37:53,798 - INFO - Val Loss: 0.7478, Val Acc: 0.7368, Val F1: 0.6429, Val AUC: 0.7386
2026-07-16 23:37:53,798 - INFO - 
Epoch 10/50
2026-07-16 23:37:54,069 - INFO - Train Loss: 0.5340, Train Acc: 0.7943
2026-07-16 23:37:54,069 - INFO - Val Loss: 0.8921, Val Acc: 0.6842, Val F1: 0.5000, Val AUC: 0.7614
2026-07-16 23:37:54,069 - INFO - 
Epoch 11/50
2026-07-16 23:37:54,339 - INFO - Train Loss: 0.5221, Train Acc: 0.8057
2026-07-16 23:37:54,339 - INFO - Val Loss: 0.9947, Val Acc: 0.6316, Val F1: 0.3636, Val AUC: 0.7727
2026-07-16 23:37:54,340 - INFO - 
Epoch 12/50
2026-07-16 23:37:54,607 - INFO - Train Loss: 0.4701, Train Acc: 0.8114
2026-07-16 23:37:54,607 - INFO - Val Loss: 0.9341, Val Acc: 0.6842, Val F1: 0.5000, Val AUC: 0.7699
2026-07-16 23:37:54,607 - INFO - 
Epoch 13/50
2026-07-16 23:37:54,877 - INFO - Train Loss: 0.5375, Train Acc: 0.8000
2026-07-16 23:37:54,877 - INFO - Val Loss: 0.8209, Val Acc: 0.7368, Val F1: 0.6154, Val AUC: 0.7812
2026-07-16 23:37:54,877 - INFO - 
Epoch 14/50
2026-07-16 23:37:55,141 - INFO - Train Loss: 0.4425, Train Acc: 0.8343
2026-07-16 23:37:55,141 - INFO - Val Loss: 0.7992, Val Acc: 0.7632, Val F1: 0.6667, Val AUC: 0.7841
2026-07-16 23:37:55,141 - INFO - 
Epoch 15/50
2026-07-16 23:37:55,409 - INFO - Train Loss: 0.4450, Train Acc: 0.8457
2026-07-16 23:37:55,409 - INFO - Val Loss: 0.7944, Val Acc: 0.7105, Val F1: 0.6452, Val AUC: 0.7869
2026-07-16 23:37:55,409 - INFO - 
Epoch 16/50
2026-07-16 23:37:55,679 - INFO - Train Loss: 0.4391, Train Acc: 0.8514
2026-07-16 23:37:55,679 - INFO - Val Loss: 0.7975, Val Acc: 0.7368, Val F1: 0.6875, Val AUC: 0.8125
2026-07-16 23:37:55,705 - INFO -   -> New best model saved (F1=0.6875)
2026-07-16 23:37:55,705 - INFO - 
Epoch 17/50
2026-07-16 23:37:55,965 - INFO - Train Loss: 0.4283, Train Acc: 0.8514
2026-07-16 23:37:55,965 - INFO - Val Loss: 0.8050, Val Acc: 0.7368, Val F1: 0.6429, Val AUC: 0.8097
2026-07-16 23:37:55,965 - INFO - 
Epoch 18/50
2026-07-16 23:37:56,233 - INFO - Train Loss: 0.4325, Train Acc: 0.8114
2026-07-16 23:37:56,233 - INFO - Val Loss: 0.8521, Val Acc: 0.7105, Val F1: 0.5600, Val AUC: 0.8097
2026-07-16 23:37:56,233 - INFO - 
Epoch 19/50
2026-07-16 23:37:56,501 - INFO - Train Loss: 0.3649, Train Acc: 0.8914
2026-07-16 23:37:56,501 - INFO - Val Loss: 0.8426, Val Acc: 0.7105, Val F1: 0.5600, Val AUC: 0.8097
2026-07-16 23:37:56,502 - INFO - 
Epoch 20/50
2026-07-16 23:37:56,768 - INFO - Train Loss: 0.3926, Train Acc: 0.8629
2026-07-16 23:37:56,768 - INFO - Val Loss: 0.8278, Val Acc: 0.7368, Val F1: 0.6154, Val AUC: 0.8068
2026-07-16 23:37:56,768 - INFO - 
Epoch 21/50
2026-07-16 23:37:57,050 - INFO - Train Loss: 0.3458, Train Acc: 0.8743
2026-07-16 23:37:57,050 - INFO - Val Loss: 0.8219, Val Acc: 0.7368, Val F1: 0.6154, Val AUC: 0.8068
2026-07-16 23:37:57,050 - INFO - 
Epoch 22/50
2026-07-16 23:37:57,315 - INFO - Train Loss: 0.3896, Train Acc: 0.8457
2026-07-16 23:37:57,315 - INFO - Val Loss: 0.8219, Val Acc: 0.7368, Val F1: 0.6154, Val AUC: 0.7983
2026-07-16 23:37:57,315 - INFO - 
Epoch 23/50
2026-07-16 23:37:57,581 - INFO - Train Loss: 0.3655, Train Acc: 0.8743
2026-07-16 23:37:57,581 - INFO - Val Loss: 0.8204, Val Acc: 0.7368, Val F1: 0.6154, Val AUC: 0.8040
2026-07-16 23:37:57,581 - INFO - 
Epoch 24/50
2026-07-16 23:37:57,861 - INFO - Train Loss: 0.3535, Train Acc: 0.8743
2026-07-16 23:37:57,861 - INFO - Val Loss: 0.7882, Val Acc: 0.7368, Val F1: 0.6154, Val AUC: 0.8040
2026-07-16 23:37:57,861 - INFO - 
Epoch 25/50
2026-07-16 23:37:58,129 - INFO - Train Loss: 0.3778, Train Acc: 0.8343
2026-07-16 23:37:58,129 - INFO - Val Loss: 0.7828, Val Acc: 0.7105, Val F1: 0.5926, Val AUC: 0.8097
2026-07-16 23:37:58,129 - INFO - 
Epoch 26/50
2026-07-16 23:37:58,411 - INFO - Train Loss: 0.3842, Train Acc: 0.8571
2026-07-16 23:37:58,412 - INFO - Val Loss: 0.7711, Val Acc: 0.7105, Val F1: 0.5926, Val AUC: 0.8125
2026-07-16 23:37:58,412 - INFO - 
Epoch 27/50
2026-07-16 23:37:58,696 - INFO - Train Loss: 0.3657, Train Acc: 0.8514
2026-07-16 23:37:58,697 - INFO - Val Loss: 0.7611, Val Acc: 0.7105, Val F1: 0.5926, Val AUC: 0.8182
2026-07-16 23:37:58,697 - INFO - 
Epoch 28/50
2026-07-16 23:37:58,980 - INFO - Train Loss: 0.3590, Train Acc: 0.8971
2026-07-16 23:37:58,980 - INFO - Val Loss: 0.7568, Val Acc: 0.6579, Val F1: 0.5517, Val AUC: 0.8068
2026-07-16 23:37:58,981 - INFO - 
Epoch 29/50
2026-07-16 23:37:59,261 - INFO - Train Loss: 0.4272, Train Acc: 0.8457
2026-07-16 23:37:59,262 - INFO - Val Loss: 0.7640, Val Acc: 0.6842, Val F1: 0.6000, Val AUC: 0.8040
2026-07-16 23:37:59,262 - INFO - 
Epoch 30/50
2026-07-16 23:37:59,545 - INFO - Train Loss: 0.3297, Train Acc: 0.8800
2026-07-16 23:37:59,545 - INFO - Val Loss: 0.7574, Val Acc: 0.6842, Val F1: 0.5714, Val AUC: 0.8097
2026-07-16 23:37:59,545 - INFO - 
Epoch 31/50
2026-07-16 23:37:59,820 - INFO - Train Loss: 0.3278, Train Acc: 0.8971
2026-07-16 23:37:59,820 - INFO - Val Loss: 0.7525, Val Acc: 0.7105, Val F1: 0.6207, Val AUC: 0.8068
2026-07-16 23:37:59,820 - INFO - Early stopping at epoch 31
2026-07-16 23:37:59,926 - INFO - 
Run 3 Test Results:
2026-07-16 23:37:59,926 - INFO -   Accuracy: 0.7105, F1: 0.6667, AUC: 0.7727
2026-07-16 23:37:59,926 - INFO - 
============================================================
Starting run 4/5
============================================================
2026-07-16 23:37:59,926 - INFO - 
Run 4: Device = mps
2026-07-16 23:38:00,005 - INFO - Train class distribution: 0=101.0, 1=74.0 (ratio 1:0.73)
2026-07-16 23:38:00,006 - INFO - Using class weighting: pos_weight = 1.36
2026-07-16 23:38:00,006 - INFO - 
Epoch 1/50
2026-07-16 23:38:00,265 - INFO - Train Loss: 0.8476, Train Acc: 0.5943
2026-07-16 23:38:00,265 - INFO - Val Loss: 0.8909, Val Acc: 0.5789, Val F1: 0.0000, Val AUC: 0.6136
2026-07-16 23:38:00,265 - INFO - 
Epoch 2/50
2026-07-16 23:38:00,538 - INFO - Train Loss: 0.7749, Train Acc: 0.6286
2026-07-16 23:38:00,538 - INFO - Val Loss: 0.9297, Val Acc: 0.5789, Val F1: 0.0000, Val AUC: 0.6307
2026-07-16 23:38:00,538 - INFO - 
Epoch 3/50
2026-07-16 23:38:00,807 - INFO - Train Loss: 0.7660, Train Acc: 0.6229
2026-07-16 23:38:00,807 - INFO - Val Loss: 0.7923, Val Acc: 0.5789, Val F1: 0.0000, Val AUC: 0.6818
2026-07-16 23:38:00,807 - INFO - 
Epoch 4/50
2026-07-16 23:38:01,073 - INFO - Train Loss: 0.7419, Train Acc: 0.6229
2026-07-16 23:38:01,073 - INFO - Val Loss: 0.7775, Val Acc: 0.4211, Val F1: 0.5926, Val AUC: 0.7159
2026-07-16 23:38:01,101 - INFO -   -> New best model saved (F1=0.5926)
2026-07-16 23:38:01,102 - INFO - 
Epoch 5/50
2026-07-16 23:38:01,364 - INFO - Train Loss: 0.7429, Train Acc: 0.6343
2026-07-16 23:38:01,364 - INFO - Val Loss: 0.7957, Val Acc: 0.4211, Val F1: 0.5926, Val AUC: 0.7159
2026-07-16 23:38:01,365 - INFO - 
Epoch 6/50
2026-07-16 23:38:01,633 - INFO - Train Loss: 0.6120, Train Acc: 0.7257
2026-07-16 23:38:01,633 - INFO - Val Loss: 0.7626, Val Acc: 0.4737, Val F1: 0.6154, Val AUC: 0.7131
2026-07-16 23:38:01,660 - INFO -   -> New best model saved (F1=0.6154)
2026-07-16 23:38:01,660 - INFO - 
Epoch 7/50
2026-07-16 23:38:01,926 - INFO - Train Loss: 0.5809, Train Acc: 0.7943
2026-07-16 23:38:01,926 - INFO - Val Loss: 0.7680, Val Acc: 0.4737, Val F1: 0.6154, Val AUC: 0.7415
2026-07-16 23:38:01,926 - INFO - 
Epoch 8/50
2026-07-16 23:38:02,191 - INFO - Train Loss: 0.6425, Train Acc: 0.7314
2026-07-16 23:38:02,191 - INFO - Val Loss: 0.8526, Val Acc: 0.4737, Val F1: 0.6154, Val AUC: 0.7443
2026-07-16 23:38:02,191 - INFO - 
Epoch 9/50
2026-07-16 23:38:02,465 - INFO - Train Loss: 0.5746, Train Acc: 0.7543
2026-07-16 23:38:02,465 - INFO - Val Loss: 0.8535, Val Acc: 0.5263, Val F1: 0.6250, Val AUC: 0.7699
2026-07-16 23:38:02,489 - INFO -   -> New best model saved (F1=0.6250)
2026-07-16 23:38:02,489 - INFO - 
Epoch 10/50
2026-07-16 23:38:02,752 - INFO - Train Loss: 0.5480, Train Acc: 0.8000
2026-07-16 23:38:02,752 - INFO - Val Loss: 0.7693, Val Acc: 0.7632, Val F1: 0.7097, Val AUC: 0.7784
2026-07-16 23:38:02,777 - INFO -   -> New best model saved (F1=0.7097)
2026-07-16 23:38:02,777 - INFO - 
Epoch 11/50
2026-07-16 23:38:03,044 - INFO - Train Loss: 0.5298, Train Acc: 0.7886
2026-07-16 23:38:03,044 - INFO - Val Loss: 0.8242, Val Acc: 0.7105, Val F1: 0.5926, Val AUC: 0.7699
2026-07-16 23:38:03,044 - INFO - 
Epoch 12/50
2026-07-16 23:38:03,310 - INFO - Train Loss: 0.4672, Train Acc: 0.8171
2026-07-16 23:38:03,310 - INFO - Val Loss: 0.8916, Val Acc: 0.6842, Val F1: 0.5385, Val AUC: 0.7614
2026-07-16 23:38:03,310 - INFO - 
Epoch 13/50
2026-07-16 23:38:03,577 - INFO - Train Loss: 0.5177, Train Acc: 0.7714
2026-07-16 23:38:03,577 - INFO - Val Loss: 0.8667, Val Acc: 0.6842, Val F1: 0.5385, Val AUC: 0.7699
2026-07-16 23:38:03,577 - INFO - 
Epoch 14/50
2026-07-16 23:38:03,847 - INFO - Train Loss: 0.4324, Train Acc: 0.8743
2026-07-16 23:38:03,847 - INFO - Val Loss: 0.8662, Val Acc: 0.6842, Val F1: 0.5385, Val AUC: 0.7812
2026-07-16 23:38:03,847 - INFO - 
Epoch 15/50
2026-07-16 23:38:04,114 - INFO - Train Loss: 0.4969, Train Acc: 0.8114
2026-07-16 23:38:04,114 - INFO - Val Loss: 0.9438, Val Acc: 0.7105, Val F1: 0.5600, Val AUC: 0.7784
2026-07-16 23:38:04,114 - INFO - 
Epoch 16/50
2026-07-16 23:38:04,380 - INFO - Train Loss: 0.4388, Train Acc: 0.8400
2026-07-16 23:38:04,380 - INFO - Val Loss: 1.0555, Val Acc: 0.6579, Val F1: 0.4348, Val AUC: 0.7841
2026-07-16 23:38:04,380 - INFO - 
Epoch 17/50
2026-07-16 23:38:04,653 - INFO - Train Loss: 0.4390, Train Acc: 0.8400
2026-07-16 23:38:04,653 - INFO - Val Loss: 1.0583, Val Acc: 0.6579, Val F1: 0.4348, Val AUC: 0.7841
2026-07-16 23:38:04,653 - INFO - 
Epoch 18/50
2026-07-16 23:38:04,920 - INFO - Train Loss: 0.4649, Train Acc: 0.8114
2026-07-16 23:38:04,920 - INFO - Val Loss: 0.9976, Val Acc: 0.6842, Val F1: 0.5000, Val AUC: 0.7869
2026-07-16 23:38:04,920 - INFO - 
Epoch 19/50
2026-07-16 23:38:05,183 - INFO - Train Loss: 0.3755, Train Acc: 0.8571
2026-07-16 23:38:05,183 - INFO - Val Loss: 0.9289, Val Acc: 0.7105, Val F1: 0.5600, Val AUC: 0.7699
2026-07-16 23:38:05,183 - INFO - 
Epoch 20/50
2026-07-16 23:38:05,456 - INFO - Train Loss: 0.4010, Train Acc: 0.8743
2026-07-16 23:38:05,456 - INFO - Val Loss: 0.8807, Val Acc: 0.7105, Val F1: 0.5600, Val AUC: 0.7756
2026-07-16 23:38:05,456 - INFO - 
Epoch 21/50
2026-07-16 23:38:05,723 - INFO - Train Loss: 0.4147, Train Acc: 0.8171
2026-07-16 23:38:05,723 - INFO - Val Loss: 0.8966, Val Acc: 0.7105, Val F1: 0.5600, Val AUC: 0.7727
2026-07-16 23:38:05,723 - INFO - 
Epoch 22/50
2026-07-16 23:38:05,994 - INFO - Train Loss: 0.3586, Train Acc: 0.8629
2026-07-16 23:38:05,994 - INFO - Val Loss: 0.8646, Val Acc: 0.7368, Val F1: 0.6154, Val AUC: 0.7756
2026-07-16 23:38:05,994 - INFO - 
Epoch 23/50
2026-07-16 23:38:06,262 - INFO - Train Loss: 0.3385, Train Acc: 0.8800
2026-07-16 23:38:06,262 - INFO - Val Loss: 0.8304, Val Acc: 0.7368, Val F1: 0.6154, Val AUC: 0.7812
2026-07-16 23:38:06,262 - INFO - 
Epoch 24/50
2026-07-16 23:38:06,533 - INFO - Train Loss: 0.4001, Train Acc: 0.8686
2026-07-16 23:38:06,533 - INFO - Val Loss: 0.8347, Val Acc: 0.7368, Val F1: 0.6154, Val AUC: 0.7898
2026-07-16 23:38:06,533 - INFO - 
Epoch 25/50
2026-07-16 23:38:06,802 - INFO - Train Loss: 0.3582, Train Acc: 0.8743
2026-07-16 23:38:06,802 - INFO - Val Loss: 0.8530, Val Acc: 0.7368, Val F1: 0.6154, Val AUC: 0.7955
2026-07-16 23:38:06,802 - INFO - Early stopping at epoch 25
2026-07-16 23:38:06,907 - INFO - 
Run 4 Test Results:
2026-07-16 23:38:06,907 - INFO -   Accuracy: 0.6842, F1: 0.6000, AUC: 0.7244
2026-07-16 23:38:06,907 - INFO - 
============================================================
Starting run 5/5
============================================================
2026-07-16 23:38:06,908 - INFO - 
Run 5: Device = mps
2026-07-16 23:38:06,987 - INFO - Train class distribution: 0=101.0, 1=74.0 (ratio 1:0.73)
2026-07-16 23:38:06,988 - INFO - Using class weighting: pos_weight = 1.36
2026-07-16 23:38:06,988 - INFO - 
Epoch 1/50
2026-07-16 23:38:07,243 - INFO - Train Loss: 0.9458, Train Acc: 0.4914
2026-07-16 23:38:07,243 - INFO - Val Loss: 0.8289, Val Acc: 0.4211, Val F1: 0.5926, Val AUC: 0.6534
2026-07-16 23:38:07,268 - INFO -   -> New best model saved (F1=0.5926)
2026-07-16 23:38:07,268 - INFO - 
Epoch 2/50
2026-07-16 23:38:07,534 - INFO - Train Loss: 0.7995, Train Acc: 0.5771
2026-07-16 23:38:07,534 - INFO - Val Loss: 0.7954, Val Acc: 0.4211, Val F1: 0.5926, Val AUC: 0.6534
2026-07-16 23:38:07,534 - INFO - 
Epoch 3/50
2026-07-16 23:38:07,797 - INFO - Train Loss: 0.7882, Train Acc: 0.6114
2026-07-16 23:38:07,797 - INFO - Val Loss: 0.7875, Val Acc: 0.4211, Val F1: 0.5926, Val AUC: 0.6875
2026-07-16 23:38:07,797 - INFO - 
Epoch 4/50
2026-07-16 23:38:08,065 - INFO - Train Loss: 0.7587, Train Acc: 0.5886
2026-07-16 23:38:08,066 - INFO - Val Loss: 0.8590, Val Acc: 0.4211, Val F1: 0.5926, Val AUC: 0.6960
2026-07-16 23:38:08,066 - INFO - 
Epoch 5/50
2026-07-16 23:38:08,333 - INFO - Train Loss: 0.6913, Train Acc: 0.6800
2026-07-16 23:38:08,333 - INFO - Val Loss: 0.7919, Val Acc: 0.4211, Val F1: 0.5926, Val AUC: 0.7216
2026-07-16 23:38:08,333 - INFO - 
Epoch 6/50
2026-07-16 23:38:08,601 - INFO - Train Loss: 0.7662, Train Acc: 0.6457
2026-07-16 23:38:08,601 - INFO - Val Loss: 0.7319, Val Acc: 0.7105, Val F1: 0.6857, Val AUC: 0.7188
2026-07-16 23:38:08,626 - INFO -   -> New best model saved (F1=0.6857)
2026-07-16 23:38:08,626 - INFO - 
Epoch 7/50
2026-07-16 23:38:08,893 - INFO - Train Loss: 0.6464, Train Acc: 0.7086
2026-07-16 23:38:08,893 - INFO - Val Loss: 0.7381, Val Acc: 0.7105, Val F1: 0.6857, Val AUC: 0.7614
2026-07-16 23:38:08,893 - INFO - 
Epoch 8/50
2026-07-16 23:38:09,159 - INFO - Train Loss: 0.5708, Train Acc: 0.8229
2026-07-16 23:38:09,159 - INFO - Val Loss: 0.8387, Val Acc: 0.4737, Val F1: 0.6154, Val AUC: 0.8011
2026-07-16 23:38:09,159 - INFO - 
Epoch 9/50
2026-07-16 23:38:09,430 - INFO - Train Loss: 0.5722, Train Acc: 0.7600
2026-07-16 23:38:09,430 - INFO - Val Loss: 0.8422, Val Acc: 0.5263, Val F1: 0.6400, Val AUC: 0.7812
2026-07-16 23:38:09,430 - INFO - 
Epoch 10/50
2026-07-16 23:38:09,701 - INFO - Train Loss: 0.5886, Train Acc: 0.7657
2026-07-16 23:38:09,701 - INFO - Val Loss: 0.8503, Val Acc: 0.6316, Val F1: 0.6667, Val AUC: 0.7500
2026-07-16 23:38:09,701 - INFO - 
Epoch 11/50
2026-07-16 23:38:09,966 - INFO - Train Loss: 0.5813, Train Acc: 0.7486
2026-07-16 23:38:09,966 - INFO - Val Loss: 0.8821, Val Acc: 0.5263, Val F1: 0.6087, Val AUC: 0.7415
2026-07-16 23:38:09,966 - INFO - 
Epoch 12/50
2026-07-16 23:38:10,233 - INFO - Train Loss: 0.5412, Train Acc: 0.7943
2026-07-16 23:38:10,234 - INFO - Val Loss: 1.4483, Val Acc: 0.4474, Val F1: 0.6038, Val AUC: 0.7784
2026-07-16 23:38:10,234 - INFO - 
Epoch 13/50
2026-07-16 23:38:10,502 - INFO - Train Loss: 0.5249, Train Acc: 0.7943
2026-07-16 23:38:10,502 - INFO - Val Loss: 0.9884, Val Acc: 0.5263, Val F1: 0.6400, Val AUC: 0.8068
2026-07-16 23:38:10,502 - INFO - 
Epoch 14/50
2026-07-16 23:38:10,770 - INFO - Train Loss: 0.5539, Train Acc: 0.7829
2026-07-16 23:38:10,770 - INFO - Val Loss: 0.8680, Val Acc: 0.6842, Val F1: 0.6250, Val AUC: 0.8097
2026-07-16 23:38:10,770 - INFO - 
Epoch 15/50
2026-07-16 23:38:11,041 - INFO - Train Loss: 0.4403, Train Acc: 0.8286
2026-07-16 23:38:11,041 - INFO - Val Loss: 0.7903, Val Acc: 0.7632, Val F1: 0.6897, Val AUC: 0.8011
2026-07-16 23:38:11,066 - INFO -   -> New best model saved (F1=0.6897)
2026-07-16 23:38:11,066 - INFO - 
Epoch 16/50
2026-07-16 23:38:11,406 - INFO - Train Loss: 0.4241, Train Acc: 0.8343
2026-07-16 23:38:11,406 - INFO - Val Loss: 0.7928, Val Acc: 0.7368, Val F1: 0.6154, Val AUC: 0.8040
2026-07-16 23:38:11,406 - INFO - 
Epoch 17/50
2026-07-16 23:38:11,766 - INFO - Train Loss: 0.4862, Train Acc: 0.8057
2026-07-16 23:38:11,767 - INFO - Val Loss: 0.7821, Val Acc: 0.7105, Val F1: 0.5926, Val AUC: 0.7926
2026-07-16 23:38:11,767 - INFO - 
Epoch 18/50
2026-07-16 23:38:12,111 - INFO - Train Loss: 0.4148, Train Acc: 0.8571
2026-07-16 23:38:12,111 - INFO - Val Loss: 0.7934, Val Acc: 0.7368, Val F1: 0.6154, Val AUC: 0.7955
2026-07-16 23:38:12,111 - INFO - 
Epoch 19/50
2026-07-16 23:38:12,451 - INFO - Train Loss: 0.4132, Train Acc: 0.8343
2026-07-16 23:38:12,451 - INFO - Val Loss: 0.7927, Val Acc: 0.7368, Val F1: 0.6154, Val AUC: 0.8011
2026-07-16 23:38:12,451 - INFO - 
Epoch 20/50
2026-07-16 23:38:12,813 - INFO - Train Loss: 0.4132, Train Acc: 0.8286
2026-07-16 23:38:12,813 - INFO - Val Loss: 0.7711, Val Acc: 0.7105, Val F1: 0.6207, Val AUC: 0.7983
2026-07-16 23:38:12,813 - INFO - 
Epoch 21/50
2026-07-16 23:38:13,184 - INFO - Train Loss: 0.3775, Train Acc: 0.8571
2026-07-16 23:38:13,185 - INFO - Val Loss: 0.7711, Val Acc: 0.7105, Val F1: 0.6207, Val AUC: 0.7983
2026-07-16 23:38:13,185 - INFO - 
Epoch 22/50
2026-07-16 23:38:13,530 - INFO - Train Loss: 0.3739, Train Acc: 0.8457
2026-07-16 23:38:13,530 - INFO - Val Loss: 0.8011, Val Acc: 0.6842, Val F1: 0.7000, Val AUC: 0.7841
2026-07-16 23:38:13,553 - INFO -   -> New best model saved (F1=0.7000)
2026-07-16 23:38:13,553 - INFO - 
Epoch 23/50
2026-07-16 23:38:13,868 - INFO - Train Loss: 0.3690, Train Acc: 0.8686
2026-07-16 23:38:13,868 - INFO - Val Loss: 0.8199, Val Acc: 0.6579, Val F1: 0.6829, Val AUC: 0.7955
2026-07-16 23:38:13,868 - INFO - 
Epoch 24/50
2026-07-16 23:38:14,211 - INFO - Train Loss: 0.3695, Train Acc: 0.8343
2026-07-16 23:38:14,211 - INFO - Val Loss: 0.8626, Val Acc: 0.6053, Val F1: 0.6809, Val AUC: 0.8011
2026-07-16 23:38:14,211 - INFO - 
Epoch 25/50
2026-07-16 23:38:14,492 - INFO - Train Loss: 0.3515, Train Acc: 0.8686
2026-07-16 23:38:14,492 - INFO - Val Loss: 0.8329, Val Acc: 0.6053, Val F1: 0.6341, Val AUC: 0.8011
2026-07-16 23:38:14,492 - INFO - 
Epoch 26/50
2026-07-16 23:38:14,845 - INFO - Train Loss: 0.3608, Train Acc: 0.8743
2026-07-16 23:38:14,845 - INFO - Val Loss: 0.7862, Val Acc: 0.7632, Val F1: 0.7429, Val AUC: 0.7955
2026-07-16 23:38:14,874 - INFO -   -> New best model saved (F1=0.7429)
2026-07-16 23:38:14,874 - INFO - 
Epoch 27/50
2026-07-16 23:38:15,245 - INFO - Train Loss: 0.3596, Train Acc: 0.8571
2026-07-16 23:38:15,245 - INFO - Val Loss: 0.7810, Val Acc: 0.7895, Val F1: 0.7647, Val AUC: 0.7898
2026-07-16 23:38:15,274 - INFO -   -> New best model saved (F1=0.7647)
2026-07-16 23:38:15,275 - INFO - 
Epoch 28/50
2026-07-16 23:38:15,612 - INFO - Train Loss: 0.3591, Train Acc: 0.8743
2026-07-16 23:38:15,612 - INFO - Val Loss: 0.7813, Val Acc: 0.7895, Val F1: 0.7647, Val AUC: 0.7926
2026-07-16 23:38:15,612 - INFO - 
Epoch 29/50
2026-07-16 23:38:15,975 - INFO - Train Loss: 0.3612, Train Acc: 0.8457
2026-07-16 23:38:15,976 - INFO - Val Loss: 0.8128, Val Acc: 0.6842, Val F1: 0.6842, Val AUC: 0.8097
2026-07-16 23:38:15,976 - INFO - 
Epoch 30/50
2026-07-16 23:38:16,301 - INFO - Train Loss: 0.3253, Train Acc: 0.8857
2026-07-16 23:38:16,301 - INFO - Val Loss: 0.8105, Val Acc: 0.6842, Val F1: 0.6842, Val AUC: 0.7955
2026-07-16 23:38:16,301 - INFO - 
Epoch 31/50
2026-07-16 23:38:16,630 - INFO - Train Loss: 0.3483, Train Acc: 0.8914
2026-07-16 23:38:16,631 - INFO - Val Loss: 0.8257, Val Acc: 0.6579, Val F1: 0.6667, Val AUC: 0.7955
2026-07-16 23:38:16,631 - INFO - 
Epoch 32/50
2026-07-16 23:38:16,971 - INFO - Train Loss: 0.3847, Train Acc: 0.8286
2026-07-16 23:38:16,971 - INFO - Val Loss: 0.8410, Val Acc: 0.6316, Val F1: 0.6500, Val AUC: 0.7955
2026-07-16 23:38:16,971 - INFO - 
Epoch 33/50
2026-07-16 23:38:17,264 - INFO - Train Loss: 0.3378, Train Acc: 0.8800
2026-07-16 23:38:17,264 - INFO - Val Loss: 0.8610, Val Acc: 0.5789, Val F1: 0.6190, Val AUC: 0.7898
2026-07-16 23:38:17,264 - INFO - 
Epoch 34/50
2026-07-16 23:38:17,702 - INFO - Train Loss: 0.2994, Train Acc: 0.8971
2026-07-16 23:38:17,702 - INFO - Val Loss: 0.8759, Val Acc: 0.5789, Val F1: 0.6522, Val AUC: 0.7926
2026-07-16 23:38:17,702 - INFO - 
Epoch 35/50
2026-07-16 23:38:18,032 - INFO - Train Loss: 0.3207, Train Acc: 0.8914
2026-07-16 23:38:18,032 - INFO - Val Loss: 0.8752, Val Acc: 0.5789, Val F1: 0.6522, Val AUC: 0.7898
2026-07-16 23:38:18,032 - INFO - 
Epoch 36/50
2026-07-16 23:38:18,339 - INFO - Train Loss: 0.3489, Train Acc: 0.8686
2026-07-16 23:38:18,339 - INFO - Val Loss: 0.8702, Val Acc: 0.5789, Val F1: 0.6364, Val AUC: 0.7955
2026-07-16 23:38:18,339 - INFO - 
Epoch 37/50
2026-07-16 23:38:18,664 - INFO - Train Loss: 0.3600, Train Acc: 0.8629
2026-07-16 23:38:18,664 - INFO - Val Loss: 0.8634, Val Acc: 0.5789, Val F1: 0.6364, Val AUC: 0.7983
2026-07-16 23:38:18,664 - INFO - 
Epoch 38/50
2026-07-16 23:38:18,993 - INFO - Train Loss: 0.3346, Train Acc: 0.8914
2026-07-16 23:38:18,993 - INFO - Val Loss: 0.8675, Val Acc: 0.5789, Val F1: 0.6364, Val AUC: 0.7955
2026-07-16 23:38:18,993 - INFO - 
Epoch 39/50
2026-07-16 23:38:19,335 - INFO - Train Loss: 0.3325, Train Acc: 0.8629
2026-07-16 23:38:19,335 - INFO - Val Loss: 0.8634, Val Acc: 0.5789, Val F1: 0.6364, Val AUC: 0.7955
2026-07-16 23:38:19,335 - INFO - 
Epoch 40/50
2026-07-16 23:38:19,670 - INFO - Train Loss: 0.3136, Train Acc: 0.8800
2026-07-16 23:38:19,670 - INFO - Val Loss: 0.8719, Val Acc: 0.6053, Val F1: 0.6667, Val AUC: 0.7955
2026-07-16 23:38:19,670 - INFO - 
Epoch 41/50
2026-07-16 23:38:20,076 - INFO - Train Loss: 0.3415, Train Acc: 0.8914
2026-07-16 23:38:20,076 - INFO - Val Loss: 0.8743, Val Acc: 0.6053, Val F1: 0.6667, Val AUC: 0.7983
2026-07-16 23:38:20,076 - INFO - 
Epoch 42/50
2026-07-16 23:38:20,429 - INFO - Train Loss: 0.3407, Train Acc: 0.8286
2026-07-16 23:38:20,429 - INFO - Val Loss: 0.8955, Val Acc: 0.5789, Val F1: 0.6667, Val AUC: 0.8011
2026-07-16 23:38:20,429 - INFO - Early stopping at epoch 42
2026-07-16 23:38:20,533 - INFO - 
Run 5 Test Results:
2026-07-16 23:38:20,533 - INFO -   Accuracy: 0.5526, F1: 0.6383, AUC: 0.7898
2026-07-16 23:38:20,534 - INFO - 
Saved all runs results to ./outputs/models/cnn_cross_fold/fold_japan/merged_brazil_usa_cnn_stage1_trainonly_results.csv
2026-07-16 23:38:20,534 - INFO - 
============================================================
2026-07-16 23:38:20,534 - INFO - SUMMARY OF ALL RUNS
2026-07-16 23:38:20,534 - INFO - ============================================================
2026-07-16 23:38:20,535 - INFO - test_acc: 0.6316 ± 0.0881
2026-07-16 23:38:20,535 - INFO - test_prec: 0.5738 ± 0.0887
2026-07-16 23:38:20,535 - INFO - test_rec: 0.7375 ± 0.1275
2026-07-16 23:38:20,535 - INFO - test_f1: 0.6299 ± 0.0357
2026-07-16 23:38:20,535 - INFO - test_auc: 0.7455 ± 0.0304
2026-07-16 23:38:20,536 - INFO - 
Best overall run: 2 (test F1=0.6667)
2026-07-16 23:38:20,536 - INFO - Best model saved at: ./outputs/models/cnn_cross_fold/fold_japan/best_cnn_run2.pth
2026-07-16 23:38:20,544 - INFO - Copied best model to ./outputs/models/cnn_cross_fold/fold_japan/best_cnn.pth
2026-07-16 23:38:20,972 - INFO - 
All plots and summaries saved to: ./outputs/models/cnn_cross_fold/fold_japan/plots
2026-07-16 23:38:20,972 - INFO - Stage 1 training completed (trainonly). Ready for embedding extraction via extract_embeddings.py
