pair_key,label,country,emb_0,emb_1,emb_2,emb_3,emb_4,emb_5,emb_6,emb_7,emb_8,emb_9,emb_10,emb_11,emb_12,emb_13,emb_14,emb_15,emb_16,emb_17,emb_18,emb_19,emb_20,emb_21,emb_22,emb_23,emb_24,emb_25,emb_26,emb_27,emb_28,emb_29,emb_30,emb_31,emb_32,emb_33,emb_34,emb_35,emb_36,emb_37,emb_38,emb_39,emb_40,emb_41,emb_42,emb_43,emb_44,emb_45,emb_46,emb_47,emb_48,emb_49,emb_50,emb_51,emb_52,emb_53,emb_54,emb_55,emb_56,emb_57,emb_58,emb_59,emb_60,emb_61,emb_62,emb_63
usa_21_47,0,usa,-0.2556738,0.2780047,-0.25809887,-0.03445552,0.053061776,0.22974652,-0.43711063,-0.04909041,0.02376768,-0.49094135,0.28138113,-0.3090827,-0.34836495,0.5804494,0.16088517,0.37295225,0.007839851,-0.0116682425,-0.5866414,-0.43581805,0.37930587,0.20739836,-0.36382487,0.14726926,0.29801625,0.5020627,0.30967277,-0.058123425,-0.14229795,0.29380658,-0.58500516,0.35811666,0.1724599,-0.33958498,0.2747158,0.25640792,-0.3767591,0.17976047,0.09557003,0.24264413,0.1660565,-0.054428965,-0.61471397,0.054296345,0.2291381,0.13117531,0.080154575,-0.15547478,0.34874812,-0.4423971,0.21341367,-0.20520954,-0.44227892,0.22364548,-0.18058276,-0.2705676,-0.082080625,-0.24992758,-0.3143375,0.3345022,-0.17239413,-0.108984485,-0.29939014,-0.013011843
usa_26_47,0,usa,-0.23301256,0.23730603,-0.19408369,-0.034527842,-0.19302724,0.04037791,-0.25908002,-0.16672447,0.171604,-0.19364014,0.16361476,-0.14525163,-0.03830316,0.38108474,-0.05813971,0.22996068,0.014045753,-0.07392755,-0.39438605,-0.23392634,0.208525,-0.06069152,-0.0070123747,0.03195651,0.29154176,0.40260923,0.24492535,0.021299906,-0.1740132,0.28482565,-0.34283394,0.48146918,0.0042111054,-0.124947764,0.13177314,0.092409454,-0.072527796,0.15267669,0.06268807,0.29735345,0.29134,0.15867215,-0.3013384,0.0795432,0.065256774,0.00953529,-0.070246816,-0.21131027,0.21872574,-0.43584263,0.16928843,0.10212172,-0.45844203,0.106920876,-0.16010514,-0.0039093196,-0.26643205,-0.082292736,-0.38448274,0.0982575,-0.03752878,-0.15955883,-0.074234575,0.041906375
usa_47_49,0,usa,-0.17113405,0.14100099,-0.18112639,-0.18641561,-0.015747674,-0.11821558,-0.2883421,-0.10640427,0.19896089,-0.27006218,0.27236286,-0.040095378,0.011154726,0.36484158,0.035104208,0.3812305,0.007156998,-0.25614044,-0.47979286,-0.4114899,0.38211495,-0.04260099,-0.17402849,0.06045042,0.28914422,0.63523763,0.3382275,-0.026174873,-0.16639952,0.3412924,-0.50691277,0.39342445,-0.06666993,-0.27025694,-0.01314915,0.1604505,-0.15147386,-0.15391211,0.07774061,0.25091293,0.33130157,-0.017627008,-0.4329641,0.029211368,0.10961058,0.062127903,-0.0980919,-0.2924898,0.2044277,-0.41365436,0.072089344,0.08263575,-0.4762017,-0.014825754,-0.07990329,-0.26473087,-0.1652579,-0.19864488,-0.24363261,0.23060244,-0.0676238,-0.11611657,-0.23139301,0.04711326
usa_47_104,0,usa,-0.4292178,0.3721612,-0.26167643,-0.051135715,-0.047497556,0.3362783,-0.39957938,-0.20097682,-0.10686669,-0.55711335,0.39678016,-0.19834638,-0.3794216,0.6565376,0.24786966,0.31188303,0.16185223,0.25435686,-0.4537853,-0.7315578,0.4452889,0.17487128,-0.4834399,-0.15972942,0.21208778,0.3112049,0.3022579,-0.21471867,-0.44221416,0.5114503,-0.5915126,0.18892846,0.14777473,-0.43644282,0.53418756,0.15579514,-0.19602087,0.58807945,0.08593391,0.18258601,-0.058014788,0.38168013,-0.35440862,0.17140403,0.30073327,0.29748762,0.06339952,-0.024042487,0.4917937,-0.3173827,0.3866315,-0.29108953,-0.859389,0.2919385,-0.61260307,-0.42687726,-0.25712073,-0.22576736,-0.9715841,0.3103156,-0.21895467,-0.1361863,-0.1652501,0.48454025
usa_21_49,0,usa,-0.20367533,0.18029284,-0.26722226,-0.31227636,0.0039264485,0.058654793,-0.4039791,-0.05323646,-0.09080325,-0.4130928,0.20250449,-0.019692995,-0.2307074,0.42643732,0.1357901,0.39387113,-0.0060166717,-0.30501023,-0.4310428,-0.3545197,0.48034108,0.22929153,-0.10226022,0.06654835,0.2754596,0.552277,0.31791824,-0.099653974,-0.22909707,0.30284217,-0.5124843,0.36206022,-0.15134847,-0.3958716,-0.02377154,0.16771196,-0.3568157,-0.0967219,0.051003084,0.16500545,0.24121211,-0.03867376,-0.3863011,0.13497391,0.16157193,0.14720501,0.106757954,-0.16564006,0.27623808,-0.34839153,0.15451843,-0.09153778,-0.52932143,-0.004686184,-0.28875044,-0.36925972,-0.09020939,-0.28990102,-0.33029544,0.32489485,-0.06981065,-0.2382565,-0.26115015,-0.015321307
usa_21_104,0,usa,-0.70533377,0.8256433,-0.66879666,-0.56862825,0.3979581,0.680698,-0.49151632,-0.6348122,-0.27658555,-0.6515932,0.68112403,-0.5962167,-0.7434037,0.8165112,0.44461834,0.7939804,0.49897462,0.48560423,-0.6396314,-1.1467509,0.80179363,0.325367,-0.54163146,-0.39472422,0.58644617,0.112148345,0.65795076,-0.46754956,-0.50511587,0.54671115,-1.139768,-0.06731196,0.69872874,-0.6634993,0.7816388,0.49649626,-0.6271622,0.65508455,-0.12857844,0.76775455,-0.3430361,0.5420626,-0.84663117,0.42330462,0.4682066,0.66025466,0.463206,0.18595019,0.741369,-0.67238855,0.71177244,-0.5624801,-0.7262729,0.5621923,-0.7275182,-0.6652668,-0.48192704,-0.6520219,-0.7196506,0.7571175,-0.60776645,-0.4173915,-0.42529333,0.5806753
usa_26_49,0,usa,-0.34686148,0.21717134,-0.28841013,-0.41295445,0.03290976,-0.09430409,-0.32001382,-0.16418397,0.03471388,-0.30196908,0.17516279,-0.049929876,-0.16109012,0.3355447,0.116531014,0.43108588,0.09319721,-0.30455002,-0.48593986,-0.37675616,0.5221824,0.2617033,-0.11711194,-0.08935865,0.22028512,0.62374836,0.48977402,-0.07802624,-0.23767467,0.30431065,-0.57378095,0.2744563,-0.071735285,-0.36837864,-0.060823746,0.24611339,-0.282569,-0.12340827,0.03542766,0.25518364,0.22343557,-0.06472263,-0.5186622,0.21965188,0.2135289,0.22732717,0.13822237,-0.15395823,0.28491294,-0.39314097,0.09010807,-0.08297946,-0.54590386,-0.057516985,-0.22552836,-0.25731426,-0.2511742,-0.2250509,-0.3341102,0.2895823,-0.11920274,-0.26111275,-0.3784032,0.11502405
usa_26_104,0,usa,-0.5641362,0.66377753,-0.5488871,-0.5894039,0.46905744,0.6365195,-0.44707504,-0.46157914,-0.31568855,-0.75365525,0.5402383,-0.4112637,-0.529627,0.749144,0.27814752,0.63058007,0.49301997,0.26750076,-0.71481943,-0.9329243,0.6566446,0.4975577,-0.3795307,-0.5187322,0.53596264,0.23944764,0.8113049,-0.47722524,-0.65140855,0.6822066,-0.8909227,-0.062426664,0.46669194,-0.57189,0.69136363,0.43355674,-0.51856303,0.5490295,-0.15527019,0.5519249,-0.21816409,0.5972467,-0.756773,0.37468797,0.27027953,0.53555924,0.29173154,-0.10017417,0.6132941,-0.68782866,0.5039865,-0.3420545,-0.82957137,0.34634027,-0.5143774,-0.46579307,-0.45486987,-0.48255506,-0.7202991,0.6261281,-0.4742622,-0.3725835,-0.4479699,0.533225
usa_49_104,0,usa,-0.09439501,-0.023760185,-0.17167175,-0.15818515,-0.06822242,-0.1053678,-0.1897662,-0.026215166,0.12604254,-0.31345242,0.104009695,0.12106478,-0.0036253408,0.25681812,-0.054157615,0.26814446,-0.023252167,-0.5611111,-0.36683354,-0.19327904,0.31668666,-0.057959095,-0.025729202,0.30050606,0.11259469,0.78050536,0.2790013,0.085141875,-0.07087887,0.24743372,-0.46005458,0.4805855,-0.21280947,-0.35227513,-0.15605512,0.053921625,-0.04890265,-0.27734098,0.0762216,0.16292892,0.51717037,-0.20367397,-0.3262099,0.094069965,0.08172395,-0.077202275,-0.023726806,-0.3438997,0.08531137,-0.34001994,0.02981868,0.09413048,-0.41192144,-0.027945139,-0.072834715,-0.2727067,-0.039422072,-0.15112631,-0.24308045,0.24509907,0.00032325834,-0.14234951,-0.17972594,-0.088019386
usa_47_84,0,usa,-0.5917529,0.5411835,-0.7529201,-0.3881206,0.13590463,0.51520777,-0.54571056,-0.46618283,-0.34492457,-0.66891336,0.48848698,-0.5598943,-0.54952556,1.0264686,0.37588665,0.69439936,0.3794131,0.28604597,-0.7702057,-0.87326676,0.62401253,0.46556437,-0.4254433,-0.40016502,0.79255897,0.25455433,0.8041332,-0.504824,-0.55156374,0.792739,-0.8215702,0.1204214,0.46412814,-0.562598,0.60573965,0.44575143,-0.50684786,0.72197556,-0.065950215,0.58829755,0.043488666,0.3971833,-0.89895034,0.29061276,0.3905814,0.42234492,0.2715261,-0.026553392,0.59491175,-0.7568239,0.54156065,-0.34530842,-0.7916019,0.6162113,-0.42120308,-0.73250145,-0.4697968,-0.5697737,-0.73917615,0.58049566,-0.51219976,-0.3567042,-0.49996173,0.40648276
usa_84_104,0,usa,-0.76992464,0.7780596,-0.96433026,-0.73584753,0.4155901,0.5822447,-0.5890663,-0.83709055,-0.5591562,-0.7142771,0.6775659,-0.73963135,-0.67205507,0.9729427,0.5683719,0.8080335,0.70049226,0.41818532,-0.89342785,-1.1126859,0.71409035,0.63123053,-0.3797473,-0.42028648,0.85858387,0.06937808,0.8463671,-0.6367311,-0.67404866,0.8688403,-1.0274901,-0.09661214,0.7073547,-0.71528786,0.7738766,0.58574075,-0.57492757,0.9623306,-0.21926479,0.7458287,-0.3022179,0.60383874,-0.93534327,0.59392095,0.51041627,0.5366626,0.523739,0.2058602,0.7206221,-0.83522904,0.74445117,-0.522929,-1.1341624,0.59748,-0.6433429,-0.68495893,-0.6805153,-0.7701305,-1.0714352,0.7424953,-0.7278691,-0.5835227,-0.5639202,0.5953847
usa_73_106,0,usa,-0.46790045,0.2005419,-0.41498873,-0.25751433,0.118035436,0.4112954,-0.38016656,-0.2561639,-0.17856625,-0.45485318,0.2420333,-0.06848244,-0.39194262,0.39270812,0.23500006,0.34229127,0.26334217,-0.13806942,-0.4069626,-0.39159814,0.31987274,0.2247488,-0.16047093,-0.03748849,0.24279729,0.5754692,0.6095793,-0.13886806,-0.42253727,0.32424453,-0.49441987,9.484589e-06,-0.034621485,-0.32516712,0.19154455,0.2432071,-0.38534892,0.08373263,-0.055818774,0.25036627,0.2882743,0.16393287,-0.5909756,0.14267935,0.18079478,0.17843431,0.18615922,-0.2348004,0.32681882,-0.5045997,0.2496064,-0.10974967,-0.6101168,0.04997453,-0.27508035,-0.47256583,-0.20271534,-0.24365756,-0.40271258,0.36240846,-0.25433105,-0.17236139,-0.30339837,0.100065365
usa_92_106,0,usa,-0.44759977,0.35573283,-0.32613122,-0.414464,0.19325593,0.10264864,-0.55724406,-0.31419373,-0.060276046,-0.46337593,0.34070653,-0.26707232,-0.33245116,0.4618391,0.23420678,0.5604841,0.23921216,-0.17899913,-0.5540663,-0.5736885,0.51972246,0.23821442,-0.21173504,-0.18052785,0.2495649,0.537965,0.6465876,-0.21500948,-0.4968425,0.35789514,-0.70649874,0.2791016,0.22744247,-0.5643554,0.37396944,0.36544806,-0.41249514,0.09900633,-0.044590928,0.2645449,0.08969423,0.31775063,-0.5686978,0.2709628,0.3388796,0.24112636,0.28236222,-0.14550607,0.4444222,-0.597645,0.10385429,-0.1887842,-0.6741006,0.23815018,-0.38463992,-0.5448979,-0.27198833,-0.34407446,-0.5524806,0.43109372,-0.26726803,-0.24681944,-0.4326498,0.3200965
usa_3_67,1,usa,-0.044721648,0.15931109,-0.3333781,-0.22852926,0.0023548454,0.18011272,-0.2630484,-0.3419445,-0.033707645,-0.46668524,0.12136471,-0.18494369,-0.28909725,0.36398166,0.07624994,0.33134195,0.08612694,-0.07976878,-0.5742564,-0.39984396,0.40527913,0.08135358,-0.12259789,-0.026709579,0.45967454,0.4317932,0.4683258,-0.1476185,-0.12900122,0.42587367,-0.51786083,0.34432596,-0.03776478,-0.36478576,0.2096934,0.09301718,-0.30236733,0.05598325,-0.055549804,0.25560492,0.29426533,0.012094885,-0.46428877,0.19858322,0.15510803,0.165259,0.0028591529,-0.18325323,0.347448,-0.36728182,0.35726038,0.004665971,-0.4571125,0.14260705,-0.22103146,-0.32951292,-0.19363457,-0.33518207,-0.35761088,0.34243608,-0.003650345,-0.17512378,-0.20497718,0.18583098
usa_12_67,1,usa,-0.12746501,0.08686849,-0.19196373,-0.17991346,0.034758046,0.1271403,-0.35950643,-0.054148015,0.005941473,-0.39262396,0.21461344,-0.07096253,-0.23884067,0.34702906,0.037479766,0.33073187,-0.033034153,-0.3255771,-0.34355384,-0.32115206,0.40437463,0.16990224,-0.16233733,0.16682816,0.0981231,0.65069383,0.34125996,-0.014598273,-0.14738858,0.26825848,-0.49382582,0.36631632,-0.12214502,-0.3581497,0.060448267,0.12846665,-0.22574168,-0.21419743,0.09099628,0.05559216,0.29221988,0.073456764,-0.50703925,0.105453506,0.13607179,-0.0036550164,0.056065693,-0.3182824,0.19689162,-0.28592795,0.05281462,-0.0675239,-0.5211676,-0.04447592,-0.18825279,-0.39089316,-0.11061647,-0.2096436,-0.2833982,0.23538384,-0.09799414,-0.117926985,-0.13149104,-0.011347361
usa_43_67,1,usa,-0.27299038,0.12093392,-0.32695863,-0.24359533,0.034759164,0.10535138,-0.32203987,-0.1197057,-0.116175056,-0.42666984,0.3443577,-0.08553103,-0.2247082,0.39125854,0.13561538,0.4088594,0.10018194,-0.3571402,-0.4755107,-0.45903787,0.44986963,0.15524852,-0.18230426,0.123404086,0.27962106,0.64232427,0.47402677,-0.06955849,-0.23673391,0.3634545,-0.63280505,0.3252532,0.0022182688,-0.43325156,0.13536459,0.24810597,-0.21268144,-0.07317601,0.025485486,0.2610265,0.32199067,0.032316234,-0.52185625,0.21940896,0.197406,0.10472797,0.093637004,-0.2564725,0.20840964,-0.49054435,0.1424022,-0.16000894,-0.59886134,0.13814984,-0.20410088,-0.45489162,-0.13533153,-0.2981733,-0.34122914,0.2676268,-0.1837663,-0.22406913,-0.22811656,0.0708056
usa_3_12,1,usa,0.09284493,-0.30729452,-0.00048009306,0.16881958,-0.19079013,-0.22112957,-0.04715358,0.06555687,0.10067342,-0.23393199,-0.13238981,0.2708496,0.106884286,-0.003251344,-0.17665824,-0.009601399,-0.22120923,-0.5747556,-0.093697794,0.052624702,0.12788334,-0.10425131,0.11670261,0.3369639,-0.045287028,0.7148602,0.115815565,0.24028349,0.11213979,0.1292812,-0.1930185,0.41779694,-0.6047098,0.060996346,-0.17268607,-0.13978109,-0.026264377,-0.5603402,0.10867113,-0.13340694,0.54688156,-0.29276717,0.028536469,-0.17126133,-0.07982151,-0.047556892,-0.15343769,-0.36338803,-0.06999654,-0.0697365,0.07010581,0.22524828,-0.38544083,-0.28485805,-0.11665585,-0.15864936,0.18052,0.0006852597,-0.026179314,0.0055075437,0.32128033,0.101603776,0.12679835,-0.08577116
usa_3_43,1,usa,-0.19052413,0.26754048,-0.36168474,-0.3115463,0.06658361,-0.0069916993,-0.27201217,-0.4403034,-0.0123707205,-0.4763531,0.13466193,-0.13098381,-0.18221687,0.38787422,0.07756586,0.3836868,0.22143221,-0.299257,-0.5294087,-0.43423936,0.34359404,0.018421039,-0.06100637,0.040062726,0.3009547,0.47965586,0.5187658,-0.07489724,-0.18158361,0.23038661,-0.6527764,0.25151065,0.10209092,-0.37022397,0.18617272,0.21136966,-0.2530086,-0.037039697,-0.043902956,0.38601923,0.30451727,0.034526028,-0.40687966,0.25135592,0.1492858,0.14080372,0.1459061,-0.14399308,0.41151845,-0.4218493,0.23538975,-0.04795952,-0.44641083,0.21004185,-0.21205994,-0.31852108,-0.23602098,-0.4033481,-0.34273383,0.32699,-0.06473496,-0.21975006,-0.2925424,0.13015676
usa_12_43,1,usa,-0.561643,0.38197526,-0.53473157,-0.14475757,0.45455605,0.44850272,-0.4626467,-0.38186443,-0.28592914,-0.69682413,0.71388125,-0.39969197,-0.65034735,0.5245126,0.37331063,0.3555148,0.6111894,0.55192685,-0.17698759,-0.85164636,0.43295443,0.41700405,-0.38821226,0.16117889,0.26975617,0.20958759,0.43832225,-0.36257735,-0.39434895,0.5031073,-0.7000945,-0.07896428,0.39877683,-0.23642379,0.85788643,0.17628255,-0.3780727,0.63629675,-0.089235894,-0.13234991,-0.42915946,0.6759629,-0.58087224,0.2543515,0.4749057,0.52838516,0.42140478,0.039410193,0.62314254,-0.11606985,0.22663738,-0.15426606,-0.73100483,0.24723399,-0.68047446,-0.4113549,-0.3857838,-0.3410346,-0.8258959,0.4881931,-0.35862818,-0.3736681,-0.0018671975,0.4165885
usa_73_83,0,usa,-0.64009005,0.4553384,-0.6868978,-0.47679114,0.32302052,0.3685786,-0.7645662,-0.5114204,-0.22407474,-0.6512056,0.66680163,-0.3847352,-0.47009182,0.70088786,0.36595115,0.7302019,0.36712763,0.12516162,-0.64849347,-0.677381,0.6111603,0.40021735,-0.36558053,-0.36764324,0.66973263,0.204067,0.89423585,-0.43733132,-0.5199064,0.6553648,-0.74071115,0.084458075,0.2652676,-0.53559095,0.4698451,0.46721584,-0.4077097,0.5382468,-0.07533173,0.46424752,-0.0076054707,0.4180165,-0.83348274,0.2772265,0.42548075,0.42248356,0.4277019,-0.16448796,0.5525241,-0.6731142,0.5097127,-0.37996033,-0.78820485,0.32563716,-0.51077753,-0.6251323,-0.50227606,-0.50234115,-0.79684865,0.3862178,-0.38550973,-0.33840987,-0.55783135,0.41000146
usa_22_43,1,usa,-0.07712039,-0.00538522,-0.026826903,-0.053396504,-0.123830125,-0.11295011,-0.11451809,-0.12019536,0.028692432,-0.37354118,0.0977754,0.13057919,-0.17833616,0.18331406,-0.14413834,0.12782921,0.05844691,-0.28535295,-0.15617976,-0.21789096,0.35970402,-0.12668441,0.069731556,0.35118446,0.021159954,0.5774582,0.16675821,0.05120065,0.03929223,0.18372837,-0.27681512,0.34852284,-0.1640935,-0.26683468,-0.06357572,-0.058230467,-0.3227833,-0.096845016,0.05344133,-0.05101934,0.09559937,-0.029094197,0.045368448,-0.09154102,0.11493974,-0.0031702593,0.021604486,-0.17267352,0.31448388,-0.17018446,-0.123555616,-0.12806432,-0.2826402,-0.08486507,-0.348385,-0.21194692,0.16213182,0.044978872,-0.37912196,0.33977917,0.08758322,-0.18883827,0.065382004,0.14964244
usa_43_64,1,usa,0.07618749,-0.5499377,0.39154023,0.579026,-0.24079888,-0.6820696,0.22739336,0.3301332,0.5342615,-0.08447476,-0.28895962,0.6912157,0.1573361,-0.19430068,-0.33680913,-0.26470673,-0.07953247,-0.74764985,0.17248628,0.5302762,-0.060982756,-0.4362991,0.42333436,0.47179374,-0.49488908,0.9411837,-0.2915543,0.41424435,0.14578341,-0.086625166,0.0710124,0.6877305,-0.5468657,-0.033959016,-0.27832332,-0.4289574,0.24066252,-0.63295364,0.30155438,-0.53373086,0.38379562,-0.2839294,0.3331381,-0.35852045,-0.04798667,-0.22838385,-0.59406847,-0.5334401,0.07356293,0.3883189,-0.44564557,0.44927144,-0.11865317,-0.5978717,0.25922805,-0.037765857,0.16111013,0.3638359,0.06412761,0.009389378,0.27370167,0.18717697,0.36545008,-0.1206169
usa_43_119,1,usa,-0.61583114,0.3836085,-0.5353876,-0.5403712,0.2734121,0.56833595,-0.4703811,-0.452484,-0.3799839,-0.5460338,0.8528418,-0.47190782,-0.58765346,0.6464364,0.43028787,0.6262015,0.44734693,0.12746707,-0.6572804,-0.79991984,0.73711216,0.3853565,-0.2855955,-0.20340192,0.69629914,0.31942827,0.73000336,-0.38964158,-0.494923,0.65213174,-0.76030374,0.0773922,0.16932276,-0.5544853,0.39083993,0.35796815,-0.46065232,0.39441752,-0.18325461,0.38990277,0.17643435,0.26211542,-0.7467979,0.43666846,0.4439526,0.49709207,0.38765192,0.027422942,0.69363165,-0.62281895,0.6509421,-0.32691854,-0.7285675,0.26730523,-0.3334108,-0.6153881,-0.53841984,-0.5844183,-0.686141,0.39380962,-0.5721644,-0.47344792,-0.37729663,0.4149021
usa_22_64,1,usa,-0.41442797,0.20630305,-0.13398162,0.11356205,0.28417408,0.0062154755,-0.34855586,-0.2563184,-0.15766588,-0.52617556,0.16684604,-0.23616856,-0.34806716,0.3995927,0.3439035,0.5980312,0.40643764,-0.236539,-0.36681324,-0.39007044,0.415374,0.33668607,-0.24730858,0.088653594,0.09985582,0.86911714,0.54400444,-0.4109668,-0.4897364,0.52946883,-0.60007787,0.22312364,0.12980013,-0.43884772,0.33305278,0.28255042,-0.28490734,0.3015139,-0.014313601,-0.071008,-0.065980464,0.22138442,-0.3647629,0.11995737,0.41199678,0.23323795,0.10997558,-0.08453621,0.47875044,-0.22425595,0.040257256,-0.09943296,-0.4551279,-0.003997676,-0.48103657,-0.42958117,-0.114432015,-0.35555217,-0.7470095,0.55347735,-0.14788927,-0.069743164,-0.3825621,0.2687915
usa_22_119,1,usa,-0.2442139,0.11496714,-0.17606485,-0.19394496,-0.05305311,0.17664279,-0.5157762,-0.11468613,-0.032749414,-0.5912669,0.14843719,0.018054046,-0.14819765,0.32447314,-0.08014339,0.22133401,0.043974146,-0.22056744,-0.3151647,-0.3116343,0.28271917,0.08480332,-0.048604954,-0.058545955,0.1500485,0.41267973,0.36266318,-0.1513557,-0.053121027,0.24195951,-0.22807914,0.22330603,-0.35986415,-0.38412368,-0.05926139,-0.022368059,-0.3289382,-0.34360647,0.05984375,-0.026158832,0.3537416,0.089622505,-0.28653672,0.09331964,0.25644892,0.10317636,0.08541627,-0.276462,0.1631679,-0.14580882,0.12621802,-0.05006393,-0.46408105,0.03140457,-0.27473903,-0.29209077,-0.080920815,-0.05633941,-0.2932105,0.21991843,-0.0024801493,-0.11133276,-0.15658517,0.17577617
usa_64_119,1,usa,-0.48223773,0.25503224,-0.22142336,-0.4484727,-0.051452443,0.3024385,-0.013988726,-0.29772887,0.058814853,-0.6210462,0.413756,0.01914481,-0.3551188,0.28097737,0.14308754,0.4295267,0.23254874,-0.14916365,-0.67232,-0.46845782,0.45500875,0.078230895,0.044268407,-0.014891408,0.13010055,0.39025414,0.4412793,-0.18727386,-0.34603646,0.25569654,-0.50900865,0.22821978,-0.14112297,-0.4231238,0.13069907,0.08410824,-0.3082784,-0.10638891,-0.06938863,0.43071777,0.28692943,0.005098164,-0.3141869,0.28469175,0.34641668,0.3526804,0.3508389,-0.30705482,0.4392666,-0.5027989,0.123050764,-0.06281238,-0.4715529,0.30914745,-0.3208965,-0.3053558,-0.2802797,-0.23447303,-0.36007434,0.26135862,-0.3022488,-0.20941526,-0.3779521,0.31529304
usa_43_99,1,usa,-0.5444131,0.43234962,-0.45273942,-0.44321087,0.2509207,0.15638371,-0.5087538,-0.51910484,-0.24723601,-0.5357356,0.3593794,-0.19176549,-0.36823457,0.47712404,0.1514988,0.41778257,0.4914354,0.0064407215,-0.6762026,-0.5967467,0.5367274,0.34941936,-0.15542743,-0.2773739,0.5664161,-0.046801038,0.6473628,-0.39044318,-0.5273825,0.44653758,-0.5989748,-0.18177408,0.11495467,-0.7361061,0.35472953,0.32199222,-0.46159476,0.30781126,-0.11421053,0.5670167,-0.22681227,0.28164205,-0.60518897,0.33235306,0.2358912,0.48902905,0.37347937,0.044990413,0.50285935,-0.50127137,0.42479023,-0.26191437,-0.7302484,0.41211933,-0.52416575,-0.70601237,-0.33487386,-0.45380786,-0.51677036,0.58097965,-0.5368145,-0.42879194,-0.3811177,0.5632347
usa_64_99,1,usa,-0.6221503,0.49169484,-0.48330384,-0.6154294,0.48783904,0.14480475,-0.57832783,-0.81970584,-0.5943055,-0.64802676,0.64601773,-0.39281902,-0.6257089,0.73674023,0.44837895,0.581351,0.46708438,0.015383013,-0.66973835,-0.35775527,0.56673425,0.43106014,-0.41538578,-0.41780806,0.5447726,-0.35539788,0.64274764,-0.5648499,-0.7918844,0.44276294,-0.77688694,-0.4146071,0.37298682,-0.7799128,0.51730114,0.529473,-0.68007123,0.5524321,-0.48233417,0.82762283,-0.38095546,0.58999866,-0.7298285,0.64217645,0.38369876,0.45011318,0.513294,0.3903464,0.553208,-0.5376853,0.46249235,-0.4976867,-0.928247,0.66481066,-0.57299864,-0.7208176,-0.4701554,-0.6929352,-0.59911084,0.6292874,-1.0271715,-0.66193366,-0.6214963,0.8521358
usa_8_83,0,usa,-0.25512195,0.2005074,-0.17758588,-0.4156577,0.037055306,0.12723517,-0.27513978,-0.19881557,-0.16665658,-0.36589926,0.21713626,0.00866662,-0.16944161,0.31767318,0.12929,0.425087,0.06105896,-0.49739182,-0.5105911,-0.34701902,0.421585,0.1272209,0.01880309,0.00084192306,0.11386734,0.5877472,0.267133,-0.15111585,-0.36822274,0.2178927,-0.46210906,0.3293585,-0.06575111,-0.58646005,-0.06582429,0.1562267,-0.3337285,-0.08507644,0.008406453,0.25736034,0.29626572,0.0037068352,-0.41518593,0.23626125,0.20042975,0.08953998,0.20396358,-0.14324807,0.37465706,-0.25964883,0.22708112,-0.14945343,-0.5380645,0.0023980215,-0.1811069,-0.45856285,-0.119610876,-0.28235397,-0.2590642,0.34153056,-0.21120614,-0.28030643,-0.30119756,0.14668131
usa_83_104,0,usa,-0.61727136,0.46041343,-0.75292224,-0.5978541,0.2927152,0.5524015,-0.75547194,-0.42650717,-0.38099897,-0.712527,0.59660524,-0.5364312,-0.7597052,0.9171065,0.5294837,0.755501,0.38675582,0.22631522,-0.7561138,-0.77686536,0.797858,0.55979323,-0.4916537,-0.4771061,0.63894254,0.507402,0.8801874,-0.5497996,-0.67819643,0.73396856,-0.92704606,0.21601298,0.46007845,-0.65666807,0.6568136,0.52779424,-0.62459314,0.51698536,-0.069762066,0.3857959,-0.037715904,0.5159262,-0.92279273,0.35793245,0.52962315,0.3469149,0.34329247,-0.05381693,0.64088935,-0.7262353,0.440059,-0.38157424,-0.8380044,0.50029826,-0.46647096,-0.729641,-0.5176646,-0.6093081,-0.8640034,0.6767646,-0.38684902,-0.3700512,-0.55617964,0.38522917
usa_8_73,0,usa,-0.45339003,0.4860046,-0.57830906,-0.47158867,0.3497687,0.47770178,-0.56588626,-0.39223617,-0.2495506,-0.6515748,0.52806437,-0.36973852,-0.3156727,0.75093275,0.29968762,0.6370683,0.32311332,0.008470625,-0.7071192,-0.7042968,0.6018978,0.32142323,-0.37508902,-0.40732068,0.55948293,0.28046894,0.64588857,-0.4686667,-0.43735245,0.5707288,-0.75144976,0.049904294,0.17458816,-0.67761344,0.3828199,0.3332087,-0.37516093,0.532241,-0.029192388,0.55095685,0.095711276,0.33865952,-0.723529,0.25756586,0.3774668,0.36997265,0.31340516,-0.08281325,0.5624973,-0.57086504,0.43033105,-0.3272457,-0.7125035,0.47687995,-0.35421008,-0.6575354,-0.38017088,-0.5348074,-0.6557765,0.55359584,-0.3451602,-0.400105,-0.42165703,0.4305092
usa_8_104,0,usa,-0.13546641,0.020649351,-0.0044632927,-0.13231891,0.06242109,-0.22823921,-0.19108984,-0.009990968,0.048363775,-0.19048817,0.104393974,0.28220582,0.04476911,0.12989415,0.08146997,0.3238686,-0.09920082,-0.76323754,-0.2969052,-0.07637857,0.23717421,-0.07984902,0.08559885,0.11886655,-0.100958794,0.7440673,0.16442323,0.032620914,-0.26142168,0.07101913,-0.45260656,0.46097144,-0.28354713,-0.39247358,-0.15624169,0.07625706,-0.10429196,-0.3207497,0.14775829,0.07954199,0.4892609,-0.080256894,-0.14790693,-0.013405912,0.0879986,-0.061037242,-0.0037899315,-0.40227187,0.2347674,-0.1938284,-0.1325533,0.01143761,-0.43892998,-0.06025552,-0.11559427,-0.31894797,-0.0077084824,-0.063869044,-0.19667375,0.19709805,-0.05284345,-0.13254645,-0.18643747,0.021607302
usa_73_104,1,usa,-0.49319708,0.44274175,-0.26295644,-0.084362134,0.21792457,0.06889821,-0.59587777,-0.2993814,0.010090962,-0.45205295,0.25565588,0.045915514,-0.34929955,0.5954462,-0.1141274,0.362096,0.19280232,-0.2009728,-0.3370065,-0.35669598,0.3041528,0.01630631,-0.088528946,-0.03751627,0.29856542,0.39046365,0.55444574,-0.124723665,-0.35299182,0.22764236,-0.44709775,0.2672717,0.065263666,-0.30005482,0.39703918,0.15096979,-0.22184238,0.23024365,0.020710282,0.22725236,0.094090715,0.30755192,-0.54152375,0.039931882,0.14471754,0.2216289,0.025345594,-0.29615065,0.17308426,-0.33680916,0.25254655,-0.19374916,-0.55882424,0.17730054,-0.34240454,-0.35604858,-0.24819309,-0.25842133,-0.34553346,0.32806757,-0.2672152,-0.07693685,-0.331165,0.12535492
usa_39_112,0,usa,-0.1708607,-0.055807687,-0.023232836,-0.09318653,-0.04372613,-0.2146469,-0.13567328,-0.065879405,0.09139207,-0.26075375,0.17894545,0.17044926,-0.016476378,0.21006843,-0.08257115,0.23115227,0.0316234,-0.7320601,-0.33194095,-0.06906459,0.1895633,-0.09023416,0.15163824,0.31168288,0.0321201,0.8157712,0.26875174,0.13396463,-0.0337503,0.15800464,-0.43811172,0.50125253,-0.24009708,-0.37140235,-0.30235988,0.072926745,-0.03331878,-0.34632546,0.07982406,0.18155676,0.5462626,-0.2205263,-0.19153978,0.16620468,0.004630491,-0.10113558,-0.05667372,-0.33631226,0.11864964,-0.266724,0.020991743,0.13036302,-0.42730945,-0.043086983,-0.0015858114,-0.20917445,-0.11474709,-0.14211936,-0.20323043,0.062273517,-0.06375204,-0.1363082,-0.13662705,-0.119214475
usa_110_112,0,usa,-0.06770828,-0.17881173,0.10465459,0.21654767,-0.24651204,-0.48536736,-0.07538517,0.06821273,0.17512359,-0.029654637,0.023069225,0.44870353,0.1320092,-0.017048053,-0.26852888,0.0010563508,-0.18202072,-0.92113024,-0.20423055,0.10602288,0.025304332,-0.28553897,0.22049356,0.319379,-0.10767493,0.7979605,-0.046849355,0.19653177,0.22808874,-0.05625076,-0.26099023,0.58400506,-0.6006752,-0.30914494,-0.47246352,-0.13034433,0.16357377,-0.52683115,0.110587135,-0.012830161,0.6522079,-0.36778617,0.1397817,0.0056909993,-0.030510902,-0.105539545,-0.34226215,-0.34621355,-0.37283084,-0.09493784,0.0057884604,0.3383956,-0.26574156,-0.16239306,-0.028068826,0.040028304,0.025501542,0.017751902,-0.09771747,-0.17652261,0.093050994,0.02766753,0.15231073,-0.13476901
usa_33_47,0,usa,-0.2318262,0.08697597,-0.3384172,-0.20927313,0.008412741,-0.034133837,-0.28599823,-0.16054462,-0.017569087,-0.34561175,0.19321783,-0.037526306,-0.12704313,0.400206,0.038000107,0.38467264,0.08402148,-0.5251026,-0.4773165,-0.35848796,0.35370883,0.06799154,-0.0675247,0.14477493,0.20223728,0.7306502,0.45436245,-0.016530924,-0.21851523,0.29595256,-0.5895897,0.3848673,0.011852898,-0.49771821,0.009328537,0.19445422,-0.17986849,-0.09395522,0.048829004,0.25886366,0.4040516,-0.0607453,-0.47996998,0.24839419,0.1588614,0.040960398,0.046965547,-0.2544001,0.17575732,-0.42306918,0.11806901,-0.056873992,-0.5480242,0.15958226,-0.14747763,-0.37217277,-0.15243842,-0.30118304,-0.3192322,0.24386948,-0.16364267,-0.21336035,-0.26796532,0.017892532
usa_12_22,1,usa,-0.54307336,0.57893,-0.63805825,-0.5675704,0.24968456,0.3770981,-0.6849658,-0.6353909,-0.39681745,-0.84526294,0.4993779,-0.4621534,-0.5029172,0.56549746,0.30484837,0.64089626,0.4270472,0.02147115,-0.82596123,-0.72661066,0.7158852,0.41213363,-0.41106045,-0.2389003,0.5265944,0.24623291,0.7107326,-0.46537024,-0.644022,0.46169677,-0.8762036,-0.04361064,0.30777958,-0.7563922,0.39327648,0.39482984,-0.6439537,0.434929,-0.33199984,0.67361754,-0.011466101,0.4523219,-0.7360217,0.57695544,0.46471515,0.4234339,0.54425603,0.020467006,0.6830254,-0.5510688,0.47576258,-0.3402782,-0.75894254,0.6524592,-0.7049136,-0.698193,-0.44173232,-0.6182406,-0.65554357,0.49930477,-0.5010723,-0.50508964,-0.58139336,0.617566
usa_12_64,1,usa,-0.74678963,0.7869391,-1.0429463,-0.55689514,0.27133882,0.28843898,-0.8909068,-0.50302106,-0.31763658,-0.8247279,0.54168135,-0.4623958,-1.0431054,1.4733151,0.3430556,0.5655258,0.4889278,0.39617503,-0.7338684,-1.1535509,0.5710064,0.36295992,-0.6693301,-0.8883116,0.8155064,-0.0073172897,0.8910166,-0.72401124,-0.68242335,0.6541555,-1.012924,-0.24321553,0.732184,-0.49158365,0.9532629,0.5250473,-0.9449258,1.0591362,-0.08021034,0.7617383,-0.29041857,1.1210248,-0.8520236,0.5565825,0.35569185,0.59276813,0.29686895,-0.03236516,0.7659969,-0.5321634,0.5438535,-0.40938112,-1.0157406,0.6099131,-1.001933,-0.45485073,-0.4659478,-0.68775463,-0.7783431,0.8041675,-0.63172406,-0.4083258,-0.4061467,0.6374227
usa_12_99,1,usa,-0.47412807,0.21401542,-0.47467348,-0.2694702,0.176685,0.3257455,-0.31589332,-0.24949923,-0.42258304,-0.6658561,0.5995683,-0.49275032,-0.6919209,0.5727735,0.36017707,0.36856246,0.38582543,0.2376526,-0.3206443,-0.59796065,0.3292878,0.3232091,-0.2888275,0.052520916,0.53309816,0.2492732,0.44752488,-0.2692849,-0.30316788,0.15730122,-0.44930178,0.052976795,-0.14773771,-0.4261995,0.50566304,-0.020785004,-0.6162387,0.5436716,-0.11635093,0.03879068,-0.34299827,0.36488646,-0.3687157,0.25491637,0.28925934,0.23628324,0.32132658,0.069135614,0.61068374,-0.08440487,0.3010043,-0.081759766,-0.4156322,0.31541368,-0.5158674,-0.009472705,-0.19851485,-0.46545848,-0.68560374,0.24048215,-0.35061318,-0.4379108,-0.12598921,0.4416045
usa_22_99,1,usa,-0.4023256,0.40199798,-0.25594127,-0.46321273,-0.024046987,0.27877602,-0.29927966,-0.28982437,-0.06573196,-0.57280105,0.32843265,-0.2877902,-0.35325497,0.5247917,0.10176616,0.47845042,0.28366834,-0.14778195,-0.64393556,-0.71374816,0.4887711,0.16944934,-0.15520963,-0.10269656,0.31965354,0.35149246,0.5458255,-0.16421407,-0.43535644,0.24732026,-0.43928578,0.13599098,0.1431378,-0.4071787,0.1939818,0.20751432,-0.5614195,-0.0882884,-0.006126061,0.4834445,0.16240431,0.21418795,-0.43027598,0.269404,0.17924002,0.28954554,0.27685153,-0.052500054,0.52048796,-0.50894773,0.18835546,-0.024552286,-0.50858235,0.38140026,-0.20166913,-0.310035,-0.2706244,-0.31169134,-0.44890732,0.30925804,-0.31439137,-0.19409055,-0.36712503,0.39789832
usa_10_69,1,usa,-0.2589221,0.16859044,-0.24890235,-0.2802925,-0.09440145,0.006510623,-0.3432643,-0.21958242,0.03878905,-0.3001926,0.23703077,-0.115051776,-0.103961855,0.4061383,0.099218115,0.42620122,0.08532539,-0.27098113,-0.505336,-0.39483818,0.38666642,0.04333944,-0.16848657,0.041258395,0.3056312,0.581332,0.4376129,-0.09057548,-0.24632965,0.37727195,-0.64053905,0.30352524,0.04724886,-0.45622724,-0.058730073,0.28902325,-0.17302185,-0.0676755,0.0327494,0.3174919,0.31596148,-0.030175418,-0.49105126,0.21997672,0.20307574,0.11418592,0.07250783,-0.2011967,0.22331113,-0.44702423,0.23001069,0.024914809,-0.5644697,0.087256804,-0.18475327,-0.3976854,-0.25546706,-0.23751126,-0.2849479,0.26065382,-0.08105233,-0.24332896,-0.34090102,0.07716618
usa_58_69,0,usa,-0.24737172,0.24519849,-0.2257545,-0.30768073,0.027986564,-0.0060199946,-0.35667312,-0.2446568,0.007966943,-0.3207181,0.26836532,-0.09791617,-0.075841114,0.3909148,0.12248707,0.41226083,0.12765554,-0.3456743,-0.51732904,-0.4763944,0.42104495,0.077233806,-0.046995375,0.03133881,0.32003415,0.65551066,0.48741442,-0.10263899,-0.286666,0.40791035,-0.65649366,0.30408683,0.11611024,-0.4586058,0.0370956,0.25648847,-0.21784762,-0.1014501,0.028476417,0.35880733,0.3884241,0.10525945,-0.52418447,0.23745969,0.20049101,0.09261697,-0.0017969981,-0.23083887,0.21455413,-0.4900319,0.16548067,-0.044009943,-0.54561865,0.11944684,-0.16578759,-0.39408064,-0.23844317,-0.3501963,-0.24705844,0.29475665,-0.19478479,-0.2302022,-0.2842039,0.10693057
usa_10_58,0,usa,-0.23437214,0.18445136,-0.21415228,-0.24534473,0.008420765,-0.02991721,-0.32149422,-0.1931085,0.036459163,-0.28583372,0.22640967,-0.06838688,-0.04485296,0.38934246,0.054231636,0.39476597,0.086623155,-0.3711333,-0.47992536,-0.41848162,0.38728777,0.0047178194,-0.05680422,0.08394793,0.2579158,0.6535477,0.45069566,-0.06986198,-0.2576117,0.3581523,-0.605763,0.3447134,0.039388597,-0.44579375,-0.018162005,0.24655685,-0.18514186,-0.14345297,0.042076692,0.31480825,0.3600629,-0.0049357563,-0.48499995,0.19038783,0.15404099,0.07844421,-0.031226195,-0.27118585,0.1876336,-0.46107736,0.12061004,-0.0317148,-0.50937015,0.09864954,-0.11800927,-0.37413365,-0.20802954,-0.29726937,-0.23670311,0.23183903,-0.13971737,-0.20467317,-0.2754844,0.036698546
usa_73_92,1,usa,0.40046525,-0.6175003,0.66920084,0.8564321,-0.4034977,-0.65383023,0.44782326,0.70308095,0.679425,0.21658744,-0.8235527,0.8157124,0.7364428,-0.6468818,-0.6328125,-0.5811007,-0.71420944,-1.2755919,0.6959515,0.6961278,-0.51019067,-0.68047655,0.7807345,1.21567,-0.89578843,1.1105151,-0.6889322,1.060104,0.6733477,-0.6296818,0.49417454,1.0494401,-0.90703565,0.36472085,-1.1011643,-0.94477123,0.51010656,-1.5155554,0.60602224,-0.93249685,0.75365067,-1.0233128,0.48399568,-0.7456387,-0.401068,-0.81726,-0.6907553,-0.64380676,-0.6758609,0.4167504,-0.67337215,0.89618313,0.64059234,-0.89797133,0.6934982,0.54307604,0.8222733,0.5930337,0.53748536,-0.5900187,0.50514156,0.6630365,0.6699668,-0.8374884
usa_92_104,1,usa,-0.0062926635,0.11348221,0.020796597,0.06852265,-0.04672189,-0.15577173,-0.11450778,-0.19030465,0.16826533,-0.012775093,-0.055081226,0.23386973,-0.07923011,0.26330328,-0.18581024,-0.052562483,-0.00012952834,-0.3857242,-0.051804163,-0.2583261,0.13043071,-0.17909314,0.18818626,0.1792464,-0.1001156,0.2909907,0.103873,0.15409657,0.025951423,0.21340929,-0.23617011,0.20941764,-0.07124714,-0.43013844,0.2135214,-0.15541238,-0.03050777,-0.06539482,0.14419498,-0.005386561,0.15717323,0.17376432,-0.15168703,-0.004796885,0.03247127,-0.14402738,-0.032888785,-0.18931958,0.14191517,-0.1991592,-0.056784973,0.15394089,-0.35414308,0.009187356,-0.35695252,-0.06895073,0.10480059,-0.051970076,-0.13206318,0.25608167,0.010870352,0.038220137,0.08972673,0.17733899
usa_10_12,1,usa,-0.3679537,0.20781298,-0.5083321,-0.21793285,0.058191463,0.09223181,-0.2980749,-0.33208665,-0.11975358,-0.45408517,0.11876374,-0.2855916,-0.1384266,0.4849356,0.012267731,0.3636791,0.17510289,-0.43096566,-0.5413894,-0.47235966,0.28984082,0.08291536,-0.06851238,0.039033815,0.28735378,0.6789953,0.54605687,0.024671718,-0.1562793,0.25414562,-0.719235,0.22129872,0.21257177,-0.52200264,0.07060571,0.31427586,-0.20432049,0.11116302,-0.017928869,0.40235913,0.213529,-0.021631323,-0.4992813,0.23053753,0.102730066,0.023392424,0.028808713,-0.22324282,0.19546783,-0.49186814,0.22314721,-0.10983984,-0.60308856,0.21432519,-0.1614741,-0.3051033,-0.16453323,-0.27746415,-0.44458753,0.35547662,-0.16300917,-0.20328234,-0.3347242,0.039435428
usa_10_99,1,usa,-0.18918718,0.03544921,-0.26844686,-0.14652227,0.005599417,-0.07958957,-0.28353453,-0.08784702,-0.0033094957,-0.30008632,0.17488933,0.007962324,-0.07694286,0.31332713,0.009133339,0.34789568,0.044402592,-0.5773162,-0.45491266,-0.31108296,0.3123148,0.016527638,-0.052391954,0.21152148,0.17709821,0.72607833,0.4199291,0.013058156,-0.1785728,0.25244138,-0.55174005,0.41383812,-0.10371309,-0.4400536,-0.049121447,0.16858992,-0.15508065,-0.18521136,0.04400578,0.23731229,0.4323035,-0.13945177,-0.4245683,0.22163692,0.1293098,0.02186124,-0.021779612,-0.29236263,0.0954829,-0.39380658,0.100987576,0.015084051,-0.5213537,0.104848444,-0.123153895,-0.33695537,-0.10483519,-0.2475898,-0.29512352,0.2134249,-0.09815868,-0.18420321,-0.25318557,-0.019886345
usa_32_109,0,usa,-0.24634467,0.14947596,-0.36053935,-0.1780513,0.022642516,-0.061579145,-0.34310442,-0.21184255,-0.046490673,-0.34884214,0.1700949,-0.07212258,-0.1485338,0.3848292,0.041226022,0.40292048,0.13699451,-0.51135916,-0.48693925,-0.4038138,0.37511632,0.09753213,-0.112427704,0.07348347,0.20752642,0.710278,0.5130846,-0.057053875,-0.22163415,0.32667413,-0.64185715,0.36488378,0.05716642,-0.5182786,0.06096741,0.24835274,-0.17980672,-0.06493239,0.022024475,0.2829743,0.36325073,-0.049144804,-0.500234,0.26631647,0.18315476,0.06396602,0.042150214,-0.25104818,0.19033071,-0.48183095,0.10345737,-0.041137334,-0.5886272,0.18792462,-0.24173063,-0.36858922,-0.17214447,-0.29831803,-0.3858634,0.2656505,-0.15503398,-0.23285475,-0.28698206,0.075558096
usa_73_109,0,usa,-0.407797,0.35641703,-0.5434718,-0.4074437,0.15764534,0.22859836,-0.47042942,-0.3562112,-0.1463134,-0.5365438,0.2506121,-0.32835975,-0.30076325,0.6674727,0.2937607,0.5620167,0.3067861,-0.21556175,-0.59833837,-0.460228,0.49769825,0.23768917,-0.2738179,-0.16135806,0.38200057,0.5661625,0.61894214,-0.27582917,-0.4205029,0.5793818,-0.7445549,0.26761413,0.2584317,-0.52615666,0.33355772,0.35449314,-0.35473347,0.29006237,-0.05782973,0.3843124,0.26357555,0.14890492,-0.7360854,0.31871998,0.29498124,0.1288168,0.26309854,-0.12536703,0.35311213,-0.5802994,0.37762058,-0.19142185,-0.7196083,0.3682153,-0.33361232,-0.6133576,-0.38262594,-0.48201436,-0.50717074,0.43338975,-0.23201299,-0.29051983,-0.43680054,0.1902574
usa_32_73,0,usa,-0.27059674,0.1537791,-0.4062049,-0.29182607,0.06569368,0.0414184,-0.32456937,-0.24055651,-0.117772356,-0.39837265,0.24639007,-0.099379644,-0.22500189,0.49302465,0.13536346,0.4619119,0.2012178,-0.4424109,-0.5480285,-0.44809029,0.41605583,0.13727602,-0.11900098,0.048721746,0.27232045,0.71765363,0.53914416,-0.1181541,-0.3273329,0.39078832,-0.67374784,0.29151106,0.11430261,-0.52223015,0.12517412,0.2950134,-0.23260161,-0.013842635,-0.0145248845,0.31867284,0.38477522,0.020459004,-0.55110896,0.32793075,0.22936024,0.08891315,0.08724877,-0.22617939,0.24356225,-0.5001691,0.16477549,-0.08388133,-0.6297083,0.20312475,-0.22375226,-0.434691,-0.22690025,-0.349254,-0.38316265,0.31031954,-0.186196,-0.26692802,-0.3370775,0.08440962
usa_10_103,1,usa,-0.12736309,0.019080326,-0.20423292,-0.10486227,0.016183734,-0.17104417,-0.24381468,-0.10236279,0.038585156,-0.25418448,0.12754425,0.062580094,0.015337393,0.24598065,-0.026698783,0.30688727,0.004313402,-0.64797574,-0.37367985,-0.25935656,0.25765446,-0.00960613,0.00995288,0.28129008,0.11662355,0.7854296,0.3948238,0.07542352,-0.095371895,0.17506135,-0.52378243,0.46758363,-0.12006586,-0.4318584,-0.13080385,0.13742046,-0.09741052,-0.3367752,0.07010871,0.15709105,0.47168767,-0.1983021,-0.33754534,0.18152878,0.096371114,-0.06478536,-0.08888784,-0.31785455,0.02665463,-0.3630389,0.009998113,0.05621121,-0.43485028,0.03280443,-0.06392278,-0.2706312,-0.08267257,-0.21358329,-0.26993793,0.16526957,-0.06631848,-0.17167896,-0.20276573,-0.06429818
usa_10_83,0,usa,-0.22099183,0.1082428,-0.34844124,-0.23291573,-0.01371152,0.014264077,-0.29889297,-0.120796494,-0.07945551,-0.35180533,0.21547574,-0.061959162,-0.12801605,0.4252211,0.061233327,0.4084101,0.09996315,-0.48250192,-0.5181709,-0.37612864,0.36037546,0.08246632,-0.124564216,0.08284171,0.24514368,0.6953956,0.45232993,-0.07213652,-0.2219358,0.34076616,-0.582239,0.33623862,-0.032208137,-0.47713768,0.04461598,0.19391501,-0.18942025,-0.10235046,0.017561749,0.2831511,0.4070565,-0.14320183,-0.50501335,0.20707858,0.17863983,0.06404911,0.05767068,-0.262828,0.1710403,-0.42943206,0.15918285,-0.025226824,-0.513647,0.15953195,-0.13884726,-0.4249035,-0.13547502,-0.29525208,-0.31354716,0.23377797,-0.14308748,-0.20585181,-0.29426908,0.04970915
usa_30_73,1,usa,-0.116420254,0.03028709,-0.29945314,-0.14116362,0.08940786,0.07327803,-0.4554119,-0.12369545,-0.11249835,-0.5172417,0.2577295,-0.07577312,-0.25318888,0.49176317,-0.016490653,0.28363797,0.067735195,-0.40165374,-0.3889317,-0.32905167,0.3021694,0.10708212,-0.12911703,0.14830646,0.2514165,0.40515488,0.45745677,-0.11423767,-0.29579896,0.29306167,-0.5499989,0.26639992,-0.2686826,-0.4813694,0.049458414,0.09346816,-0.3193496,-0.11250594,0.06586927,0.09247623,0.20470749,-0.0060484484,-0.42723453,0.17906864,0.13148382,0.09446383,0.034982182,-0.18995523,0.27505815,-0.41692445,0.180811,-0.12302091,-0.46802747,0.16664357,-0.2548958,-0.33759147,0.061273776,-0.17124537,-0.18719715,0.27210552,-0.2270039,-0.12608084,-0.26074755,-0.042440027
usa_47_63,0,usa,-0.16994917,-0.004800625,-0.32140467,-0.21777347,-0.023503706,-0.071830325,-0.23438355,-0.094867624,0.03295824,-0.25617394,0.08079636,0.058898494,-0.018896341,0.30483052,-0.053489104,0.30729017,0.022290006,-0.6128654,-0.4208851,-0.24813175,0.27322975,-0.03342797,0.023193426,0.16549116,0.16472837,0.7444831,0.37542605,0.055995546,-0.1254386,0.20934427,-0.4814679,0.4204724,-0.13393244,-0.51509553,-0.12193621,0.102959156,-0.17649485,-0.22873029,0.041019723,0.22027877,0.47373945,-0.22791202,-0.38019758,0.21355018,0.11978594,-0.0014350563,0.018800482,-0.2965995,0.09501943,-0.37619784,0.06653529,0.09437727,-0.46049052,0.07091583,-0.022204164,-0.31764776,-0.06950873,-0.20531291,-0.28694272,0.19392222,-0.11977926,-0.19396105,-0.2580638,-0.044323295
usa_12_73,1,usa,0.17402622,0.13852176,-0.029299632,0.47713405,-0.024729714,0.11428895,0.81112874,0.20960559,0.19298376,0.43259114,0.2119677,-0.003590569,0.20638613,-0.049868144,-0.20152315,-0.11939537,-0.084975965,0.05964756,0.23479095,-0.13541463,-0.05381631,-0.07421373,0.17631713,0.15281315,0.11004223,0.51246464,-0.148548,0.4112385,0.20462948,-0.41519332,0.14632317,0.15713376,0.07845496,-0.00023251772,0.14805493,-0.49247432,0.25797334,0.48692122,0.3470781,-0.49068528,0.017313942,-0.4189059,-0.12687053,-0.43028957,0.044313967,-0.26636302,-0.3915301,0.04819121,0.01823257,0.34932745,-0.29895765,0.22872224,0.28413397,-0.29051152,0.45653158,0.6304262,0.46894783,0.0137798935,0.12252666,-0.1886161,-0.014613442,0.17587656,0.42420256,-0.28252128
usa_12_30,1,usa,-0.08191048,-0.09335288,-0.24718627,-0.03363234,0.061705753,-0.16090426,-0.39521453,0.01821401,0.06690432,-0.28258586,0.17468917,0.001328133,-0.24081387,0.313877,0.05980576,0.21196067,0.0035545528,-0.44698173,-0.35965085,-0.2781396,0.29832646,0.18312919,-0.030684263,0.26916707,0.11005983,0.9341482,0.3617038,0.13490498,-0.2831384,0.15753706,-0.49730217,0.584035,-0.10958559,-0.43024996,-0.042047553,0.21674101,-0.1434628,-0.13265887,0.13209657,-0.068918884,0.31319934,-0.18463902,-0.4578026,0.07864743,0.15886551,-0.03649853,-0.120955035,-0.25301307,0.11533215,-0.4019998,0.055883322,-0.1479932,-0.44037533,0.03398846,-0.05973743,-0.1280336,-0.03148792,-0.08431539,-0.15953748,0.26662055,-0.10784507,-0.118817,-0.19943577,-0.23306245
usa_55_112,0,usa,-0.13289075,-0.14785546,0.0709591,0.014275037,-0.17940687,-0.39614898,0.02821976,0.019543044,0.08553572,-0.2215293,0.080579214,0.26788515,0.13721018,0.20750418,-0.1517599,0.071225524,-0.092875324,-0.843012,-0.28033298,0.1537429,0.03766294,-0.16423358,0.2900394,0.27141768,0.0074217096,0.7932557,0.028715216,0.107018776,0.2025494,0.0049945414,-0.32249,0.44601962,-0.37257817,-0.42284206,-0.39325932,-0.007019721,0.06904112,-0.4013178,0.0633845,0.09624614,0.5260706,-0.44786727,0.018152408,0.088428974,0.012362376,-0.1659443,-0.22455306,-0.2855009,-0.047019206,-0.10193849,0.021642476,0.23678824,-0.24255571,-0.15023878,0.09574223,-0.11388081,-0.047281377,-0.16735137,-0.09913182,-0.07516997,-0.0120195225,-0.15003508,-0.05138698,-0.25241476
usa_45_106,0,usa,-0.20093417,0.13007966,-0.281113,-0.17517126,0.077470675,-0.07212896,-0.3188758,-0.17911042,-0.0056653917,-0.33261907,0.21443008,-0.035339907,-0.06518549,0.33706826,0.037387267,0.36781308,0.069989026,-0.52597845,-0.42770854,-0.34118798,0.3438193,0.08611365,-0.08822377,0.165375,0.17151034,0.72239935,0.49830845,-0.017710976,-0.17474595,0.25281385,-0.5712294,0.35320058,-0.022679508,-0.47429714,-0.018216297,0.20516402,-0.17654932,-0.25466725,0.009075001,0.1846604,0.35912573,-0.11845067,-0.42485207,0.23051532,0.17171615,0.011786357,-0.040268764,-0.2738838,0.092983395,-0.40313703,0.079281226,-0.02017551,-0.5010637,0.10015166,-0.16044128,-0.36533248,-0.1312119,-0.3103898,-0.3385628,0.24965414,-0.11866255,-0.20482346,-0.2583757,0.013357587
usa_45_112,0,usa,-0.22085921,0.20062053,-0.37160233,-0.21296659,0.10216963,0.03468056,-0.3339453,-0.22264335,-0.09212771,-0.36486977,0.22848985,-0.11906972,-0.115995556,0.42609376,0.12898517,0.45053366,0.12806349,-0.3720289,-0.5219263,-0.4464142,0.39256233,0.08806684,-0.12757927,0.09022291,0.26621878,0.65855473,0.54259723,-0.09624381,-0.24348867,0.34959114,-0.6662734,0.36607078,0.036677174,-0.52670586,0.05204279,0.30731905,-0.18761992,-0.05394055,0.0047543123,0.23703419,0.30590135,-0.058754385,-0.4815508,0.21461754,0.21967319,0.070117086,0.017437197,-0.22806478,0.16614051,-0.47204596,0.119736634,-0.10409564,-0.5358109,0.22347191,-0.19528413,-0.42183465,-0.21560258,-0.32238823,-0.4094621,0.29431713,-0.1493285,-0.2464513,-0.30875185,0.034438565
usa_106_112,0,usa,-0.048885014,-0.011636347,-0.07130323,0.005530387,-0.057573482,-0.121547826,-0.33022323,0.04126303,0.18585171,-0.31756306,0.103055984,0.10234192,-0.029052548,0.10475045,-0.053045824,0.24489099,-0.061982326,-0.52703893,-0.37869862,-0.19454655,0.2595171,0.058262046,-0.11342067,0.22819415,0.03523434,0.80744046,0.31213176,0.10684576,-0.18366934,0.15867162,-0.30991518,0.49599102,-0.27774796,-0.30286726,0.012168758,0.04496026,-0.06336649,-0.3541656,0.11254467,0.08859975,0.5071787,-0.13515003,-0.36607438,-0.03133086,0.15425208,-0.092476666,-0.09029606,-0.40355122,0.12346693,-0.2561872,-0.08078511,0.058455445,-0.35155797,-0.1086866,-0.116121635,-0.3046004,-0.025909029,-0.08875705,-0.2560106,0.1555897,0.036208116,-0.080437,-0.15085149,0.058620464
usa_40_106,0,usa,-0.27484956,-0.040659226,-0.3343053,-0.31977862,0.053440608,0.15718797,-0.67011607,-0.24251679,-0.059353724,-0.46717066,0.2657393,-0.104474775,-0.11043498,0.3631689,-0.026120707,0.26163253,-0.004810974,-0.3778175,-0.46000767,-0.44964942,0.32177722,-0.026915878,-0.16152936,-0.022239313,0.2868336,0.34868926,0.34798437,-0.158492,-0.28711164,0.2609658,-0.62627,0.23589367,-0.16269252,-0.5355878,-0.14835069,0.23034886,-0.27232808,0.0023304299,-0.07026714,0.4738437,0.10466772,0.3006875,-0.55249745,0.20695025,0.19310722,0.14049481,0.089562185,-0.21291748,0.23061895,-0.39200586,0.17945461,-0.15423097,-0.6391322,0.24524984,-0.3244356,-0.3425821,-0.23794793,-0.1319415,-0.26614773,0.20695129,0.032374196,-0.27576762,-0.19646488,0.3338064
usa_12_35,1,usa,-0.31628597,0.21051373,-0.48447183,-0.31259614,0.08718614,0.11113689,-0.39527076,-0.25794408,-0.10762714,-0.45723057,0.32052284,-0.21866444,-0.23027228,0.5407269,0.16843846,0.49934065,0.19172147,-0.30488268,-0.6298744,-0.5279083,0.46199983,0.17374018,-0.23628598,-0.03514799,0.3477977,0.59532875,0.6013371,-0.17453331,-0.31557596,0.4325996,-0.6992028,0.26638553,0.13859813,-0.538302,0.17012784,0.3273596,-0.27109998,0.07082211,-0.052400537,0.3621636,0.32313615,0.025266595,-0.61966723,0.3379615,0.2777155,0.14820784,0.1379925,-0.17976859,0.2738552,-0.5649651,0.24070713,-0.10814375,-0.6367914,0.29910418,-0.23081818,-0.50151336,-0.30005276,-0.40270028,-0.45322326,0.3453453,-0.23689976,-0.28625467,-0.37625515,0.10888849
usa_12_113,0,usa,-0.20928405,0.09632372,-0.32206297,-0.18963155,0.03853436,-0.058109112,-0.31361672,-0.18754792,-0.05422011,-0.33076426,0.19914147,-0.047245234,-0.09189332,0.3621565,0.052376643,0.38453212,0.09807285,-0.520995,-0.476253,-0.37416044,0.3355449,0.070943326,-0.07557275,0.16268933,0.22704937,0.69209486,0.48712364,-0.028202891,-0.18950582,0.2770245,-0.59984887,0.37786806,-0.010147691,-0.48727345,-0.015753813,0.2250044,-0.17755081,-0.1554944,0.020105995,0.25949782,0.39546555,-0.09964511,-0.46469027,0.25724757,0.15795495,0.034286138,0.016440257,-0.24799478,0.14390603,-0.46008325,0.113503456,-0.024930239,-0.53342146,0.14654297,-0.1447845,-0.35495567,-0.1640617,-0.28635627,-0.34873673,0.24477017,-0.1434761,-0.23378001,-0.28589404,0.010290414
usa_35_113,0,usa,0.061656,-0.26355356,0.1388964,0.13485795,-0.12707199,-0.44177502,-0.02122438,0.19807543,0.33424836,-0.11911575,-0.19213888,0.40215367,0.22643374,-0.025408246,-0.3132192,-0.0081245825,-0.22809622,-0.98347145,-0.11347315,0.27210954,0.006063096,-0.30838805,0.2876676,0.6110413,-0.2917658,1.0166502,-0.019677296,0.3665458,0.08462402,-0.022465296,-0.1947399,0.6783378,-0.5231022,-0.30308315,-0.4694154,-0.15941322,0.16035661,-0.57124364,0.25083295,-0.11383307,0.68856114,-0.38714623,-0.039429095,-0.108790904,-0.09031035,-0.310879,-0.2257408,-0.4888754,-0.18600708,-0.0071077123,-0.21511224,0.23668712,-0.22962578,-0.25492898,0.06545716,0.017532647,0.15534046,0.061287537,0.034318216,0.0025363415,0.13194478,0.017717734,-0.0015677735,-0.35967666
usa_73_96,0,usa,-0.23318312,0.10132697,-0.3733265,-0.24349204,0.027929626,-0.015414238,-0.31911662,-0.19890854,-0.06845284,-0.36633497,0.22447708,-0.077515416,-0.15156868,0.43753514,0.094445854,0.43027106,0.12913606,-0.48544836,-0.5429599,-0.4099737,0.38644627,0.0894821,-0.08449389,0.08887975,0.28239006,0.7129434,0.50783885,-0.06802416,-0.23998094,0.32734632,-0.6470786,0.37785408,0.054371506,-0.51802534,0.03888799,0.26068106,-0.19356549,-0.065882325,0.009615503,0.3059612,0.40977073,-0.058054388,-0.5118241,0.28949636,0.18547046,0.060915206,0.07220187,-0.22598654,0.19854224,-0.50111556,0.14559886,-0.043580797,-0.57684404,0.20854795,-0.15072924,-0.39920205,-0.19584103,-0.3233825,-0.38378325,0.27979842,-0.18574937,-0.24334866,-0.31279123,0.042202845
usa_12_14,0,usa,0.18888667,-0.2540712,0.0702109,0.18649155,-0.104034364,-0.43542087,-0.017619856,0.24396046,0.32530743,-0.02694714,-0.030870594,0.37911412,0.33756566,0.011789896,-0.19838244,0.06697495,-0.2321864,-0.9126889,-0.16516346,-0.008567326,0.03511925,-0.2567374,0.21212494,0.45717725,-0.066792935,1.0266594,0.06652858,0.26948908,0.13476166,0.017635584,-0.39228567,0.74843985,-0.41347933,-0.1685471,-0.26460212,-0.0832117,0.28672484,-0.5112362,0.28444564,-0.016149,0.7820174,-0.30063355,0.03704872,-0.17795284,-0.06069468,-0.34446973,-0.37311578,-0.56759,-0.29291755,-0.19693148,-0.3592186,0.32103136,-0.23298511,-0.13913271,0.09872138,-0.03816566,0.12995547,-0.021894582,-0.09690087,-0.0034727827,0.22333014,0.04609578,0.14007068,-0.22857228
usa_14_106,0,usa,-0.15544297,0.16160533,-0.2027759,-0.14380684,0.08120144,-0.096786775,-0.2950468,-0.05502835,0.09504303,-0.2847507,0.10474967,-0.058244847,-0.09060912,0.40222216,0.06313388,0.32568377,0.05441601,-0.41782755,-0.41409338,-0.27451313,0.3203023,0.064685196,-0.07816239,0.10114592,0.13168755,0.7477622,0.3711569,-0.05858511,-0.23476742,0.39638126,-0.553199,0.39394915,-0.068283744,-0.35487115,0.12971053,0.18478398,-0.13519466,-0.11612636,0.07307941,0.14115122,0.4044289,-0.048827663,-0.3798151,0.16127107,0.19354686,-0.035413206,-0.03118112,-0.33512834,0.060804754,-0.33722425,0.047170125,0.032484166,-0.5109596,0.10580159,-0.21900803,-0.33428425,-0.17309278,-0.25959137,-0.29715472,0.28489152,-0.01691202,-0.136327,-0.25128028,0.017205596
usa_12_106,0,usa,-0.15821676,0.13544051,-0.34736723,-0.10340847,0.11231182,-0.04007251,-0.26863647,-0.09178275,0.12150973,-0.20926575,0.18810341,-0.10688769,-0.11513832,0.5381108,0.16361825,0.39918283,0.09582588,-0.39032212,-0.61331546,-0.34223402,0.3596428,0.03964383,-0.2719635,-0.110520944,0.37181747,0.4507463,0.5002038,-0.17016008,-0.25426856,0.37643346,-0.6120093,0.3891542,0.05317617,-0.3946072,0.28639233,0.16413811,-0.07858916,0.24680182,0.07558632,0.23595917,0.49293423,-0.033610657,-0.40610623,0.006172031,0.23157294,-0.0248205,0.02038376,-0.3157929,0.109275244,-0.4479635,0.11466413,-0.0123465285,-0.5317081,0.2688371,-0.13408062,-0.51022005,-0.26692578,-0.28396314,-0.27741325,0.17723532,-0.011352338,-0.07238218,-0.11113146,0.09804633
usa_8_97,0,usa,-0.14557688,0.030458756,-0.2089794,-0.07092169,0.02534926,-0.13021299,-0.30709028,-0.011861734,0.045428514,-0.31440866,0.19224292,0.08501881,-0.15939727,0.31382772,0.10944428,0.30390114,0.09338805,-0.54164845,-0.37553832,-0.12046276,0.25263038,0.045973226,0.0034580603,0.27179343,0.09721961,0.7370862,0.32993406,-0.02925153,-0.25054318,0.32010275,-0.47273308,0.51011044,-0.105764054,-0.31274998,-0.063476376,0.09062038,-0.1072644,-0.17788267,0.1209878,0.13880801,0.43651104,-0.05609183,-0.34448946,0.12658727,0.10122258,-0.07600227,-0.013038814,-0.35956612,0.07495395,-0.3110767,0.08614755,0.04643833,-0.5032345,-0.005263917,-0.114307575,-0.22144046,-0.13366193,-0.20805576,-0.23307332,0.15694827,-0.14031327,-0.17000946,-0.15418705,-0.04122822
usa_97_104,0,usa,-0.29147142,0.35483643,-0.4382109,-0.23744507,0.022703357,0.04090152,-0.45586133,-0.2158579,0.02963411,-0.48730528,0.3158029,-0.18160987,-0.42267245,0.48855907,0.23909692,0.41316792,0.3032651,-0.17806989,-0.5513866,-0.3967387,0.43181953,0.2491147,-0.30166635,-0.15004477,0.30312997,0.5669055,0.52140284,-0.24155194,-0.42701375,0.43278217,-0.5754609,0.22559902,0.14495249,-0.3311954,0.2732879,0.15424553,-0.2766065,0.2665503,-0.016170435,0.2283655,0.29164946,0.13652934,-0.5590343,0.17222375,0.276631,0.07368782,0.112015426,-0.26088268,0.27979335,-0.41519448,0.30116892,-0.017961383,-0.5972596,0.1332381,-0.27554736,-0.40014535,-0.28616238,-0.37286082,-0.38557076,0.31865722,-0.24225143,-0.24088497,-0.27710414,0.33607987
usa_73_99,1,usa,-0.5559865,0.54450774,-0.40524423,-0.19869551,0.27916777,0.47698468,-0.6673693,-0.43303716,-0.41353488,-0.8138805,0.7188329,-0.5087982,-0.5294155,0.6516213,0.58477557,0.4829212,0.4297553,0.38232362,-0.7404765,-0.82421637,0.61735976,0.50412023,-0.34501716,-0.12599684,0.6568373,0.49293745,0.7234175,-0.33571365,-0.5888464,0.6639126,-0.7234206,0.15507457,0.4824142,-0.5016832,0.5826501,0.5007361,-0.50835955,0.6028596,-0.05735867,0.12345321,-0.2615224,0.4343273,-0.8111229,0.21703331,0.38832456,0.38311505,0.2570894,0.14832234,0.609455,-0.72432554,0.4335827,-0.50503045,-0.56753445,0.5426558,-0.215931,-0.37955666,-0.273563,-0.6063789,-0.8023875,0.532308,-0.5722726,-0.23526482,-0.33075914,0.26840717
usa_22_116,1,usa,-0.61326694,0.5057746,-0.6230856,-0.58933806,0.2829305,0.18474618,-0.5231437,-0.48781657,-0.37088108,-0.5458154,0.5124527,-0.54247755,-0.6297262,0.9381109,0.5051441,0.6260239,0.4273307,0.17266913,-0.69142413,-0.78898174,0.7113821,0.4993428,-0.64528775,-0.32055026,0.56691635,0.35113776,0.67226636,-0.44889337,-0.614895,0.63192725,-0.6603298,0.051628165,0.61303717,-0.5440215,0.38330626,0.50256634,-0.64467037,0.4883484,-0.21698278,0.46727538,-0.048046734,0.18940905,-0.6512593,0.46268117,0.45019737,0.34010273,0.28054848,0.1047017,0.50333774,-0.6164818,0.47484803,-0.29780295,-0.8875826,0.3090948,-0.40019703,-0.63290834,-0.5051329,-0.59571093,-0.5559355,0.47451034,-0.32043126,-0.42337212,-0.46772903,0.23244733
usa_43_116,1,usa,0.47393274,-0.6727917,0.33013597,0.5307875,-0.1380438,-0.46644074,0.23112008,0.6023494,0.6193703,0.20753212,-0.42111552,0.5994166,0.17445783,-0.4084049,-0.54485846,-0.14677939,-0.4286738,-1.0629592,0.026450805,0.60034734,-0.2373566,-0.45419425,0.45450765,0.8035115,-0.6188541,0.89560163,-0.3644116,0.5961396,0.44512925,-0.43562514,0.24712625,0.91925085,-0.97789556,0.17104825,-0.5472042,-0.34094918,0.5526447,-0.7849448,0.27555642,-0.5739052,1.0147085,-0.58997285,0.22670977,-0.4448716,-0.2165255,-0.49487817,-0.48893207,-0.71496516,-0.22257,0.29248607,-0.42845982,0.5080447,0.22030415,-0.7303557,0.5426154,0.29157847,0.29888153,0.5355176,0.43566564,-0.36345565,0.426062,0.36515227,0.4353512,-0.6897776
usa_64_116,1,usa,0.024623908,-0.06100642,0.1333954,-0.047362577,0.06485085,0.03591337,-0.05104187,0.04839231,0.28549904,-0.32487634,-0.15625453,0.22987556,0.040413618,0.1542924,-0.27899674,0.08059557,-0.1296475,-0.62465435,-0.31097463,0.005014345,0.13312823,-0.20510153,0.23020524,0.38192293,-0.3223012,0.7468159,0.03388324,0.25449404,0.11617443,0.093063675,-0.2518714,0.35310432,-0.3727493,-0.27308446,-0.3544,-0.037246548,-0.039077405,-0.3307404,0.09265937,0.084572524,0.5560476,-0.21513264,-0.013967246,0.019873455,-0.055403903,-0.065175295,-0.02411148,-0.38873506,0.07414006,-0.09139177,0.00427898,0.21918043,-0.21873556,-0.14139888,0.16692081,-0.039640848,0.050509594,0.076332286,0.013164327,0.093508214,0.1454086,0.015666768,0.007685542,-0.2571739
usa_6_73,0,usa,-0.38861546,0.28627244,-0.38396814,-0.08603375,0.14180003,0.37476593,-0.49346736,-0.2269855,-0.08599431,-0.46285748,0.50461024,-0.21708779,-0.5023234,0.47655097,0.34737855,0.44299424,0.2134468,0.091147676,-0.5555475,-0.69541836,0.60622406,0.22124754,-0.41138732,-0.13795614,0.33359745,0.58534986,0.65668416,-0.19242615,-0.52748364,0.45246655,-0.6634423,0.432631,0.15584993,-0.44646212,0.4331635,0.22562608,-0.29959208,0.2652732,-0.046728108,0.19886807,0.25108838,0.15701488,-0.7082303,0.044578888,0.35940537,0.18902847,0.021520339,-0.18055037,0.439227,-0.5298394,0.35711473,-0.24821508,-0.37593973,0.1056891,-0.43008327,-0.58781904,-0.27396038,-0.37381965,-0.6389574,0.4235379,-0.0745882,-0.10555783,-0.2898546,0.37833312
usa_39_73,0,usa,-0.18144238,0.070856236,-0.24173865,-0.11268608,0.06332703,-0.15692753,-0.2894314,-0.15143119,0.012645878,-0.24556577,0.16173786,0.010961004,-0.07080877,0.344042,-0.009872809,0.3242077,0.06896125,-0.6320176,-0.39635336,-0.3216152,0.27121863,0.033808418,0.007021591,0.23942778,0.14362256,0.7355918,0.42569304,0.047816567,-0.16792491,0.2298803,-0.5901217,0.4581152,-0.029383369,-0.45153674,-0.052020915,0.19633394,-0.120052345,-0.19854802,0.068580225,0.17959659,0.41781968,-0.12561306,-0.34120178,0.22112012,0.07978563,-0.046403885,-0.03397885,-0.26783377,0.08618535,-0.37747467,0.065566175,0.01854933,-0.52269775,0.0892422,-0.1311372,-0.3106981,-0.13404675,-0.23409002,-0.30417576,0.19054988,-0.13321559,-0.18955785,-0.21933374,-0.05138001
usa_8_109,0,usa,-0.33803704,0.25328055,-0.49516106,-0.3212692,0.072765306,0.055187717,-0.47423813,-0.3128991,-0.122112215,-0.47329837,0.29230055,-0.231202,-0.23814377,0.497906,0.18452048,0.52174443,0.22899908,-0.32449982,-0.6373551,-0.5415497,0.48606697,0.20172131,-0.26858234,-0.09744374,0.37431377,0.5916936,0.62695134,-0.19505408,-0.2874265,0.45161924,-0.72342885,0.23823333,0.18793884,-0.5601311,0.18466637,0.34106582,-0.29168603,0.085756734,-0.05911147,0.4124893,0.3144822,0.05776008,-0.6500704,0.3674072,0.2999627,0.19116962,0.17799325,-0.14661117,0.31795388,-0.6144551,0.25035968,-0.08512029,-0.68304557,0.31317255,-0.3241771,-0.5175524,-0.30105639,-0.4227285,-0.4760399,0.36872444,-0.22084731,-0.30947095,-0.38801712,0.17655423
usa_104_109,0,usa,-0.06945026,-0.049469166,-0.06979929,-0.06848121,-0.087730914,-0.2067357,-0.117950186,0.07354772,0.16005827,-0.23701134,0.031332932,0.13410419,0.08852728,0.23475748,-0.099727675,0.2372972,-0.07944318,-0.6260141,-0.3463633,-0.15843004,0.22063366,-0.12684661,0.069498695,0.28424773,0.030774523,0.90002775,0.20170453,0.132532,-0.052056074,0.20556056,-0.49216005,0.5692135,-0.21200842,-0.3449105,-0.07041971,0.06293398,0.059251755,-0.27927208,0.11136864,0.1207671,0.6312634,-0.1763712,-0.23428999,0.047191724,0.07041003,-0.20485683,-0.1628462,-0.4012812,0.0148124695,-0.25483745,-0.10393013,0.15010515,-0.40771902,-0.014638394,-0.07666626,-0.2884071,-0.054960385,-0.11870695,-0.22650398,0.13900816,0.08162389,-0.08652767,-0.083381414,-0.13722749
usa_35_53,0,usa,0.1387734,-0.25018752,0.22410408,0.17961088,-0.024287269,-0.3954487,-0.014591858,0.21451892,0.44935983,-0.050066743,-0.1588833,0.5219673,0.32593757,-0.3261139,-0.31163839,-0.033957772,-0.2905574,-0.9627475,-0.1574536,0.27008086,-0.058451734,-0.4176796,0.33395523,0.59441257,-0.34039164,0.86596906,-0.093811646,0.38758206,0.3038406,-0.21063074,-0.14542146,0.7682424,-0.6750001,-0.20746747,-0.37115136,-0.12981278,0.26129743,-0.61690736,0.20019567,-0.24320506,0.76755476,-0.49710363,0.050505638,-0.16736184,-0.08445199,-0.39487153,-0.2725243,-0.47144538,-0.19395214,0.07657489,-0.28534847,0.36131045,0.021755293,-0.5141364,0.23002279,0.17856209,0.14650169,0.1411796,-0.022808097,-0.09182932,0.2537456,0.068284914,0.05100493,-0.46685818
usa_36_69,0,usa,-0.39189065,0.39021766,-0.40419728,-0.51107705,0.045193397,0.27766943,-0.3721862,-0.37373662,-0.3138501,-0.52414805,0.4158186,-0.22290011,-0.25798738,0.41603097,0.25533342,0.53763247,0.25316572,-0.41268063,-0.6765442,-0.4828909,0.5269027,0.28289852,-0.08664456,-0.17439356,0.32196182,0.46522933,0.5417726,-0.2462,-0.40166008,0.26537147,-0.61781424,0.24539417,0.16846976,-0.66010606,0.07570797,0.29699096,-0.4195778,0.13545854,-0.094249554,0.40773422,0.25084448,0.050247297,-0.5977602,0.39604765,0.29727402,0.23458552,0.3110747,-0.016058534,0.4162781,-0.52053785,0.3728287,-0.20586455,-0.6367884,0.29694536,-0.20158994,-0.47003847,-0.34026605,-0.45938134,-0.46258134,0.37203,-0.410078,-0.40902036,-0.39047474,0.3034982
usa_36_73,0,usa,-0.30702138,0.21897364,-0.44072497,-0.3308609,0.08546493,0.05950166,-0.42047086,-0.26300067,-0.15175655,-0.43373835,0.34587654,-0.17716482,-0.20077915,0.48543933,0.16380349,0.47854263,0.18773499,-0.4138279,-0.6073354,-0.52560866,0.43699607,0.19638763,-0.12831263,0.025418282,0.41874176,0.602245,0.56567633,-0.18524528,-0.28980404,0.4061019,-0.70214146,0.2958392,0.12057218,-0.58028764,0.15968415,0.28064224,-0.29704505,0.0022778884,-0.02944526,0.3772614,0.31646436,0.111350656,-0.5695366,0.39393854,0.25963348,0.12588441,0.17407994,-0.17584962,0.22696504,-0.5839412,0.25663054,-0.08946552,-0.6945881,0.29635063,-0.2645763,-0.42246652,-0.24821886,-0.39971867,-0.47945735,0.3645052,-0.26488727,-0.32455382,-0.34794205,0.15522237
usa_69_73,1,usa,-0.22806881,0.12293729,-0.36327222,-0.24224718,0.03215623,-0.03626427,-0.3429929,-0.16695277,-0.041292526,-0.36590165,0.23544711,-0.060441326,-0.11248641,0.3954697,0.0637562,0.40020064,0.11022117,-0.49590743,-0.5100774,-0.39007857,0.36560223,0.095180646,-0.0828947,0.10979016,0.26079527,0.69333726,0.4831237,-0.06359538,-0.20394646,0.32553464,-0.59694177,0.3747527,0.007797569,-0.51356,0.021307044,0.21328968,-0.20084205,-0.091535464,0.022192284,0.29668576,0.41014606,-0.01773759,-0.5064357,0.2668166,0.19729891,0.045789544,0.07608623,-0.23666024,0.17976604,-0.46765396,0.14569566,-0.026846737,-0.55113256,0.18587193,-0.15646192,-0.3723687,-0.18617317,-0.33357245,-0.36106023,0.27952585,-0.17330332,-0.25113568,-0.29245242,0.057634477
usa_15_110,0,usa,0.07017939,-0.2445465,0.03435792,0.12124024,-0.10318723,-0.28286722,-0.059085637,0.03429492,0.25952047,-0.1077575,0.06595652,0.29838675,0.11404693,0.066568345,-0.17278415,0.12596045,-0.11313399,-0.83496493,-0.2590658,0.03676626,0.1033169,-0.23760863,0.22922122,0.43818834,-0.04124114,0.8524681,0.16282585,0.2108326,0.034427613,0.11435593,-0.32116303,0.69388384,-0.42602563,-0.32023644,-0.38783696,-0.0006557107,0.07763106,-0.50298804,0.1710062,0.066344455,0.6450431,-0.3189087,-0.12512171,0.025112092,-0.055679142,-0.18895741,-0.20108037,-0.46516085,-0.12165538,-0.23447816,-0.104487926,0.22575375,-0.3647846,-0.11553868,0.058924012,-0.03852187,-0.03818623,0.020737953,-0.15845755,0.016439818,0.06152176,-0.038203612,-0.06449126,-0.20686421
usa_15_112,0,usa,-0.1647515,0.10864174,-0.17466396,0.055323213,-0.15787472,-0.079862036,-0.22473222,-0.08552793,-0.024530679,-0.42671937,0.34677243,0.039493844,-0.11256016,0.27305958,-0.07285857,0.22998706,-0.004501745,-0.6760372,-0.4394696,-0.15750423,0.16535705,-0.04574135,0.06519776,0.2840312,0.13530707,0.638138,0.14789788,0.05476018,-0.1786108,0.22763517,-0.41435915,0.33048558,-0.10852327,-0.35160705,-0.174806,0.114429064,-0.0649691,-0.059374064,-0.03985487,0.10155731,0.315638,0.033158794,-0.02815266,-0.0012869835,0.012572058,-0.06067486,0.009130143,-0.34431082,0.13386922,-0.30940348,0.06298095,0.07156683,-0.55571914,-0.049045615,-0.21189076,-0.16977213,-0.0708752,-0.05039235,-0.32552773,0.20381105,-0.110564195,-0.11996083,-0.18128887,0.050034896
usa_15_73,0,usa,-0.31842822,0.14413618,-0.43584043,-0.14274842,0.13903482,0.28510058,-0.5224988,-0.3335237,-0.13580535,-0.5177537,0.54967123,-0.304151,-0.31587088,0.48985904,0.19219083,0.46941572,0.2632994,-0.010645822,-0.6996057,-0.7418241,0.5127178,0.2952919,-0.26761323,0.095508575,0.5525619,0.3663497,0.73641527,-0.23183838,-0.3950133,0.5391735,-0.645546,0.20146954,-0.0069554076,-0.4969017,0.21570385,0.21428305,-0.29075322,0.18614218,-0.063219294,0.3711232,0.18542497,0.1869029,-0.7323125,0.17480466,0.24705568,0.20532435,0.15636948,-0.2107386,0.52847683,-0.60442746,0.32967132,-0.16795021,-0.5685153,0.1910347,-0.35815033,-0.5455613,-0.2779782,-0.36027017,-0.5449823,0.36911964,-0.27593046,-0.29136103,-0.32996824,0.21549176
usa_78_101,1,usa,-0.20197451,0.0964703,-0.32155994,-0.20441079,0.018597424,-0.035601035,-0.2951923,-0.13667054,-0.02161526,-0.32426006,0.19342667,-0.047487225,-0.12250469,0.38509482,0.0488191,0.40200496,0.092312425,-0.4783758,-0.48012176,-0.35829395,0.3523231,0.074789815,-0.058299974,0.16031915,0.2205691,0.7140818,0.44982645,-0.039196722,-0.22048602,0.3201876,-0.58097893,0.40665987,-0.02522628,-0.462119,0.012455165,0.22988021,-0.16167964,-0.14097336,0.024500355,0.22664303,0.4043386,-0.10975078,-0.47756135,0.24331795,0.1804116,0.011764519,0.020501114,-0.28503376,0.15163858,-0.44275963,0.098396994,-0.0077956244,-0.5271056,0.117843285,-0.13588224,-0.34889925,-0.1615233,-0.26929206,-0.3351699,0.2513229,-0.119482934,-0.21687807,-0.28132513,-0.00046112388
usa_8_12,0,usa,-0.098385565,-0.022424735,-0.22422147,-0.061617903,-0.004213169,-0.18777561,-0.20581037,-0.0370752,0.022709794,-0.20958057,0.14252782,0.06835514,0.028864466,0.30836746,-0.017394379,0.31532043,-0.004138984,-0.64318085,-0.4323857,-0.32986504,0.23107398,-0.011413984,0.025207289,0.23563734,0.21100283,0.7027185,0.35139814,0.013399698,-0.14007305,0.23966104,-0.5231694,0.54778993,-0.1743029,-0.42894593,-0.09476208,0.13614106,-0.061901335,-0.1784831,0.094380185,0.1928209,0.5033182,-0.18181537,-0.32587847,0.11552948,0.053651903,-0.08372602,-0.12005116,-0.34077263,-0.000887081,-0.3910902,0.018353991,0.08644875,-0.46287036,0.072178304,-0.05380278,-0.2986432,-0.07405287,-0.15494126,-0.2599327,0.17581758,-0.059197873,-0.15770233,-0.15862386,-0.09965958
usa_12_104,1,usa,-0.5035646,0.35362247,-0.60532176,-0.5644287,0.14449972,0.32313314,-0.5553078,-0.37911552,-0.4501152,-0.6741372,0.47697124,-0.4148748,-0.46770638,0.82003623,0.38718,0.623571,0.29668215,0.13041948,-0.7389444,-0.8498425,0.7820992,0.42160875,-0.52454734,-0.434711,0.5361035,0.23408629,0.79687726,-0.5404192,-0.39197144,0.5415355,-0.8902099,-0.14793004,0.1325195,-0.7189797,0.41442278,0.44425213,-0.5850201,0.25271648,-0.22211044,0.5301523,-0.11292313,0.39958042,-0.85278225,0.35592276,0.48879895,0.39135194,0.43203646,-0.053642124,0.5225599,-0.67350674,0.3130098,-0.48812348,-0.9730369,0.62168914,-0.78204966,-0.8217744,-0.34191525,-0.45154557,-0.7078531,0.6348342,-0.3163385,-0.3816529,-0.5269301,0.4486008
usa_12_62,0,usa,-0.24386275,0.13844949,-0.361455,-0.26123613,0.0558834,0.0154829025,-0.3322636,-0.20493758,-0.07547459,-0.3753116,0.24519369,-0.09254385,-0.17989929,0.4547274,0.09702508,0.4320513,0.15354756,-0.4463197,-0.52827394,-0.4182126,0.38662863,0.11623713,-0.100641124,0.11586912,0.2646401,0.67710894,0.49630272,-0.0950083,-0.26908088,0.37295204,-0.6282165,0.34286383,0.049885094,-0.49700534,0.06674749,0.26436228,-0.21552195,-0.052022964,-0.002586171,0.28629082,0.3793661,-0.032609113,-0.5186232,0.2941711,0.2113215,0.068118125,0.076847576,-0.24049914,0.19783178,-0.4836857,0.15901111,-0.059739184,-0.5946222,0.18168634,-0.17915203,-0.3949173,-0.20872623,-0.31609374,-0.36652115,0.28350008,-0.16587174,-0.25554138,-0.3084924,0.037856184
usa_8_103,0,usa,-0.25913316,0.115213715,-0.37083337,-0.24589412,0.039220683,0.00966537,-0.33793312,-0.20929264,-0.07722576,-0.36732453,0.24876344,-0.08174394,-0.15738133,0.42904714,0.09113793,0.42804015,0.1293588,-0.47648627,-0.5314304,-0.41497254,0.38037357,0.10825071,-0.09512608,0.11178112,0.28145397,0.67151725,0.50738406,-0.069988385,-0.24423116,0.33006442,-0.62981373,0.35912305,0.041847695,-0.51223385,0.03671396,0.25206965,-0.2180883,-0.06883736,0.0049775094,0.30568594,0.38561654,-0.052965805,-0.52626723,0.30277586,0.18909809,0.07637656,0.08669593,-0.22024605,0.19712767,-0.4949779,0.16856638,-0.05683346,-0.5884885,0.19437774,-0.16361272,-0.3950578,-0.20445216,-0.31951272,-0.38793278,0.27684435,-0.2030315,-0.25761116,-0.31538653,0.044961922
usa_40_92,0,usa,-0.07442348,-0.07123988,-0.2108748,-0.013994835,0.09564373,-0.20645744,-0.3735009,-0.10541984,0.13582127,-0.21773177,0.101947725,0.233022,-0.16480955,0.26533058,-0.18162104,0.13032155,-0.14742625,-0.66229063,-0.23692283,-0.30199435,0.25180998,-0.027613483,-0.022058137,0.1617037,0.014162131,0.83993125,0.30329022,0.052405618,-0.088050745,0.048777994,-0.4368783,0.46781066,-0.25636595,-0.531262,-0.043977134,-0.044495814,-0.16353774,-0.26324844,0.16601145,-0.0055343583,0.32463574,0.1340637,-0.25743204,0.08272415,0.030445613,-0.07125196,-0.051524147,-0.41281295,0.070561394,-0.2344316,-0.09256783,0.024488889,-0.45590603,0.025539927,-0.3022749,-0.29211515,0.02036383,-0.18785195,-0.23563401,0.1666488,0.0037208572,-0.013284244,0.003829725,0.024642713
usa_104_106,0,usa,-0.49466035,0.59234816,-0.5337892,-0.51501787,0.19505215,0.21270329,-0.7527398,-0.6696961,-0.15017676,-0.624128,0.24919054,-0.34871235,-0.35549885,0.6966821,0.1837486,0.5282162,0.35820714,0.0031773448,-0.613123,-0.69593024,0.55074126,0.2893926,-0.24130437,-0.33327782,0.4194942,0.27957493,0.69999933,-0.27329314,-0.530999,0.5461667,-0.8299921,0.0075670183,0.3803133,-0.6411305,0.48215818,0.38411146,-0.51746255,0.46480775,-0.1236076,0.5387067,-0.048028022,0.5194856,-0.83517706,0.3948943,0.2667244,0.2762884,0.38443553,-0.0019740015,0.5309919,-0.6299118,0.3837899,-0.29997605,-0.88272345,0.5405309,-0.52312183,-0.5904451,-0.3783671,-0.48448157,-0.67180943,0.66808957,-0.41465628,-0.3225698,-0.5167193,0.48118404
usa_3_83,0,usa,-0.29370093,0.06443538,-0.2603571,-0.14022484,0.078261144,-0.04901939,-0.37822953,-0.22781844,-0.011475548,-0.39024514,0.34096953,-0.06399618,-0.1428963,0.41147807,-0.027022928,0.35656196,0.0938079,-0.4845507,-0.5154399,-0.28739548,0.27576965,0.022518508,0.023998342,0.124634475,0.3510595,0.5707662,0.5101401,-0.023767777,-0.1675641,0.2643401,-0.54403675,0.3502927,-0.0026973262,-0.47100747,-0.0161139,0.2349858,-0.16314083,-0.07634829,-0.014621183,0.30212367,0.29837132,0.04118621,-0.45515972,0.21081783,0.09156461,0.04422117,0.093972184,-0.24445131,0.16214621,-0.46419185,0.20357749,-0.10265269,-0.5340811,0.12521651,-0.17343695,-0.23212884,-0.18540135,-0.26880237,-0.30267936,0.18392354,-0.26606223,-0.19205436,-0.30103737,0.03172317
usa_3_7,0,usa,-0.2527802,0.10745168,-0.366115,-0.23676673,0.036291063,-0.002281636,-0.32970336,-0.19054288,-0.06286949,-0.35941255,0.24197355,-0.07286007,-0.13704024,0.41371888,0.08979252,0.4234748,0.12702113,-0.48839736,-0.5144327,-0.4001581,0.3717719,0.09348077,-0.08852269,0.11456406,0.2725955,0.68576825,0.50337756,-0.058866695,-0.22338012,0.32066253,-0.62659633,0.3723433,0.031748153,-0.49973354,0.02337379,0.24072826,-0.20754877,-0.082539976,0.019235767,0.30469158,0.40264356,-0.070241585,-0.5198974,0.28797507,0.18577512,0.06828761,0.080588676,-0.22887242,0.18562412,-0.4917805,0.15875964,-0.04237941,-0.57060236,0.18345354,-0.1464563,-0.38087094,-0.19360198,-0.31871784,-0.38871333,0.26931244,-0.19300276,-0.25531638,-0.30315852,0.044376943
usa_3_73,1,usa,-0.35558572,0.10777223,-0.35038128,-0.22695178,0.123221785,0.09617363,-0.35047254,-0.38449788,-0.22901739,-0.3796752,0.39818814,-0.15673131,-0.17362808,0.48197988,0.10040757,0.3898012,0.1825091,-0.16534266,-0.57754916,-0.44715422,0.36328956,0.16685027,-0.076249346,-0.03130074,0.54408735,0.48405457,0.46888852,-0.14442058,-0.32184657,0.5146662,-0.68902415,0.17238882,0.09135219,-0.52205247,0.39293352,0.28980306,-0.13164993,0.3040514,-0.03749466,0.27730057,0.1718253,0.29786217,-0.52278095,0.15521029,0.17630306,0.11733957,0.11129624,-0.24138063,0.22581458,-0.54084367,0.19133496,-0.15112251,-0.6575349,0.19752228,-0.421049,-0.3996303,-0.2702245,-0.31855232,-0.6229497,0.36829942,-0.23791847,-0.26097313,-0.2549793,0.28176174
usa_3_6,0,usa,0.15376058,-0.41336712,0.4151302,0.38198897,-0.23155455,-0.4301231,0.017811656,0.25943553,0.4544618,0.07127504,-0.12568977,0.5467453,0.33688784,-0.26077977,-0.43731102,-0.14808112,-0.34589842,-0.9878852,0.04632961,0.30406886,-0.104184546,-0.4918841,0.4050156,0.7240747,-0.3115505,0.8475709,-0.140172,0.4864928,0.2039957,-0.21120375,-0.06678508,0.9222344,-0.6632149,-0.09802958,-0.49950406,-0.4046427,0.3510025,-0.8177712,0.31305465,-0.36841184,0.6965751,-0.3892113,0.115032256,-0.3231622,-0.22695363,-0.44071245,-0.45444685,-0.6783254,-0.3210751,0.12753767,-0.32813475,0.40676838,0.008039422,-0.58660364,0.15493158,0.20188664,0.12528443,0.29344466,-0.01975508,-0.2376112,0.27972454,0.16859783,0.18981878,-0.21864402
usa_12_101,1,usa,-0.23482849,0.07944097,-0.33573282,-0.20498477,0.024845682,-0.034702487,-0.30931577,-0.17045888,-0.045779448,-0.3375941,0.2218979,-0.040617008,-0.11919868,0.38826874,0.063166216,0.40192106,0.09966731,-0.5248608,-0.49467102,-0.36918133,0.34411952,0.078018226,-0.067336865,0.14526711,0.23904948,0.6903101,0.48069176,-0.03191009,-0.209156,0.29503348,-0.60024124,0.3908211,-0.008833408,-0.48645917,-0.006440848,0.21489316,-0.18547547,-0.12669145,0.03152463,0.27621043,0.4197567,-0.089206085,-0.49171686,0.2704242,0.1658155,0.04063723,0.052801497,-0.24676964,0.16152114,-0.46102148,0.13225628,-0.021868527,-0.551445,0.15600875,-0.13474222,-0.36022502,-0.17009248,-0.29189217,-0.35734075,0.2478045,-0.18075356,-0.23285328,-0.28393757,0.017489053
usa_99_101,1,usa,-0.13162255,0.07239853,-0.23565814,-0.23079412,-0.017065674,-0.07229031,-0.3064351,-0.16928166,-0.032733876,-0.3848794,0.18895273,-0.044767667,-0.018966518,0.32558662,0.013459355,0.3413878,0.06069035,-0.5187388,-0.4782776,-0.29138094,0.30875894,0.018303059,-0.045005806,0.14795324,0.20712122,0.6339264,0.41628176,-0.035982314,-0.12654227,0.2906357,-0.52566606,0.36261126,-0.11011239,-0.45784196,-0.072435595,0.1591835,-0.14244066,-0.20879394,0.021490045,0.24384685,0.42148978,-0.075224,-0.3741508,0.14885934,0.17156321,0.0031918436,0.04167526,-0.28400052,0.0952977,-0.41807613,0.064129494,0.014737777,-0.50808287,0.19675091,-0.10784827,-0.34022415,-0.1412936,-0.25859553,-0.28475305,0.24896699,-0.05152353,-0.18570158,-0.25057262,-0.0002843812
usa_26_92,0,usa,-0.27537805,0.27780196,-0.42306387,-0.362736,0.095623486,0.22564891,-0.40362307,-0.17477831,-0.1242009,-0.5608605,0.37031147,-0.24736793,-0.2550063,0.5813012,0.19353843,0.5168035,0.17157143,-0.26563457,-0.5965768,-0.50576174,0.5048626,0.27773604,-0.27289498,-0.10149627,0.44533366,0.5246795,0.53603804,-0.2678104,-0.3453265,0.51292557,-0.62127346,0.28895146,0.07361447,-0.47365206,0.26318836,0.23655221,-0.29507148,0.1648471,-0.028814718,0.35407716,0.3215121,0.24230559,-0.5351627,0.26170978,0.31869403,0.13484222,0.19003862,-0.25385806,0.24821529,-0.5277136,0.21436411,-0.10075048,-0.6786536,0.29118845,-0.27719915,-0.53031164,-0.25159907,-0.3904613,-0.4784052,0.44311368,-0.12888253,-0.23813051,-0.33594278,0.21169406
usa_46_73,0,usa,-0.25107175,0.19206339,-0.33403683,-0.2876352,0.054841228,0.13023433,-0.38130322,-0.20303008,-0.087300315,-0.46969545,0.2715417,-0.19748023,-0.22007494,0.51092184,0.13033506,0.46797112,0.14201084,-0.3057476,-0.5694574,-0.4020446,0.409832,0.14409952,-0.16921042,0.0740584,0.26880854,0.6149019,0.48674732,-0.15904588,-0.30192125,0.4495972,-0.59254616,0.31206664,0.028855957,-0.45801905,0.120420024,0.28144062,-0.24946894,0.018986069,-0.032603636,0.26745552,0.3348614,0.033706587,-0.5298449,0.2697051,0.2677973,0.07051055,0.14497817,-0.22126907,0.23691306,-0.4797515,0.19554278,-0.08191936,-0.611966,0.21300727,-0.20185143,-0.45403403,-0.27686948,-0.34091032,-0.38397345,0.31423962,-0.14431278,-0.24689114,-0.3442347,0.05280086
usa_11_64,1,usa,-0.65103483,0.5218525,-0.5567848,-0.44582856,0.2676435,0.2604016,-0.5426632,-0.48429066,-0.12924013,-0.684722,0.52947164,-0.32711232,-0.35488945,0.55277765,0.32296807,0.56970143,0.60405356,-0.20219254,-0.57724035,-0.6188271,0.5642415,0.33653533,-0.36279866,-0.2481235,0.41427344,0.39813262,0.6473906,-0.39291844,-0.49996454,0.5860079,-0.73397726,0.0143509805,0.37885457,-0.4717657,0.32383358,0.42166305,-0.4046796,0.58510846,-0.14127335,0.5643475,0.15456717,0.23286311,-0.73291457,0.23356347,0.41666654,0.38495767,0.2963581,-0.14695919,0.5372649,-0.56965184,0.40563756,-0.16496706,-0.85130423,0.28289515,-0.39988667,-0.59903187,-0.421417,-0.513,-0.56126374,0.54966986,-0.314632,-0.36650956,-0.4996423,0.4841118
usa_11_22,1,usa,-0.46858543,0.24710995,-0.45534113,-0.46231037,0.13083187,0.4212021,-0.23079407,-0.29541653,-0.10665876,-0.72870076,0.517085,-0.23316284,-0.45675677,0.36414382,0.3135386,0.51075137,0.35452744,-0.04895264,-0.56474763,-0.37530795,0.53079736,0.24639122,-0.18917055,-0.12239723,0.21754561,0.30504102,0.57627666,-0.24324352,-0.39259234,0.33171317,-0.5683445,0.0721552,0.009455971,-0.48634103,0.07423711,0.17421392,-0.47880566,0.36215484,-0.025893636,0.37597114,0.1362242,0.2196151,-0.67829615,0.14750448,0.4167986,0.34754795,0.41937786,-0.2151576,0.46606976,-0.467019,0.21787117,-0.29561335,-0.44435787,0.1582428,-0.2617969,-0.3103181,-0.23924437,-0.40203032,-0.32624882,0.3772634,-0.3886626,-0.27932987,-0.30436617,0.30546063
usa_11_43,1,usa,-0.62633175,0.49188757,-0.759123,-0.5762412,0.31442356,0.45639458,-0.4901048,-0.45587647,-0.19427752,-0.7642025,0.62288153,-0.5015082,-0.5242539,0.80680144,0.47385168,0.72077334,0.51937306,0.11480774,-0.7639143,-0.8406377,0.70582926,0.43099648,-0.5457284,-0.44668514,0.43069094,0.26673698,0.87376475,-0.49909243,-0.56466544,0.6166822,-0.8863351,-0.08944346,0.45065188,-0.61112714,0.61340374,0.49549735,-0.49562064,0.5402118,-0.1025241,0.65169,0.0319819,0.43966258,-0.78727037,0.39693284,0.5038507,0.46709466,0.48562258,-0.0794802,0.7953965,-0.68786275,0.358616,-0.3187784,-0.86337644,0.37608767,-0.46548623,-0.7548168,-0.47711498,-0.5669527,-0.7939191,0.54326177,-0.5541483,-0.39538684,-0.57360303,0.54023015
usa_8_32,0,usa,-0.3157909,0.21423125,-0.46249348,-0.29146886,0.04700819,0.037888546,-0.4430649,-0.29944417,-0.14648518,-0.43791127,0.26655525,-0.18519619,-0.20414856,0.46567747,0.1472501,0.48636717,0.20699137,-0.38990587,-0.5951358,-0.4888918,0.45671874,0.17386734,-0.2130529,-0.031814568,0.32745376,0.6031405,0.61282,-0.15889382,-0.27330026,0.4069469,-0.69364583,0.2470606,0.13100867,-0.5513791,0.120443664,0.33538964,-0.28167987,0.026656553,-0.04969889,0.38200384,0.29919416,0.007974349,-0.62588453,0.35110205,0.26213178,0.16743812,0.16329853,-0.16244918,0.27561507,-0.57976514,0.22404188,-0.08616805,-0.6674721,0.27825361,-0.3048492,-0.4630723,-0.26053265,-0.3781521,-0.44581306,0.33592162,-0.20287289,-0.30209088,-0.38528973,0.13610679
usa_43_73,1,usa,-0.85509944,0.78646713,-0.56788397,-0.31928366,0.3091306,0.7674318,-0.72385913,-0.5615551,-0.5215053,-0.861269,0.8960627,-0.4575546,-0.62970924,0.7273854,0.73819935,0.725405,0.6603109,0.47186258,-0.6676318,-1.236834,0.78569615,0.5710171,-0.64676297,-0.07637111,0.6834958,0.2586329,0.86429465,-0.44286287,-0.6476482,0.8256818,-0.9283306,-0.16424584,0.69170785,-0.34440175,0.7461202,0.5071712,-0.6432693,1.0170887,-0.1205832,0.25753468,-0.24313152,0.7069719,-0.7326951,0.28743395,0.47592396,0.4659093,0.39677596,0.118660964,0.6981025,-0.7467973,0.6503154,-0.6409143,-0.88620335,0.41339958,-0.61931926,-0.63107955,-0.37743485,-0.6321702,-0.9975666,0.5541446,-0.7698428,-0.40756053,-0.4575501,0.7089896
usa_30_43,1,usa,-0.2807092,0.10131031,-0.36598426,-0.12894833,0.09083974,-0.030298285,-0.40586066,-0.16830629,-0.040135756,-0.41002387,0.2089259,-0.15240535,-0.17723227,0.62821597,-0.0071362555,0.362706,0.13757743,-0.403987,-0.3682061,-0.44438696,0.2825205,0.07148752,-0.15845883,-0.019442715,0.3577276,0.5669126,0.5576119,-0.067688756,-0.17757444,0.27916598,-0.6098998,0.41107777,0.05883871,-0.4569807,0.04363549,0.10331346,-0.20329502,0.10141713,0.097099215,0.22483097,0.3348462,-0.09888063,-0.47508824,0.20305514,0.082462735,0.04985603,0.07192151,-0.24109247,0.12583163,-0.39037788,0.21524364,-0.100663945,-0.4701568,0.117400296,-0.1267807,-0.37246543,-0.1402014,-0.24580783,-0.28621027,0.2000036,-0.25324255,-0.1136477,-0.2392075,-0.021388665
usa_99_104,1,usa,-0.2887907,0.17178404,-0.42156342,-0.19085366,0.04250416,0.035514563,-0.4370046,-0.22118556,-0.032463096,-0.4366935,0.23237678,-0.15008439,-0.27671638,0.5872285,0.00684727,0.36996058,0.12963338,-0.35995504,-0.48426273,-0.4778718,0.3173138,0.08677648,-0.07805413,0.05313687,0.33401617,0.56637514,0.50480866,-0.0665156,-0.32960415,0.29248255,-0.60587215,0.36053225,0.0955588,-0.5491501,0.10454374,0.19268437,-0.33867586,0.08796131,0.024738327,0.22440596,0.29781997,0.0044954494,-0.55354697,0.26288292,0.17899013,0.085256174,0.10786433,-0.22913393,0.27710238,-0.45225465,0.15557477,-0.117832236,-0.56147957,0.21979909,-0.13965118,-0.36282897,-0.15654115,-0.32986873,-0.35475874,0.3191385,-0.29499218,-0.27880692,-0.3442527,0.061170753
usa_73_97,0,usa,-0.1594698,0.09258673,-0.08215131,-0.07863124,-0.03502968,-0.1595239,-0.3293428,-0.00722377,0.07606433,-0.33570755,0.19828518,0.075622335,-0.13807222,0.2580698,-0.051802024,0.2561242,0.016619526,-0.53124416,-0.37266746,-0.16957143,0.25459856,0.047826238,0.005212091,0.24211967,0.04338832,0.6259182,0.3320835,0.025579944,-0.16771296,0.20328575,-0.43292192,0.5121403,-0.19360352,-0.3437799,-0.084302805,0.0570529,-0.16572976,-0.22771728,0.11944896,0.13503337,0.38709533,-0.05607733,-0.31348354,0.12809238,0.06942933,-0.010517441,0.00052560866,-0.31197107,0.1432774,-0.3092525,0.059071023,0.03975696,-0.4246953,0.032260217,-0.11579806,-0.17163023,-0.06346446,-0.17992866,-0.19556978,0.18644871,-0.18013343,-0.11850071,-0.12245263,-0.013128869
usa_6_8,0,usa,-0.13695423,-0.015078396,-0.20207983,-0.11113459,0.00179708,-0.16616192,-0.1850046,-0.0030252337,0.096393704,-0.25408012,0.06958853,0.090670034,-0.04216646,0.28855821,-0.033114403,0.30555484,-0.011628054,-0.65263283,-0.3811205,-0.21696779,0.2568173,-0.035380855,0.0030437186,0.24519402,0.0687938,0.87608373,0.31793278,0.081847094,-0.1195433,0.19852364,-0.50102127,0.5017709,-0.117864884,-0.42686906,-0.09401419,0.10523365,-0.06541013,-0.21779457,0.11682995,0.14154714,0.50925434,-0.15350479,-0.32755032,0.15139216,0.0922525,-0.094693154,-0.07998678,-0.32196355,0.057082776,-0.30236635,-0.026838273,0.053562023,-0.4589901,0.048613884,-0.03973537,-0.28072384,-0.056495495,-0.20558184,-0.2208435,0.16801304,-0.050668027,-0.14740252,-0.1623092,-0.108033314
usa_40_73,0,usa,-0.36404958,0.21662353,-0.46161592,-0.39472693,0.06461796,0.26321575,-0.3863849,-0.24200486,-0.18811576,-0.5857817,0.29581818,-0.19991715,-0.35523742,0.5401141,0.21956468,0.49897417,0.2397685,-0.2436662,-0.5638574,-0.53315055,0.4764204,0.26180786,-0.22178893,-0.04508211,0.2861315,0.5358239,0.57766235,-0.21051791,-0.44617355,0.4934959,-0.6325895,0.107713826,0.09814459,-0.42733687,0.18111378,0.31011465,-0.33441564,0.10276757,-0.056302045,0.37171113,0.23030154,0.26864535,-0.63569874,0.28943235,0.30632228,0.16928849,0.22761534,-0.13181573,0.2875413,-0.5872493,0.22562873,-0.19474262,-0.6682211,0.31566635,-0.29870445,-0.4858384,-0.2641818,-0.38045922,-0.33972493,0.43326014,-0.21551505,-0.34319833,-0.33558932,0.12575127
usa_21_84,0,usa,-0.2139453,0.10806565,-0.3382468,-0.1854477,0.12809934,0.053329192,-0.47940564,-0.21672529,0.04182081,-0.33146006,0.43304276,-0.12855105,-0.19597754,0.3108826,0.14673682,0.5391202,0.18836316,-0.33739138,-0.56464124,-0.5595976,0.4539221,0.23253848,-0.068841726,0.011360973,0.38653892,0.61130875,0.67613125,-0.07586596,-0.32211697,0.28088704,-0.58289814,0.35812414,0.09422014,-0.4954248,0.18913996,0.2235012,-0.25813287,-0.088683665,-0.048412625,0.20460469,0.4042694,0.10204313,-0.65292436,0.32405084,0.30204618,0.0816969,0.085306935,-0.12560815,0.3776415,-0.5236601,0.13516468,-0.014637992,-0.4563486,0.023749657,-0.27785617,-0.45069963,-0.27046636,-0.35331553,-0.55401397,0.3156824,-0.24933365,-0.36051965,-0.33977872,0.26727122
usa_6_29,0,usa,0.2186741,-0.43228832,0.31994224,0.2919735,-0.4406255,-0.393886,0.4428763,0.6225818,0.5351579,0.29558975,-0.20844826,0.6455858,0.36821574,-0.17672607,-0.25318235,-0.17743933,-0.3644212,-0.9614548,-0.08317303,0.5702256,-0.14788619,-0.34123278,0.2546721,0.41975358,-0.44865942,0.923825,-0.35172102,0.33488223,0.32603633,-0.2556894,-0.083574556,0.75145733,-0.6843988,0.09219927,-0.70579123,-0.313921,0.48934773,-0.61676645,0.2907518,-0.4177819,0.8305568,-0.74810785,0.39658463,-0.31384337,-0.116376474,-0.5101967,-0.4956082,-0.5291643,-0.33727923,0.30188203,-0.13099937,0.72788715,0.11476587,-0.6355257,0.2958846,0.33365595,0.2601999,0.34340638,0.33882633,-0.3489636,0.36439648,0.19898319,0.22720517,-0.4681668
usa_29_73,0,usa,-0.36994672,0.26382005,-0.26066977,-0.3193785,0.1310025,0.12370965,-0.45029113,-0.21600315,0.07022667,-0.46042407,0.39568514,-0.15666723,-0.47131526,0.5407275,0.29520214,0.52484787,0.21349588,0.02860754,-0.7463924,-0.58235836,0.55324465,0.2230446,-0.20642906,-0.15921092,0.45960224,0.5587966,0.57491004,-0.2748433,-0.5358087,0.5981387,-0.6356576,0.39751264,0.2010006,-0.3649635,0.31008178,0.27789262,-0.35235915,0.16366988,-0.07916976,0.37469935,0.23306952,0.12313971,-0.6151133,0.27005124,0.28248,0.22907858,0.026646957,-0.1536982,0.44076338,-0.611549,0.3206759,-0.14925632,-0.551245,0.26711044,-0.2802143,-0.51207113,-0.3826319,-0.27040407,-0.3697821,0.3391878,-0.21165153,-0.2750168,-0.26021767,0.2475223
usa_39_99,0,usa,-0.32787114,0.22685152,-0.5293573,-0.31958103,0.09776519,0.16628478,-0.4022218,-0.31288993,-0.18111321,-0.47026712,0.33476305,-0.22596326,-0.24342647,0.58662295,0.19797896,0.53198487,0.21954352,-0.29107353,-0.6410854,-0.54262424,0.46574566,0.19298886,-0.21256083,-0.04313266,0.40997285,0.53951037,0.63567424,-0.21481463,-0.3456629,0.4507791,-0.71879536,0.25599346,0.16022548,-0.584019,0.16024753,0.34805816,-0.28642738,0.13290049,-0.048435375,0.4004495,0.2783785,0.051053185,-0.6492854,0.3494662,0.2727947,0.16567026,0.17014027,-0.15951616,0.2945549,-0.5992931,0.26426452,-0.166922,-0.6653556,0.33626443,-0.24541551,-0.5073013,-0.2907821,-0.41441792,-0.48604387,0.36803716,-0.28509554,-0.32452935,-0.39986193,0.12859151
usa_15_113,0,usa,-0.34248987,0.27314317,-0.458487,-0.36783487,0.10270191,0.089135684,-0.45194203,-0.33895272,-0.1686953,-0.4739715,0.35679758,-0.22578543,-0.27856317,0.5173742,0.2027438,0.521737,0.2313091,-0.31185597,-0.66287935,-0.5738829,0.49243242,0.2585176,-0.16079745,-0.027066343,0.45414335,0.5895376,0.6287097,-0.19659528,-0.33609173,0.43565413,-0.7442995,0.27083713,0.21212187,-0.6069358,0.20404828,0.36428362,-0.31837875,0.082334965,-0.066466615,0.39460963,0.2786044,0.14573373,-0.65865976,0.42521483,0.2978056,0.16380906,0.19703294,-0.115186244,0.3314218,-0.6224295,0.27830452,-0.15599923,-0.6932818,0.33235326,-0.29331863,-0.46330446,-0.29556182,-0.4375157,-0.5042008,0.4127265,-0.31131127,-0.33597443,-0.40581185,0.18735231
usa_10_20,0,usa,-0.30230817,0.19813335,-0.4552502,-0.3012464,0.07448472,0.10860109,-0.38314775,-0.25324404,-0.12814134,-0.4320644,0.30881697,-0.16925421,-0.20925575,0.50325245,0.16174668,0.5000429,0.17365481,-0.3517775,-0.5875446,-0.48852384,0.4449599,0.16764078,-0.19617885,0.011221863,0.3233369,0.5973031,0.59090614,-0.16183805,-0.310242,0.4036415,-0.6640677,0.28675795,0.09730301,-0.53337806,0.110808626,0.31254563,-0.26655492,0.010067999,-0.03876697,0.33757722,0.3248768,0.00152269,-0.6052938,0.32256478,0.26819712,0.1320174,0.12339747,-0.19208372,0.259506,-0.54194725,0.20890228,-0.10618205,-0.62054676,0.25887245,-0.20713449,-0.47935486,-0.25713488,-0.38269982,-0.43169156,0.33695328,-0.22017363,-0.29130387,-0.36767024,0.09383067
usa_73_112,0,usa,-0.24952225,0.25409392,-0.29028505,-0.26939553,0.07107873,0.116561785,-0.42731875,-0.22264105,-0.1435803,-0.4840678,0.24811706,-0.18828988,-0.091097124,0.43504122,0.08521579,0.336783,0.1264828,-0.40437704,-0.52073675,-0.46754465,0.34749225,0.24033047,-0.1350765,-0.0014450476,0.21018681,0.574898,0.4944251,-0.14457226,-0.23591448,0.3984511,-0.60837454,0.1973058,-0.04713645,-0.4728844,0.028664902,0.2747395,-0.23308034,-0.043248132,0.020362638,0.25768122,0.22221686,0.07706594,-0.45269257,0.1974363,0.24932367,0.1579104,0.086641386,-0.21231249,0.13635752,-0.46497807,0.22933975,-0.059348397,-0.6575176,0.19267687,-0.29064542,-0.40220022,-0.12609845,-0.29752484,-0.4181738,0.34397927,-0.16864471,-0.14126763,-0.32101166,0.09295397
usa_42_73,0,usa,-0.18555057,0.017137863,-0.28648585,-0.15340008,-0.0085550845,-0.07166394,-0.25742444,-0.09220204,-0.013837747,-0.3021319,0.17775735,0.013860047,-0.077234186,0.35526878,0.0023790821,0.3519214,0.0257141,-0.59664255,-0.44347298,-0.31251884,0.3197667,0.038225196,-0.012222692,0.21261355,0.18982911,0.77145696,0.40854535,0.028741583,-0.16789126,0.24069789,-0.5708207,0.4555563,-0.07946745,-0.46743524,-0.037196778,0.17289788,-0.11946668,-0.20147243,0.06095344,0.20936726,0.46238327,-0.14681113,-0.42653227,0.21672489,0.12921676,-0.028231516,-0.016788661,-0.3138586,0.100520656,-0.40256187,0.065827586,0.018577285,-0.49985546,0.07572407,-0.1199667,-0.32346785,-0.09724897,-0.22987908,-0.30864513,0.19411933,-0.123165496,-0.17927155,-0.23607711,-0.030503526
usa_73_101,1,usa,-0.15230022,0.023063935,-0.2544876,-0.16189235,-0.01654233,-0.092928566,-0.28081626,-0.07153472,0.02678185,-0.3025039,0.15262178,0.019966744,-0.030112315,0.28957617,0.01152128,0.29994088,0.012758307,-0.5895461,-0.41350722,-0.24832676,0.30045703,-0.014266595,0.005011186,0.19646865,0.19238138,0.7940289,0.36838272,0.03899669,-0.11616297,0.27053073,-0.53608215,0.47167006,-0.079860754,-0.4544234,-0.050408192,0.14248131,-0.11724279,-0.18452641,0.09626126,0.21896899,0.43421042,-0.10824232,-0.4165144,0.18232532,0.11109862,-0.043226913,0.009971388,-0.30989468,0.057682794,-0.38424906,0.06528651,-0.005016342,-0.5011707,0.12318945,-0.10615923,-0.26063207,-0.10130052,-0.21366084,-0.317378,0.20373932,-0.08368503,-0.20262176,-0.20031321,-0.015196584
usa_47_92,0,usa,0.18501586,-0.15836066,0.3088473,0.1840977,-0.32444662,-0.41526508,0.10823525,0.17955576,0.4905461,0.037959963,-0.19850484,0.4139849,0.48166823,0.030793488,-0.39896682,-0.11802187,-0.2980739,-0.7671439,-0.021994412,0.2796737,-0.041567586,-0.5946436,0.2918602,0.5667423,-0.2524892,0.84073037,-0.24942118,0.39466926,0.2693584,-0.12853995,-0.10375977,0.73090404,-0.5462981,-0.16190481,-0.43401137,-0.13725173,0.24656016,-0.44367325,0.27589136,0.037986893,0.72295123,-0.3466336,0.1506876,-0.22855951,-0.17305702,-0.3046887,-0.39376038,-0.48995882,-0.27980658,0.073657855,-0.1393669,0.4192251,-0.17926483,-0.25923294,0.14225,0.038423404,0.091662504,0.09702206,0.083304316,-0.08685834,0.22722659,0.10969101,0.10950507,-0.3775897
usa_14_26,0,usa,-0.2607776,0.12786007,-0.37785694,-0.26050952,0.026381478,0.015931964,-0.3847033,-0.20261978,-0.050329708,-0.39187562,0.22363734,-0.09407164,-0.14996228,0.44829857,0.062984645,0.41150963,0.11326202,-0.46350062,-0.5103774,-0.40035042,0.40408108,0.116451904,-0.12108215,0.084057644,0.24133272,0.7020529,0.5074923,-0.048854563,-0.2185723,0.33524403,-0.6208315,0.3679275,0.055088177,-0.51227885,0.048537455,0.24695444,-0.2266266,-0.05309385,0.006537795,0.29120794,0.39344043,-0.06533183,-0.5338891,0.26700667,0.20998073,0.07482817,0.105319776,-0.23344254,0.21774828,-0.48080218,0.18599188,-0.03912456,-0.5588749,0.17475119,-0.16343564,-0.44135815,-0.2011559,-0.3364625,-0.38522524,0.28145638,-0.17510405,-0.2316743,-0.31496775,0.05760348
usa_3_10,1,usa,-0.46539703,0.3326522,-0.5724567,-0.34058794,0.2379907,0.23688057,-0.5285011,-0.3089738,-0.21803287,-0.6034966,0.47001916,-0.34448308,-0.3958674,0.68870133,0.2663036,0.61239684,0.27840546,-0.24142411,-0.6186754,-0.57950234,0.55236197,0.3000383,-0.2988503,-0.10843901,0.47659904,0.45156592,0.6697031,-0.31742582,-0.36848778,0.55878365,-0.80102146,0.19328061,0.17242953,-0.59064853,0.30166796,0.31284082,-0.31947863,0.31082755,-0.013484463,0.4166007,0.21402468,0.2315944,-0.68042344,0.3195232,0.34030735,0.25555974,0.2567076,-0.14494674,0.40074345,-0.5474912,0.3398556,-0.21288323,-0.73737556,0.3648682,-0.38242275,-0.6027465,-0.28076667,-0.5128254,-0.6029247,0.3992876,-0.3876718,-0.2874732,-0.41742867,0.2589909
usa_3_104,1,usa,-0.42788082,0.3706524,-0.44503653,-0.35199475,0.17647722,0.26352227,-0.48674667,-0.3016878,-0.17153507,-0.5566538,0.41295356,-0.31152904,-0.41735452,0.60957575,0.26062495,0.5909924,0.25422472,-0.11321902,-0.66304994,-0.67927915,0.5343041,0.3393079,-0.30952838,-0.13738154,0.4173969,0.5769405,0.61912334,-0.3050855,-0.41637605,0.4685737,-0.78276056,0.22966075,0.2673692,-0.5239665,0.3797213,0.37865835,-0.353004,0.14262858,-0.03557659,0.40336865,0.27473897,0.27735627,-0.65650135,0.42326814,0.35808188,0.20594534,0.252593,-0.096189216,0.44720244,-0.5837238,0.22614223,-0.1938338,-0.6861558,0.3231838,-0.34349737,-0.47420287,-0.38983682,-0.4998026,-0.56332445,0.44459313,-0.33026668,-0.35040253,-0.38373357,0.31824583
usa_43_104,1,usa,-0.058353603,0.075964876,-0.10568506,-0.03567291,-0.06475948,-0.1383723,-0.2352328,0.042466134,0.14046308,-0.2674062,0.053840082,0.08564229,0.09423253,0.2108487,-0.103048906,0.2099178,-0.06963081,-0.54510707,-0.28761026,-0.20221952,0.25163406,-0.036656797,0.026596703,0.1823594,0.14003327,0.7705164,0.277691,0.1005385,0.0127149895,0.17534569,-0.5115441,0.46721777,-0.22736633,-0.42002463,-0.0611443,0.045980483,0.019040875,-0.21883023,0.11687066,0.0596294,0.53308254,-0.23942427,-0.19386663,-0.016598359,0.10443541,-0.16886084,-0.15097186,-0.4168765,-0.0053691566,-0.27962276,-0.08005752,0.12723494,-0.30409902,0.018494882,-0.04911323,-0.2641253,0.032800175,-0.21383132,-0.24970146,0.16573814,0.030764468,-0.053067934,-0.101381205,-0.008418314
usa_40_104,0,usa,-0.32083237,0.1692557,-0.48707137,-0.47600383,0.2750392,0.10217276,-0.8149948,-0.43124598,-0.26597947,-0.49025476,0.42393658,-0.16200852,-0.29435498,0.41878593,0.3015374,0.5193955,0.18208653,-0.2999939,-0.5352921,-0.5232322,0.5053297,0.26144964,-0.25812727,-0.27730078,0.35722518,0.2658171,0.6182442,-0.4060373,-0.51991975,0.44423488,-0.6851569,-0.039532404,-0.104449876,-0.5206363,0.026451454,0.25062886,-0.37834668,0.1526225,-0.24352609,0.49917686,0.05886787,0.3643182,-0.6217342,0.37803227,0.41847917,0.28361136,0.36757398,0.020529196,0.4941799,-0.45639575,0.37151843,-0.18896092,-0.838679,0.2775619,-0.4880718,-0.62430805,-0.52875334,-0.3672613,-0.46016136,0.45005065,-0.21286215,-0.48535135,-0.47162306,0.35976714
usa_99_113,0,usa,-0.25405088,0.110129155,-0.37602222,-0.2355382,0.037589505,0.0013950318,-0.3298578,-0.19612578,-0.07136647,-0.36036593,0.24168903,-0.0822505,-0.15030196,0.4227312,0.09200694,0.4318337,0.12757404,-0.476138,-0.52482545,-0.41326216,0.37632766,0.10071581,-0.09664791,0.11425835,0.27505362,0.68129605,0.51089805,-0.065123975,-0.23863982,0.32308578,-0.6313172,0.37086868,0.036323566,-0.50438166,0.030633464,0.25066656,-0.20992419,-0.07678823,0.01230295,0.2999882,0.3944239,-0.066207096,-0.52566296,0.29636613,0.1884743,0.06760942,0.07734033,-0.22723281,0.19586432,-0.4923863,0.16244769,-0.049087938,-0.5731727,0.17928979,-0.15102604,-0.39007396,-0.20107174,-0.31740105,-0.383349,0.27048856,-0.19453305,-0.25639194,-0.3152302,0.044296794
usa_47_106,0,usa,-0.024803028,-0.081991635,0.0017601252,-0.08707156,-0.087921456,-0.24626309,-0.15318891,-0.0125115365,0.14677085,-0.2897092,0.059529074,0.19734502,0.1372587,0.15224771,-0.17866188,0.13142431,-0.12550643,-0.7617778,-0.28107166,-0.077087775,0.16781001,-0.17540948,0.115148775,0.36817205,0.009384185,0.83714116,0.13304494,0.19361785,0.017903611,0.06486769,-0.41425928,0.48905203,-0.25336298,-0.39197892,-0.21136695,0.007171452,0.031324707,-0.38000786,0.10533716,0.13293877,0.50240326,-0.14048663,-0.13112989,0.010780759,0.0038988516,-0.18198834,-0.11724955,-0.3658091,-0.06401292,-0.21968615,-0.11287667,0.05792301,-0.4468965,0.03923819,-0.019906938,-0.1883772,0.023619987,-0.12435137,-0.13516064,0.14393158,0.04418374,-0.07999456,-0.051060997,-0.18164393
usa_10_104,1,usa,-0.5558833,0.537331,-0.5937625,-0.3647048,0.20939252,0.2720596,-0.63450724,-0.41200542,-0.12777779,-0.5234811,0.41773537,-0.41797942,-0.41889143,0.8061655,0.15967464,0.58437246,0.3384995,0.10732794,-0.55689853,-0.75991315,0.5679883,0.22985753,-0.429021,-0.34208083,0.6214107,0.41088402,0.6923133,-0.37659422,-0.3462075,0.6135001,-0.7439801,0.13604721,0.2574779,-0.58084005,0.33434048,0.3864599,-0.40592745,0.5380205,-0.034352757,0.47457886,0.095672846,0.3759026,-0.7268057,0.16974741,0.37999204,0.24974796,0.08837667,-0.26187718,0.31404865,-0.43115664,0.40588135,-0.16957825,-0.6725669,0.32011768,-0.35440975,-0.65543675,-0.42520446,-0.5471953,-0.45577854,0.45789683,-0.19862454,-0.28422612,-0.44557023,0.3857807
usa_12_92,1,usa,0.35844985,-0.47336605,0.68729055,0.6452041,-0.44169652,-0.6721133,0.5161507,0.5853313,0.72222006,0.2800582,-0.7611314,0.53151494,0.3205673,-0.44758296,-0.73236287,-0.51035357,-0.38103846,-0.8075222,0.4142051,0.52332354,-0.4281726,-0.4791388,0.7330431,0.81751,-0.63525176,1.3033922,-0.5465815,0.9715197,0.58214974,-0.6634991,0.26414382,1.0799835,-0.906012,0.08136552,-0.6427719,-0.6583617,0.32152855,-1.2062492,0.5805913,-0.66586536,0.741047,-0.8235345,0.48781955,-0.40556288,-0.3891758,-0.64618,-0.27085978,-0.3907871,-0.2672055,0.38190857,-0.72063714,0.74041027,0.3672322,-0.5199022,0.5001267,0.67421466,0.5610454,0.48768076,0.4922165,-0.45131728,0.49989188,0.327344,0.6815153,-0.47691193
usa_43_92,1,usa,0.49260384,-0.8375673,0.49144074,0.8352875,-0.32412618,-0.5210638,0.5054824,0.84898406,0.80812496,0.28605837,-0.67191494,0.9136781,0.518053,-0.6963056,-0.7456316,-0.59730625,-0.6278358,-1.09373,0.49743202,0.42678702,-0.5101143,-0.65342206,0.87985027,1.0502042,-0.81976235,1.2111107,-0.5175197,0.9427664,0.5648285,-0.59544975,0.56510884,0.9587903,-1.0349687,0.2007342,-0.9578925,-0.7350395,0.4651254,-1.2210767,0.46008924,-0.75557923,1.0497026,-0.9771505,0.38252378,-0.7186927,-0.36113775,-0.6388175,-0.5624605,-0.7313281,-0.44978917,0.3184675,-0.7908816,0.7879426,0.65072495,-0.83488667,0.723362,0.39551806,0.6358168,0.5710404,0.7450317,-0.51047575,0.5268445,0.38587984,0.62488526,-0.9125509
usa_92_99,1,usa,0.3223889,-0.7330572,0.33089268,0.7058457,-0.22784652,-0.6147088,0.22058138,0.5893638,0.6287062,0.26248676,-0.7308118,0.82492226,0.6286747,-0.5304129,-0.57283854,-0.18709007,-0.62833655,-1.1909785,0.5103408,0.46277767,-0.48517114,-0.6599853,0.6266664,0.95137715,-0.6662247,1.1598274,-0.21416026,0.84288305,0.33260086,-0.5862583,0.38693208,0.92955005,-1.0236678,0.2264753,-0.8631041,-0.59031516,0.49789998,-1.2300009,0.5288372,-0.53098863,1.1482173,-0.83825415,0.16022049,-0.6363839,-0.30348724,-0.62759715,-0.57519376,-0.7792954,-0.4827369,0.056259155,-0.76140875,0.71090674,0.7079689,-0.83736473,0.55036294,0.37407124,0.6335916,0.45085457,0.5725963,-0.49086908,0.45280933,0.43013823,0.35038745,-0.87067926
usa_94_103,0,usa,-0.26100516,0.11686175,-0.38171807,-0.24240743,0.043065615,0.007981695,-0.3347839,-0.20452057,-0.07400981,-0.36636972,0.24831021,-0.0866631,-0.15753004,0.4301388,0.097998366,0.436309,0.1340209,-0.46929717,-0.53073245,-0.42102382,0.38163066,0.10780543,-0.101786435,0.10709208,0.2821945,0.6781614,0.51942265,-0.06967498,-0.2445202,0.32734826,-0.6346225,0.36462528,0.046018813,-0.50787246,0.036668472,0.25615558,-0.2159915,-0.069026306,0.00795041,0.30658036,0.39016128,-0.059499234,-0.53231263,0.30354673,0.19298798,0.075078845,0.08308621,-0.22102171,0.20376629,-0.4989339,0.16725297,-0.054810923,-0.57827896,0.18644562,-0.1539154,-0.39481348,-0.20455301,-0.3236779,-0.3896041,0.27589512,-0.2026001,-0.2599537,-0.31845874,0.047580786
usa_14_47,0,usa,-0.22256294,0.09457116,-0.32793543,-0.19889593,0.00039213896,-0.011246517,-0.31591508,-0.16541454,-0.056844242,-0.35643595,0.21973428,-0.0626992,-0.10516211,0.36133882,0.03793133,0.3753027,0.09648425,-0.49805552,-0.49484372,-0.38921058,0.359753,0.06886491,-0.08721636,0.1462632,0.23680238,0.69357246,0.48014057,-0.02843599,-0.1816536,0.30613336,-0.61396337,0.37478718,-0.033487372,-0.4914915,0.025763877,0.21059,-0.17769563,-0.11022742,0.025041208,0.27428752,0.39238048,-0.101633936,-0.49201578,0.24180277,0.15620157,0.061941464,0.047052067,-0.26302606,0.13578701,-0.46171677,0.14424103,-0.045472145,-0.5391419,0.18210739,-0.16634111,-0.36856532,-0.1376566,-0.2997666,-0.358605,0.24429286,-0.14501795,-0.20402555,-0.25313532,0.035927966
usa_61_112,0,usa,0.13410287,-0.18051934,0.030236058,0.0759833,-0.102250755,-0.34097964,-0.14503644,0.13894351,0.2756511,-0.11539614,0.10589875,0.2521385,0.14532658,0.114605054,-0.11827999,0.10686909,-0.21216309,-0.7613071,-0.25434628,0.04196562,0.10712391,-0.14127114,0.07640409,0.37577808,-0.040379226,0.8641061,0.12199263,0.15895784,0.006530501,0.14509681,-0.24040541,0.6618233,-0.4251129,-0.23069394,-0.30981708,-0.03791312,0.082590714,-0.4893301,0.2382392,-0.066053554,0.5903281,-0.23717909,-0.065117806,-0.03210836,-0.019344091,-0.18009557,-0.23477529,-0.51241624,-0.2623792,-0.19910344,-0.17079473,0.2581435,-0.2733786,-0.13292077,0.10462435,-0.11140136,-0.015846297,-0.017115839,-0.0800678,-0.018631369,0.19018492,0.02994465,-0.014367074,-0.20692074
usa_99_116,1,usa,-0.45252502,0.36994687,-0.63568175,-0.46080938,0.054096747,0.4634924,-0.3174435,-0.37126535,-0.17636591,-0.5678196,0.16564777,-0.15971702,-0.45191693,0.5619239,0.2341719,0.52057105,0.446346,-0.0034433007,-0.70208246,-0.44204608,0.4340155,0.15007275,-0.2299681,-0.2281829,0.25064713,0.33125895,0.64329886,-0.27357602,-0.393596,0.4636588,-0.5301103,0.037742145,0.080142125,-0.62011206,0.28820667,0.23521698,-0.48441797,0.38097978,-0.1645768,0.43068486,0.124632895,-0.08315885,-0.59005255,0.30957574,0.31191278,0.4462893,0.3472085,-0.054106906,0.4934365,-0.5798355,0.53260803,-0.38198918,-0.6287223,0.40434784,-0.29185328,-0.5298802,-0.37021875,-0.53583246,-0.419783,0.36720207,-0.29774052,-0.19066381,-0.4612633,0.16942674
usa_36_104,0,usa,-0.26924348,0.21507114,-0.1834881,-0.2888722,0.08427532,0.006832868,-0.39361468,-0.2944995,-0.09396224,-0.4334283,0.23521686,-0.07112499,-0.11873335,0.28301898,0.15053791,0.4244041,0.11959463,-0.5016122,-0.48274872,-0.25343943,0.32642052,0.12692803,-0.07742036,0.068928435,0.17234413,0.5387231,0.4692173,-0.05849707,-0.24058057,0.2283265,-0.5084878,0.31433624,-0.024945475,-0.5070722,-0.0017797947,0.27583238,-0.2919484,-0.20600638,-0.017229304,0.2266642,0.24769889,-0.03276103,-0.39606977,0.2522448,0.23031694,0.11837006,0.14925967,-0.18495816,0.2445823,-0.46520364,0.16909602,-0.10115509,-0.5740058,0.18784583,-0.19475901,-0.36968708,-0.21722671,-0.28556505,-0.42751265,0.2573428,-0.18329774,-0.24632587,-0.3499704,0.09857085
usa_20_91,0,usa,-0.23272943,0.1364551,-0.35729888,-0.25731036,0.050790884,0.006093368,-0.32762605,-0.19221118,-0.06781148,-0.36835992,0.2357373,-0.0924923,-0.17464274,0.44617426,0.09233827,0.43349057,0.15386714,-0.4382012,-0.5208781,-0.41324234,0.38641366,0.11073387,-0.09844126,0.12273435,0.25426888,0.6833535,0.49620384,-0.08983346,-0.2679277,0.37312782,-0.62408495,0.34780642,0.04073906,-0.48311305,0.064145975,0.26381475,-0.20540172,-0.06198226,-0.0018186793,0.27459198,0.3856532,-0.045252055,-0.5169358,0.28505367,0.21628541,0.055006474,0.06940605,-0.2549416,0.19464645,-0.48135427,0.14854513,-0.049486876,-0.58025545,0.16070873,-0.17427169,-0.38706642,-0.20555368,-0.3095278,-0.35688204,0.2768597,-0.1450614,-0.25485194,-0.30668455,0.03590042
usa_15_106,0,usa,-0.23592724,0.10421271,-0.1610328,0.053803787,-0.02313,-0.17471215,-0.5740018,-0.11606747,0.13584684,-0.24784666,0.2655674,-0.043389723,-0.19189364,0.3139853,0.010535717,0.2148632,0.12227145,-0.28734595,-0.32454675,-0.39493597,0.23754606,0.045707557,-0.20232524,0.27197447,0.35471076,0.61152935,0.25334772,0.012261078,-0.06773681,0.2459135,-0.4419235,0.55853766,-0.02117309,-0.26794633,0.02316849,0.16946325,-0.067589305,0.017209575,0.0649648,0.12348415,0.39892137,-0.08622393,-0.42215687,0.015939489,0.17490992,-0.10447848,-0.20153709,-0.38820052,0.03226331,-0.35365483,0.2069808,0.16853541,-0.35550916,-0.12455859,-0.11824094,-0.32362524,-0.2588378,-0.21693984,-0.25117338,0.14701267,0.030763827,-0.112477675,-0.13774951,0.042686168
usa_12_53,0,usa,-0.3668626,0.32941747,-0.40388587,-0.24324997,0.16001846,0.087142944,-0.5020844,-0.25570637,-0.13773227,-0.4726956,0.23285756,-0.11840203,-0.20507851,0.52478844,0.2235707,0.5154634,0.14878945,-0.11603597,-0.44933635,-0.5137509,0.4649743,0.11383322,-0.20893301,-0.07953701,0.28163624,0.5113778,0.53127253,-0.1783795,-0.37515885,0.41245288,-0.71302736,0.37103096,0.062330645,-0.4735076,0.09012673,0.37891024,-0.23934726,0.11723532,0.028711736,0.3148538,0.25057644,0.07941221,-0.50410175,0.21560314,0.35156342,0.09551185,0.12675017,-0.21478865,0.37200242,-0.5276468,0.18954256,-0.11781438,-0.60441864,0.19660887,-0.20879623,-0.4279952,-0.20985147,-0.29233074,-0.48782748,0.41528702,-0.22671565,-0.20032574,-0.32351512,0.1613515
usa_3_86,0,usa,-0.00013222545,-0.11406007,-0.017855056,0.0028095692,-0.08629489,-0.39262313,-0.11432798,0.08670357,0.20145257,-0.09811801,-0.015613869,0.24357644,0.15320958,0.16583973,-0.11752652,0.20271018,-0.13046625,-0.7795264,-0.35410434,-0.07815997,0.113467574,-0.18493013,0.13584521,0.33386043,0.04378143,0.82036227,0.17416853,0.18556857,-0.025359005,0.10339615,-0.40754476,0.62308574,-0.30496383,-0.30881977,-0.23830119,-0.0066553205,0.05646196,-0.37683094,0.16060841,0.086940795,0.7022089,-0.26397705,-0.13016707,0.035262674,0.0075634494,-0.22075151,-0.18958153,-0.39740673,-0.05103285,-0.25547236,-0.12586617,0.26200715,-0.33712882,-0.06601445,0.031860754,-0.18051691,0.021855153,-0.071964055,-0.110354334,0.088873126,0.074718945,-0.051696815,-0.08148458,-0.20670214
usa_15_92,0,usa,-0.17458946,0.09762455,-0.26306656,-0.053014036,-0.05493316,-0.07210202,-0.34438196,-0.15783747,-0.032422952,-0.36990094,0.18538933,-0.06962836,-0.25479627,0.3619954,0.11342909,0.3661144,0.12286019,-0.27773076,-0.54425627,-0.34734845,0.30193108,0.10253398,-0.12169392,0.2431173,0.320926,0.61719435,0.36209315,-0.027620092,-0.31578773,0.270627,-0.5248906,0.46374175,-0.11345724,-0.45488253,-0.03464239,0.13231595,-0.12731595,-0.018191315,0.06708264,0.2529075,0.3732869,0.033271544,-0.42817742,0.08101946,0.116650686,-0.020321548,0.044398073,-0.36072168,0.29463747,-0.39989492,0.05299978,-0.056992494,-0.48803657,0.056240425,-0.211947,-0.27127552,-0.071318015,-0.17706163,-0.35296136,0.2864496,-0.15762055,-0.17648494,-0.2425109,0.058320608
usa_112_113,0,usa,-0.15033981,0.005824335,-0.27378076,-0.104567274,0.0049604997,-0.11563381,-0.23077938,-0.08895656,0.040183544,-0.28045994,0.13322629,0.013218366,-0.06428343,0.34392703,-0.016837642,0.29870647,0.040131375,-0.5724351,-0.45000544,-0.3355083,0.2584519,-0.02773714,-0.052360866,0.24425474,0.1775426,0.73594373,0.41086528,0.045298226,-0.16560324,0.21351834,-0.5413299,0.43604544,-0.09542631,-0.46508142,-0.07083722,0.14760157,-0.08608332,-0.10128108,0.07508615,0.24255635,0.47602218,-0.13914895,-0.38927734,0.16308452,0.08868009,-0.007825643,-0.053536102,-0.30031872,0.077243134,-0.3757476,0.055932082,-0.0034452304,-0.4719724,0.1422577,-0.07991084,-0.30823648,-0.074047685,-0.23818345,-0.25417298,0.20065539,-0.10668966,-0.1733866,-0.20414361,-0.07300055
usa_67_103,1,usa,-0.2189039,0.09438702,-0.30357242,-0.23949698,-0.0024954379,-0.0242894,-0.3164871,-0.17299938,-0.046207674,-0.34403294,0.20844676,-0.039119095,-0.10269918,0.35994026,0.057035346,0.39411852,0.08886887,-0.5276778,-0.5015623,-0.38076913,0.36842835,0.09318985,-0.045483783,0.1443386,0.2551005,0.71591485,0.44187784,-0.02886486,-0.1979548,0.3178659,-0.5938849,0.41362044,0.0019636676,-0.4942343,-0.00016351789,0.21685912,-0.18592289,-0.09419173,0.018278882,0.28610894,0.42008787,-0.061586782,-0.49464488,0.26080838,0.16929367,0.036491334,0.056083947,-0.23740837,0.16530773,-0.46342832,0.14112517,-0.026649125,-0.5696665,0.16362046,-0.15132791,-0.37011075,-0.18145286,-0.2787065,-0.3421044,0.26416275,-0.15358463,-0.24111098,-0.27280074,0.026524246
usa_3_20,0,usa,-0.15920621,0.16295105,-0.36159262,-0.2652459,0.03968002,0.14681077,-0.12737556,-0.14472064,0.1047457,-0.42262012,0.026673831,-0.032640945,-0.20100977,0.23969573,-0.027928144,0.34109136,0.10104375,-0.27882507,-0.54884434,-0.3541959,0.37960213,0.00534112,0.045812123,0.13962378,0.221811,0.58607477,0.405514,0.028710581,-0.18793109,0.3315817,-0.49489546,0.32740545,-0.110484,-0.42401108,-0.021926992,0.12267668,-0.15749365,-0.022961855,0.012135923,0.12577982,0.39305574,-0.12068643,-0.5015255,0.15359688,0.09716359,0.0012623593,0.029180188,-0.28142112,0.25670326,-0.36506072,0.069231935,0.058964036,-0.3787204,0.09177527,-0.026067067,-0.28722763,-0.09748937,-0.13550237,-0.29058957,0.32822117,-0.07707903,-0.17893848,-0.24027333,-0.013142191
usa_3_103,1,usa,-0.05736788,0.0126603395,-0.16348512,-0.137582,-0.04789175,-0.10297007,-0.23339495,-0.018106632,0.06637496,-0.26625538,0.061470017,0.073538885,-0.029354148,0.2798623,-0.02385749,0.2859909,-0.015221499,-0.5497202,-0.35293037,-0.18511796,0.273527,-0.05865851,-0.01864633,0.21257427,0.10332872,0.7125415,0.23583016,0.05298423,-0.1172678,0.25320017,-0.47672364,0.49618158,-0.19669926,-0.3231726,-0.15980634,0.10139402,-0.082314186,-0.14290415,0.08932544,0.1649181,0.4899178,-0.13716128,-0.31847858,0.08539576,0.0693664,-0.046332493,-0.04651101,-0.3221978,0.12946674,-0.2869522,0.09255363,0.11345839,-0.5238253,0.010087833,-0.07329303,-0.27838653,-0.07866056,-0.14162014,-0.2180983,0.26634756,0.020634584,-0.14334092,-0.19962734,-0.061846033
usa_20_103,0,usa,-0.49483117,0.47681025,-0.68623686,-0.52405846,0.17104879,0.2819942,-0.53059894,-0.5553335,-0.28742707,-0.65770733,0.31247634,-0.44590825,-0.5393987,0.65235925,0.27964553,0.6062958,0.33664188,-0.042001918,-0.75677687,-0.7619645,0.6189864,0.4447319,-0.340263,-0.2505157,0.55222607,0.43224853,0.7920499,-0.29550546,-0.43121618,0.49489513,-0.890239,0.06327426,0.435366,-0.66411287,0.31062815,0.51212174,-0.5354856,0.34819382,-0.15045151,0.5417707,-0.04816301,0.22163725,-0.77771276,0.43296438,0.367899,0.33316094,0.3464827,0.021887362,0.52542007,-0.7199203,0.33406198,-0.3439284,-0.7171995,0.52276075,-0.4156091,-0.4595111,-0.3597167,-0.5021127,-0.5644768,0.5279899,-0.31985787,-0.43832663,-0.4932685,0.30251056
usa_25_73,0,usa,-0.1863215,0.053921137,-0.30913866,-0.1465747,0.005933173,-0.061869927,-0.25891447,-0.10544623,-0.015230909,-0.31380105,0.16255346,-0.018837675,-0.08971632,0.3843439,0.038585946,0.38146317,0.0757896,-0.52043766,-0.48848134,-0.3569953,0.2883915,0.018031187,-0.07242434,0.19084951,0.21581335,0.6843735,0.4416595,-0.032477297,-0.21554863,0.27415997,-0.5383559,0.42149857,-0.066911675,-0.45174724,-0.046057455,0.18749946,-0.14092922,-0.10976718,0.043921113,0.2734707,0.47877878,-0.110366896,-0.4319716,0.2398072,0.14818841,0.002954632,0.025551692,-0.2815246,0.13530508,-0.4345334,0.10924566,0.004935868,-0.5147391,0.14525387,-0.08752652,-0.3586136,-0.1423896,-0.26816702,-0.30112582,0.24953634,-0.12343092,-0.22423784,-0.27029556,-0.017871283
usa_0_47,0,usa,-0.24837084,0.11965331,-0.3798888,-0.25776285,0.03771215,-0.007919699,-0.3208499,-0.18855153,-0.07148492,-0.36562937,0.22657585,-0.07276852,-0.15955219,0.44525152,0.10558727,0.4472312,0.14529747,-0.46627837,-0.5403509,-0.42389524,0.37775376,0.093628295,-0.11212386,0.076197475,0.29922694,0.6677342,0.51216435,-0.08701454,-0.2647599,0.32624528,-0.61104184,0.3606505,0.03565079,-0.49281356,0.034406163,0.2594226,-0.20940638,-0.044299766,0.0015553087,0.3205459,0.42147708,-0.043254703,-0.5086701,0.29536235,0.19909793,0.07518266,0.08627144,-0.22766665,0.2263867,-0.50922155,0.1613365,-0.05725961,-0.57989603,0.19136247,-0.14456218,-0.40553874,-0.18924576,-0.32856077,-0.3765201,0.29629448,-0.16533911,-0.25329506,-0.32376373,0.04424229
usa_64_92,1,usa,-0.2030209,0.34607166,-0.33517933,-0.124673344,0.05695388,-0.006262243,-0.5001611,-0.17848158,0.1190851,-0.44362223,0.19348338,-0.13810027,-0.14025259,0.5222421,-0.011407793,0.33972028,0.075212516,-0.27723593,-0.42109966,-0.27726814,0.22151485,0.0462311,-0.027929626,-0.10903512,0.3406508,0.3455333,0.35727096,-0.15790775,-0.09935574,0.3050714,-0.49884492,0.30042106,0.07703313,-0.28119797,0.29623228,0.17084008,-0.1694789,0.1406684,0.03212346,0.30702838,0.37939125,0.10931756,-0.36199898,0.27041337,0.087402195,0.03837979,0.054383285,-0.09369919,0.25057924,-0.34404916,0.219,-0.051245622,-0.44485325,0.25279003,-0.12207511,-0.19035666,-0.23913598,-0.34780538,-0.18540972,0.27380604,-0.08021534,-0.2092596,-0.15054344,0.12392482
usa_38_50,1,usa,-0.11137358,-6.0006976e-05,-0.17246176,-0.09578589,-0.00089456886,-0.18904856,-0.24366018,-0.0806794,0.04888791,-0.24871592,0.11175568,0.0793629,0.03212045,0.23367435,-0.048525333,0.2851485,-0.027506568,-0.6714918,-0.36555725,-0.23147625,0.24316937,-0.02510444,0.029558025,0.29792503,0.10419769,0.7902523,0.36708677,0.088572375,-0.07656298,0.16476876,-0.5089197,0.48403004,-0.14107758,-0.42390847,-0.15013668,0.11613855,-0.0913421,-0.36187112,0.076712936,0.1387286,0.4843719,-0.20505263,-0.31241286,0.1709607,0.08436167,-0.08331603,-0.093441114,-0.32999864,0.0060876906,-0.34545106,0.0003054887,0.0684885,-0.43249017,0.027354144,-0.05563065,-0.25606588,-0.07107763,-0.1944407,-0.2502472,0.15070438,-0.054832403,-0.15887302,-0.19156453,-0.08140616
usa_64_73,1,usa,-0.77533793,0.8432005,-1.1592567,-0.7248394,0.36978275,0.8081565,-0.7446048,-0.63586134,-0.7111861,-0.86391586,0.65956664,-0.8869925,-0.8707485,1.2811508,0.7748344,0.9557053,0.5909062,0.7244682,-1.0395951,-1.3872805,0.88465196,0.7464674,-0.84841555,-0.68328977,1.0672979,0.12187259,1.0915275,-0.8117362,-0.83165085,0.79972804,-1.1486361,-0.13834718,0.82940185,-0.8015628,0.958732,0.5955044,-0.8434298,1.1944729,-0.14074896,0.6943003,-0.35006016,0.6857054,-1.2656054,0.5808629,0.64332986,0.6751699,0.633487,0.32012445,0.93625194,-0.9184953,0.66323507,-0.73371977,-1.0677302,0.941192,-0.74075484,-0.92002726,-0.48826808,-0.84999454,-1.0347844,0.83389056,-0.6943428,-0.5553442,-0.6747969,0.64394987
usa_60_73,0,usa,-0.105124176,-0.06776733,-0.20403403,-0.07495442,-0.011187151,-0.20188376,-0.23201126,-0.104217455,0.029521644,-0.26166952,0.13586044,0.09836884,0.045132414,0.22289547,-0.04798673,0.27596918,-0.0053299665,-0.6619627,-0.40706235,-0.16148481,0.18054545,-0.091611624,0.09025892,0.29357043,0.17740318,0.75552917,0.38205227,0.117723174,-0.076656014,0.1944367,-0.4685172,0.47924003,-0.14784637,-0.4132361,-0.169126,0.13172473,-0.06392225,-0.28039402,0.11467199,0.17262968,0.49267954,-0.14599389,-0.4149502,0.14592217,0.034924164,-0.07563056,-0.044147104,-0.31229854,-0.01848346,-0.34642065,0.054731797,0.061758302,-0.42807662,0.017559908,-0.026872255,-0.19762808,-0.08428475,-0.17075261,-0.21975371,0.13875581,-0.09193831,-0.1520623,-0.19250609,-0.104521856
usa_60_104,0,usa,-0.12579912,-0.019825138,-0.14737055,-0.16864488,-0.020979024,-0.25343254,-0.21947235,-0.11080867,0.053691402,-0.21850419,0.14157033,0.087279916,0.013820827,0.2044687,-0.035730734,0.26413527,0.018379174,-0.5776298,-0.46573856,-0.19202241,0.16057307,-0.12319191,0.03716757,0.19447124,0.17898029,0.62548536,0.3347553,0.027390279,-0.08604506,0.20405057,-0.47924745,0.45046976,-0.20758581,-0.42043942,-0.11293269,0.16860208,-0.036139265,-0.15321718,0.09690742,0.24003682,0.5212198,-0.030730024,-0.30231577,0.10346669,0.08264555,-0.028899848,0.017786339,-0.34674704,0.024973296,-0.34036025,0.049629822,0.09004269,-0.442392,0.08615323,-0.03854027,-0.23664495,-0.15064946,-0.22124991,-0.23184337,0.15237983,-0.03091795,-0.15983155,-0.19283372,-0.029996261
usa_3_91,0,usa,-0.24861196,0.10217205,-0.35992414,-0.22775652,0.03125705,-0.009333916,-0.3330625,-0.19088617,-0.059119903,-0.3591268,0.2301625,-0.0707249,-0.13383473,0.40338784,0.07872313,0.414064,0.12062733,-0.4952742,-0.50975025,-0.38667232,0.3676967,0.09020976,-0.09213691,0.11313242,0.25599986,0.69155085,0.50008166,-0.049934056,-0.21690467,0.3186989,-0.62335235,0.36881915,0.023337595,-0.49582914,0.019241937,0.23783985,-0.20271972,-0.091755286,0.021000586,0.3005253,0.3998596,-0.07307248,-0.5184832,0.2822618,0.18054491,0.06669151,0.078624554,-0.23362121,0.18346763,-0.48273802,0.14934202,-0.04153623,-0.56806564,0.18137164,-0.15610373,-0.3752039,-0.18854567,-0.3121283,-0.38400298,0.26319182,-0.18017898,-0.24667606,-0.3013674,0.04386866
usa_61_73,0,usa,-0.27618906,0.10327272,-0.33963513,-0.26023713,0.055470023,0.08698192,-0.33270144,-0.23864354,-0.0930332,-0.4033749,0.29044035,-0.11118588,-0.1835897,0.4715762,0.1354146,0.39220646,0.10616626,-0.42708963,-0.51661825,-0.4840612,0.40924916,0.208457,-0.17327622,0.09305103,0.25229374,0.6376128,0.57697916,-0.061263643,-0.2981101,0.37089628,-0.6400336,0.30863145,0.030960314,-0.45563212,0.08440168,0.24522474,-0.2264946,-0.06503962,0.025265321,0.3068882,0.36829162,0.009029672,-0.53822637,0.27203614,0.20313792,0.07710549,0.11801331,-0.24032483,0.24557856,-0.4872976,0.18460071,-0.062156875,-0.6590987,0.17353007,-0.2140036,-0.483128,-0.19895345,-0.27622396,-0.36829105,0.29477197,-0.21757004,-0.21154012,-0.29692963,0.0791982
usa_64_101,1,usa,-0.24321479,0.27819043,-0.27375683,-0.2897849,0.06800398,-0.03912673,-0.3277919,-0.31571448,-0.013665788,-0.4228168,0.16641027,-0.09559088,-0.13599978,0.3046437,0.07213486,0.41551626,0.14099035,-0.4212411,-0.5192043,-0.41990045,0.40710813,0.13655837,-0.038028024,0.1041044,0.25962126,0.6935101,0.45623842,-0.019900776,-0.17841497,0.29889813,-0.65680015,0.33273774,0.086729705,-0.4860257,0.040722795,0.28385895,-0.25338525,-0.14979719,-0.034094565,0.25939012,0.33038604,-0.08805655,-0.4485938,0.30052325,0.19959739,0.0805105,0.07394886,-0.1671932,0.26651078,-0.48775387,0.13919225,-0.03598958,-0.5030408,0.19208455,-0.20500839,-0.33911788,-0.18230593,-0.36213127,-0.3776691,0.34638268,-0.1485285,-0.24463435,-0.3274506,0.09211968
usa_10_106,0,usa,-0.25851354,0.15154703,-0.38879076,-0.25523078,0.050969798,0.047437202,-0.35198045,-0.19879404,-0.07243104,-0.37260294,0.24037981,-0.11144272,-0.17551091,0.43531686,0.1148681,0.46699125,0.13294575,-0.39489296,-0.54958206,-0.42429447,0.41157338,0.12553626,-0.13414106,0.08168168,0.28051314,0.6715598,0.52616775,-0.09874498,-0.2618611,0.3742035,-0.62306964,0.3540864,0.035584595,-0.4958975,0.05899072,0.28614625,-0.21992826,-0.060865864,-0.012448184,0.28293127,0.3568207,-0.06413753,-0.55480635,0.27904084,0.23314758,0.089907184,0.076297276,-0.227608,0.21576935,-0.4950938,0.16865823,-0.05225709,-0.56741554,0.18974328,-0.16485934,-0.42887694,-0.21905547,-0.32767928,-0.3961441,0.307488,-0.15863842,-0.25511348,-0.3378628,0.05803238
usa_87_101,1,usa,-0.13860583,-0.010873258,-0.2763562,-0.16450301,-0.007487014,-0.075390525,-0.2522247,-0.069043845,0.0395834,-0.33886182,0.14673215,0.040956274,-0.13382559,0.35380742,-0.02763915,0.30887538,0.02008953,-0.5149449,-0.41536337,-0.21050408,0.3068243,0.010949418,-0.0580528,0.18899992,0.1043619,0.7280718,0.35383818,0.028914794,-0.21042725,0.23168144,-0.5169644,0.39189526,-0.14329493,-0.44361714,-0.1037397,0.12420051,-0.13630874,-0.12239958,0.043477073,0.15442666,0.38844043,-0.13429567,-0.4423614,0.15482166,0.10026898,0.018820785,0.01963859,-0.33148375,0.14398393,-0.3345536,0.07120257,-0.010309964,-0.5326759,0.056419544,-0.14668974,-0.28759444,-0.098644994,-0.19013983,-0.26296952,0.24725163,-0.08205889,-0.17790458,-0.24065529,-0.0769576
usa_10_43,1,usa,-0.4495113,0.37525305,-0.602611,-0.50875914,0.17650506,0.27306673,-0.4859157,-0.55028397,-0.24450369,-0.57142353,0.4644743,-0.49656683,-0.32196492,0.5583824,0.29960573,0.64065653,0.3053359,-0.044765934,-0.7745179,-0.815602,0.5916939,0.28907102,-0.17000115,-0.1034141,0.6193258,0.45573378,0.8608639,-0.118187234,-0.47482008,0.46539408,-0.9031698,0.1288231,0.35561115,-0.57281953,0.31154826,0.4285707,-0.48227358,0.27851874,-0.11655579,0.4795124,0.13930818,0.18389058,-0.7312013,0.45206964,0.23109771,0.2003064,0.3185095,-0.1328198,0.5180683,-0.7811743,0.2911371,-0.1999128,-0.7368208,0.39758044,-0.35560942,-0.46464646,-0.37481606,-0.45955527,-0.7089251,0.5029113,-0.40760484,-0.43395135,-0.4370134,0.35037783
usa_10_22,1,usa,-0.2751875,0.16543719,-0.40696883,-0.38207448,0.07078537,0.07433004,-0.38974655,-0.4779126,-0.05992654,-0.4376036,0.30293238,-0.2346219,-0.22784679,0.32919657,0.0908813,0.44407177,0.09644215,-0.30611965,-0.6847362,-0.55471885,0.42266652,0.18734947,-0.066492915,0.13835514,0.43543947,0.6140115,0.64379275,0.016160496,-0.25410023,0.36660394,-0.6623969,0.3319147,0.15248199,-0.4085646,-0.0040690824,0.21257973,-0.32581308,-0.07629961,-0.032606,0.39549035,0.2658502,-0.0072093382,-0.5904709,0.3359797,0.11906218,0.1114753,0.21077481,-0.1750943,0.35338944,-0.6130966,0.16109538,-0.074754074,-0.53199023,0.2970172,-0.1665054,-0.2456207,-0.24900487,-0.25998166,-0.4210449,0.3244102,-0.20884113,-0.29448533,-0.32149202,0.1136828
usa_10_64,1,usa,-0.27915522,0.10497191,-0.30516207,-0.21755008,0.038986005,0.12997158,-0.32006192,-0.062412146,-0.006290324,-0.47911793,0.065571845,-0.17930792,-0.15341818,0.29154453,-0.11765236,0.2906076,0.040265657,-0.5825996,-0.42223084,-0.23381604,0.28299284,0.04483041,0.050194837,0.13780297,0.029686421,0.62780696,0.3369727,0.14942804,-0.20330988,0.08851486,-0.40933204,0.2890462,-0.032126345,-0.33302274,-0.17557627,0.13632643,-0.22174677,0.00067582726,0.03859535,0.12266743,0.31025857,-0.14870651,-0.3620758,0.20750163,0.060461733,0.085417606,0.3126762,-0.22547942,0.24308634,-0.3768355,0.23210275,0.059642233,-0.45947534,-0.032403655,-0.21808472,-0.08012027,-0.09253535,0.01744333,-0.17481934,0.27376375,-0.06383963,-0.25179103,-0.29598057,-0.10227229
usa_17_89,0,usa,-0.20773679,0.09749872,-0.28296068,-0.09799671,0.04077352,-0.12414517,-0.3105499,-0.11435841,-0.032478154,-0.27973086,0.24411058,-0.021444514,-0.14468558,0.4000031,0.05836398,0.36388847,0.08692514,-0.53885466,-0.50515765,-0.30752325,0.30566445,0.06814918,-0.03596969,0.15134984,0.2297483,0.67361575,0.4903802,-0.06847654,-0.26325023,0.32765236,-0.52123994,0.49082664,-0.08856226,-0.43967718,-0.0798777,0.14712664,-0.18214266,-0.1550159,0.04220566,0.12686265,0.44021165,-0.16469719,-0.39805,0.22277562,0.14035031,0.012727551,-0.024364151,-0.26685867,0.085969314,-0.38998583,0.1466012,0.09698977,-0.50715303,0.07941006,-0.13037887,-0.30989236,-0.1957736,-0.26145977,-0.2668226,0.18079302,-0.1600056,-0.20837617,-0.2754199,-0.0132419765
usa_73_89,1,usa,-0.21077654,0.08577958,-0.2572409,-0.13160342,-0.03548737,-0.06499118,-0.2876623,-0.18656525,-0.06991786,-0.3357942,0.24506846,-0.0024271384,-0.1562152,0.40206265,0.023888044,0.34332982,0.11308367,-0.5575524,-0.4490275,-0.27488893,0.32897267,0.050389893,0.0053664297,0.15225734,0.20047262,0.6848891,0.4996849,-0.048450258,-0.22082323,0.2950805,-0.5356817,0.42493054,-0.044826753,-0.46865016,-0.102997534,0.15507391,-0.15795633,-0.16681898,0.0091303885,0.18897524,0.44798213,-0.12734705,-0.40353805,0.25324744,0.13495432,0.021717548,0.023293763,-0.27138826,0.15909344,-0.4029565,0.14382678,0.063410856,-0.52872634,0.08463574,-0.17765364,-0.33509308,-0.18788834,-0.28278118,-0.29699093,0.19912794,-0.16114913,-0.22742635,-0.28098756,0.021063969
usa_10_112,0,usa,-0.10009911,-0.059624575,-0.2384162,-0.09102527,-0.029035866,-0.17085657,-0.24573568,-0.045485508,0.06810416,-0.25665516,0.13115129,0.093358636,0.03234078,0.2794991,-0.086373866,0.27737176,-0.034952678,-0.6753051,-0.36860448,-0.23984054,0.23512673,-0.026995115,0.048162304,0.2710039,0.14860047,0.76007015,0.35315502,0.07570117,-0.049059972,0.19177067,-0.5119905,0.50781846,-0.17333984,-0.43452558,-0.1491062,0.10734184,-0.041101567,-0.297303,0.093327984,0.15525092,0.5229351,-0.20730649,-0.33725667,0.14075762,0.094753444,-0.08495413,-0.086342454,-0.3727886,0.016743131,-0.3661105,-0.0056737587,0.12557575,-0.44447374,0.010668658,-0.0576483,-0.26900056,-0.054065704,-0.18778336,-0.27365428,0.156686,-0.03342905,-0.1485725,-0.18689865,-0.09403862
usa_10_46,0,usa,-0.26100516,0.11686175,-0.38171807,-0.24240743,0.043065615,0.007981695,-0.3347839,-0.20452057,-0.07400981,-0.36636972,0.24831021,-0.0866631,-0.15753004,0.4301388,0.097998366,0.436309,0.1340209,-0.46929717,-0.53073245,-0.42102382,0.38163066,0.10780543,-0.101786435,0.10709208,0.2821945,0.6781614,0.51942265,-0.06967498,-0.2445202,0.32734826,-0.6346225,0.36462528,0.046018813,-0.50787246,0.036668472,0.25615558,-0.2159915,-0.069026306,0.00795041,0.30658036,0.39016128,-0.059499234,-0.53231263,0.30354673,0.19298798,0.075078845,0.08308621,-0.22102171,0.20376629,-0.4989339,0.16725297,-0.054810923,-0.57827896,0.18644562,-0.1539154,-0.39481348,-0.20455301,-0.3236779,-0.3896041,0.27589512,-0.2026001,-0.2599537,-0.31845874,0.047580786
usa_15_61,0,usa,-0.13888496,-0.04953269,-0.076352865,0.047451332,-0.049874738,-0.19556746,-0.2913353,0.012224168,0.13105465,-0.2621421,0.15938017,0.11809945,-0.02184613,0.21841148,-0.10041095,0.27858227,-0.02311682,-0.55818045,-0.27996138,-0.1584373,0.2022216,-0.018660195,-0.020310812,0.4075713,0.046724096,0.64282584,0.20019317,0.054830812,-0.076585665,0.21059728,-0.43463615,0.57110447,-0.3291664,-0.32011822,-0.14009273,-0.051461272,0.026430741,-0.2974072,0.15602237,0.14524612,0.5300337,-0.14465062,-0.2494993,-0.03855543,0.06515907,-0.1343922,-0.104889944,-0.46993005,0.13555782,-0.24162519,-0.020023607,0.1663031,-0.3387812,-0.1532458,-0.091059096,-0.27556312,-0.0047368705,-0.10005117,-0.20490399,0.114774555,-0.06442636,-0.0691671,-0.0923201,-0.06275779
usa_61_110,0,usa,-0.15709206,0.033918254,-0.19645917,-0.13113385,-0.0028510243,-0.07885563,-0.234857,-0.12488598,0.029034145,-0.35191703,0.2885124,-0.019695424,-0.14311525,0.40387926,0.035569146,0.33408448,0.06140611,-0.5191126,-0.48796448,-0.3012331,0.32204205,0.055642594,-0.05294891,0.13380145,0.2101733,0.71342134,0.39834523,-0.06840258,-0.18523201,0.32917112,-0.4964789,0.44318864,-0.11012208,-0.438999,-0.054805838,0.16224962,-0.1228993,-0.17779067,0.0659052,0.20059961,0.42810553,-0.06629476,-0.38073432,0.19391155,0.1290577,0.019725606,-0.012847692,-0.3149268,0.09664677,-0.405628,0.08778763,0.025629446,-0.5175676,0.13682294,-0.114594415,-0.30433637,-0.19482106,-0.23787989,-0.27817315,0.14922887,-0.127442,-0.15233126,-0.2060876,-0.014734633
usa_19_64,1,usa,-0.23245932,0.08099637,-0.33798888,-0.21292835,0.02655866,-0.021927983,-0.31305164,-0.1745494,-0.044219747,-0.34740466,0.22542602,-0.04899736,-0.11907169,0.38828778,0.066219166,0.3984025,0.10613354,-0.51293707,-0.4963922,-0.36697817,0.35288608,0.07525192,-0.06775977,0.13992333,0.24521342,0.70195717,0.48388013,-0.030474342,-0.20226826,0.30557656,-0.60574865,0.38622406,0.003039673,-0.48614356,-0.0037231594,0.22033262,-0.18555072,-0.12024298,0.029411033,0.28322446,0.41683745,-0.09012322,-0.50080293,0.27082026,0.16665855,0.047799744,0.061018433,-0.24282098,0.16491687,-0.4691331,0.13836186,-0.030572377,-0.54973453,0.16360506,-0.13468806,-0.35678196,-0.17515445,-0.2966466,-0.36911106,0.24993551,-0.17831013,-0.23868008,-0.28551573,0.02274812
usa_10_92,1,usa,-0.15509394,0.061629713,-0.2473334,-0.163672,0.030797295,-0.10455135,-0.25517756,-0.13901138,-0.0045437366,-0.30102044,0.14772323,0.014270715,-0.08540979,0.3266784,-0.0029036403,0.32742795,0.07898477,-0.55636346,-0.4184541,-0.3229636,0.2919667,0.030489739,-0.0008073747,0.25181505,0.16474485,0.7530299,0.40986362,0.017858952,-0.16265646,0.26887143,-0.5608572,0.41754755,-0.06635546,-0.4549469,-0.043800525,0.17653975,-0.11328061,-0.19189152,0.04184431,0.18845487,0.43750668,-0.123778686,-0.37523752,0.19802102,0.13157532,-0.046600893,-0.04420887,-0.303603,0.09335198,-0.39749575,0.03338523,0.013637513,-0.5002373,0.07609049,-0.12891118,-0.28942466,-0.11374832,-0.2192674,-0.2911806,0.21419401,-0.073636755,-0.20447181,-0.22715577,-0.05936736
usa_53_113,0,usa,-0.55979306,0.67982405,-0.5795784,-0.63520724,0.40040535,0.19915915,-0.5856009,-0.6724427,-0.35234487,-0.7874348,0.4740071,-0.41391152,-0.4880252,0.61008096,0.49227294,0.6479159,0.5427677,0.043036755,-0.73758334,-0.85349405,0.6212751,0.41899502,-0.42993137,-0.2918753,0.5599146,0.15345456,0.7251637,-0.40096715,-0.52045465,0.4363325,-1.0256288,-0.1384066,0.5053965,-0.71606624,0.5836994,0.6330355,-0.5377314,0.47967523,-0.2665149,0.67973334,-0.03475979,0.45382267,-0.7209176,0.48198247,0.39973646,0.3565178,0.4484949,0.12451017,0.6865331,-0.7228503,0.4412449,-0.49007693,-0.8742148,0.5397742,-0.59669596,-0.69212854,-0.48383486,-0.70189667,-0.71352327,0.68274564,-0.43587977,-0.48639554,-0.5830606,0.48472401
usa_53_73,0,usa,-0.39173856,0.30345067,-0.5447868,-0.32789052,0.21744765,0.21680903,-0.50136554,-0.314237,-0.1575824,-0.5161062,0.3975127,-0.28394854,-0.33962357,0.6462488,0.18688025,0.574378,0.25452584,-0.21895829,-0.60011756,-0.61399895,0.5139782,0.2964107,-0.29324114,-0.06093925,0.41516918,0.53155726,0.6352314,-0.27774325,-0.32956153,0.5439751,-0.78533614,0.21682274,0.1627312,-0.59118485,0.2873434,0.34344348,-0.29063547,0.23778094,-0.016581632,0.37545967,0.2567624,0.19488148,-0.65808415,0.35038602,0.35393545,0.2553413,0.19330236,-0.19157538,0.3715845,-0.5206332,0.3030199,-0.16638201,-0.674773,0.25887457,-0.35610294,-0.579426,-0.30433586,-0.5032041,-0.58215964,0.40319753,-0.2901874,-0.28351772,-0.3716234,0.20732173
usa_84_92,0,usa,-0.21310368,0.065283,-0.29608202,-0.20265958,-0.0026603192,-0.066644095,-0.28482535,-0.14404106,-0.022382915,-0.31056046,0.1802118,-0.010809161,-0.06492683,0.3503083,0.03925269,0.38342667,0.07099318,-0.5769837,-0.46684882,-0.33405232,0.33481428,0.04672142,-0.0167135,0.16923079,0.23017251,0.71824497,0.4280332,-0.0042834356,-0.16609697,0.2878268,-0.5938238,0.4509355,-0.032520287,-0.4799642,-0.031906717,0.19339639,-0.1599188,-0.13988267,0.047813818,0.27498367,0.45053196,-0.10284133,-0.45363426,0.24522397,0.13846573,0.0020453483,0.0425926,-0.25831455,0.13147724,-0.44811743,0.1154608,0.011492804,-0.5449141,0.14274055,-0.12647152,-0.34428823,-0.16157727,-0.2596129,-0.35555437,0.22890022,-0.15102135,-0.23073573,-0.25037426,0.006484866
usa_3_29,0,usa,-0.17580508,0.0053857043,0.21320993,-0.07097182,-0.12169537,-0.21798494,-0.1424655,0.021522537,0.294631,-0.20161036,0.15862015,0.19983476,-0.04999462,0.15813002,0.00091439486,0.23177448,-0.11348624,-0.5436311,-0.4308796,-0.14496465,0.24640405,-0.1361356,0.15168625,0.24460664,0.085903436,0.8280896,0.09926254,0.092787184,-0.17655511,0.20586836,-0.35681033,0.6562718,-0.14509356,-0.19308466,-0.07107078,-0.013297781,-0.0123361945,-0.37989923,0.053482816,0.15470248,0.50350404,-0.116246745,-0.14674382,0.0184047,-0.03506896,-0.104257226,-0.20097645,-0.32933035,0.08358373,-0.31991276,-0.01878488,0.12154084,-0.34776562,-0.023635343,-0.0018716455,-0.16033196,-0.12724824,-0.055056054,-0.08991498,0.047807626,-0.007504061,-0.097063445,0.037110522,0.0066491812
usa_58_104,0,usa,-0.15577391,0.061766926,-0.25806785,-0.13547605,0.016196415,-0.13579533,-0.23834884,-0.1747474,-0.0049601346,-0.29199338,0.13563386,0.015550271,-0.007939152,0.30258706,-0.025317028,0.3340747,0.06506705,-0.61340344,-0.4124657,-0.34064552,0.26126015,-0.00071326643,0.026694201,0.25040248,0.1824079,0.73651505,0.42567343,0.050886147,-0.12599869,0.21911296,-0.5824857,0.4379733,-0.026791565,-0.45981044,-0.07324412,0.1575811,-0.09571232,-0.20121881,0.05320619,0.23676173,0.4709682,-0.11653678,-0.40861452,0.20715997,0.086697176,-0.06717761,-0.05502568,-0.2596451,0.072542906,-0.40956554,0.07024215,0.012457021,-0.4832344,0.08169091,-0.08819406,-0.2885868,-0.11172257,-0.2452305,-0.28666604,0.21472773,-0.12686858,-0.20238097,-0.21502317,-0.037387803
usa_69_104,1,usa,-0.24904531,0.24210942,-0.17114642,-0.2458692,-0.008118041,-0.11268269,-0.3089942,-0.1549592,0.047498748,-0.29423368,0.20783398,-0.025048494,-0.012251124,0.33389282,0.0873137,0.38144758,0.1443146,-0.33825392,-0.45552662,-0.34126878,0.37226486,0.069556765,0.00262966,0.060680375,0.25057563,0.5984649,0.44375402,-0.11693403,-0.25725296,0.35450968,-0.58954793,0.40052897,0.027896404,-0.35181054,0.042454325,0.14354844,-0.10896675,-0.063752145,0.11637367,0.3327601,0.38281614,0.117417954,-0.39330566,0.14321035,0.10381711,0.03740437,0.03836961,-0.29777965,0.21679485,-0.40076962,0.10031356,0.0018631145,-0.47047275,0.04306005,-0.18234846,-0.2968874,-0.2020014,-0.2662552,-0.21899739,0.24718249,-0.20020425,-0.17847899,-0.2161338,0.17483121
usa_87_113,0,usa,-0.26470384,0.1092843,-0.34924963,-0.2506842,0.032637313,0.026597545,-0.33797222,-0.19138724,-0.042456694,-0.36764145,0.26032716,-0.08333637,-0.21133707,0.39571527,0.11187533,0.4649291,0.17684583,-0.40367377,-0.58569366,-0.45209908,0.41364363,0.093516156,-0.111215174,0.038982764,0.3008365,0.69324726,0.52966386,-0.08942467,-0.30733263,0.3371518,-0.6246997,0.35105327,0.04398818,-0.45882356,0.0727871,0.2628246,-0.21295175,-0.0048755407,0.0132195875,0.3238318,0.39590353,0.00022953004,-0.567822,0.25552937,0.20985834,0.10490273,0.0801915,-0.24638301,0.251413,-0.53252864,0.14543076,-0.051574506,-0.5528301,0.209952,-0.16472879,-0.37504506,-0.21276143,-0.30288684,-0.33266804,0.29725176,-0.16767421,-0.24579301,-0.33007473,0.09304864
usa_12_28,0,usa,-0.12297362,0.025374927,-0.028014783,0.0586254,-0.06419061,0.0101665035,-0.17629826,-0.042508043,0.19024618,-0.24126755,0.19495314,-0.057208475,-0.19587754,0.23944178,-0.09264925,0.20854977,-0.048288085,-0.33407852,-0.5470399,-0.35392132,0.32345644,-0.11569245,-0.06019886,0.14813457,0.23325516,0.7720865,0.30402142,0.049428098,-0.0593145,0.23778012,-0.47456083,0.5715812,-0.20828643,-0.49627364,0.16216695,0.049206845,-0.10209774,-0.012898289,0.0438928,0.18202648,0.537609,-0.083046734,-0.39897978,0.045435436,0.1050118,-0.109688714,-0.052091345,-0.2627777,0.221472,-0.23934941,0.032874186,-0.048974317,-0.3182113,0.095881745,-0.15247163,-0.32264233,-0.12934318,-0.23292552,-0.30884635,0.12082302,-0.04510669,-0.112247765,-0.05596199,0.060808394
usa_28_106,0,usa,-0.22192053,0.14659218,-0.1805401,-0.17986716,0.08884047,-0.09821343,-0.31472483,-0.24920063,-0.05476998,-0.266942,0.20625618,0.0046073645,-0.15373391,0.2761146,0.14736779,0.39124405,0.12858632,-0.44426233,-0.5062044,-0.4397303,0.30031136,0.08271409,0.016533688,0.19434634,0.31294322,0.6912165,0.49828732,-0.04006038,-0.31676316,0.28434604,-0.5980124,0.3592455,0.04181044,-0.5329775,0.023963027,0.26061723,-0.21280119,-0.097993344,-0.022409484,0.22194989,0.36875558,0.026661478,-0.40019292,0.28045732,0.15328693,0.030329183,0.057000387,-0.16895643,0.13056485,-0.5500686,0.076825865,-0.070146516,-0.5635324,0.16284786,-0.21411568,-0.35101813,-0.15228876,-0.25557756,-0.3481278,0.37285584,-0.23609883,-0.27504668,-0.29951626,0.029922396
usa_97_106,0,usa,-0.24327296,0.12995401,-0.3872318,-0.21054932,0.048409242,-0.010609798,-0.33237496,-0.1779133,-0.059306275,-0.37180698,0.20540509,-0.116760336,-0.16871509,0.46657822,0.11402652,0.4533591,0.14981157,-0.42175955,-0.5749731,-0.4435656,0.355714,0.077095024,-0.14769378,0.071642265,0.30794328,0.64771324,0.5040914,-0.111995235,-0.27424717,0.36266404,-0.6371661,0.35716057,0.042093053,-0.50762427,0.061041325,0.26085466,-0.1911103,-0.0018415079,0.001181148,0.33136475,0.423694,-0.029633783,-0.5055766,0.29495233,0.20199671,0.06432195,0.0974367,-0.22082546,0.21597478,-0.5163309,0.17810553,-0.037184622,-0.59488434,0.23708278,-0.16475931,-0.43803763,-0.22982717,-0.33136472,-0.40211698,0.30661386,-0.1887519,-0.2596296,-0.32876605,0.06305899
usa_26_28,0,usa,-0.3817283,0.29635963,-0.6158462,-0.40949324,0.27423987,0.38191667,-0.49162742,-0.20129482,-0.26352546,-0.637828,0.59213805,-0.43840533,-0.43515736,0.6840313,0.39874208,0.5812311,0.2715711,0.017497174,-0.59201944,-0.7374512,0.6036766,0.4563715,-0.47846568,-0.21865614,0.5283766,0.34697944,0.6985338,-0.45237926,-0.46489078,0.6176989,-0.70447135,0.1541011,0.21424516,-0.4423821,0.41502345,0.37095845,-0.39620575,0.29548573,-0.07440169,0.3793038,0.14790195,0.42557198,-0.6527869,0.33697242,0.39336407,0.26465237,0.2730856,-0.21457851,0.39867896,-0.5881587,0.22194871,-0.22984868,-0.7978234,0.23236299,-0.4033079,-0.6056932,-0.39485484,-0.47907594,-0.594592,0.47424027,-0.24708912,-0.36498553,-0.40214503,0.34593993
usa_28_104,0,usa,-0.11757269,-0.057872795,-0.045371007,-0.1667002,0.0764617,-0.055277087,-0.18402658,0.109313145,0.12533002,-0.28713012,0.12670295,0.09473866,0.0017147884,0.1872626,-0.013173886,0.24836454,-0.10589474,-0.5727003,-0.15868028,-0.23818259,0.22483334,-0.09639594,0.052781798,0.2321904,-0.0075859353,0.54496735,0.14582331,-0.07139124,-0.070107505,0.18034086,-0.3634654,0.4612216,-0.35262352,-0.26749623,-0.24182609,0.07241639,-0.119837165,-0.35321546,0.14765568,0.14140306,0.45176482,0.026040338,-0.08144311,0.014189281,0.03133583,0.008666992,-0.019035198,-0.41398686,0.11684107,-0.36530063,-0.1626384,0.042880736,-0.4578377,-0.09251734,-0.0048800185,-0.19169265,-0.005847819,0.0012350753,-0.07527304,0.1419355,0.056953616,-0.1564222,-0.0919069,-0.09645568
usa_28_47,0,usa,0.03391938,-0.15573645,-0.22108659,0.08739695,-0.06624584,-0.31755623,-0.041004024,0.13085546,0.14218818,-0.16377966,0.10022913,0.14561956,0.052734792,0.23149246,-0.02496761,0.079931535,-0.07011194,-0.5762742,-0.13616937,-0.08302657,0.13888413,-0.036688745,-0.0024244562,0.30969447,0.107069924,0.67752963,0.22603953,0.07499931,0.016342096,0.16193864,-0.34540197,0.52934426,-0.24668837,-0.17138302,-0.2661933,0.05538323,0.06653705,-0.30647197,0.18485257,0.07749213,0.39703208,-0.13952507,-0.0937698,-0.06349908,-0.03705378,-0.12352316,-0.20208783,-0.39876303,-0.14776799,-0.22290042,-0.25381383,0.16032988,-0.4629354,-0.14738074,-0.024161607,0.007924214,0.035305597,-0.06478952,-0.14143881,0.07107417,0.022387028,-0.10127698,-0.0040195584,-0.21456051
usa_103_104,1,usa,-0.25568068,0.2768654,-0.5252561,-0.20229235,0.003988549,0.27800798,-0.37076846,-0.17366575,-0.16229771,-0.4998759,0.23053533,-0.32632166,-0.34199947,0.6533497,0.14876062,0.4836279,0.1367066,-0.1678094,-0.544916,-0.51215976,0.37482688,0.1862995,-0.13020343,-0.0100326985,0.39288753,0.49273896,0.4635537,-0.25472888,-0.33161578,0.41310203,-0.59341997,0.30038664,0.059519168,-0.53839374,0.12763207,0.1542165,-0.3053736,0.2292979,0.018560141,0.28397974,0.26092917,0.103931375,-0.6445099,0.27647293,0.22559124,0.11092016,0.22676112,-0.11977115,0.27243468,-0.462742,0.22974008,-0.18933088,-0.59529084,0.28998598,-0.18815026,-0.4734345,-0.1987598,-0.37636063,-0.39514443,0.3506084,-0.34051055,-0.2810913,-0.31455085,0.08394035
usa_73_87,1,usa,-0.20915826,0.09487654,-0.29228196,-0.26017773,-0.0032848343,0.026566744,-0.36380047,-0.21220061,-0.068106055,-0.42502803,0.22493443,-0.0782182,-0.21375754,0.43239912,0.0131206885,0.36028287,0.07673982,-0.4228748,-0.4661314,-0.2634111,0.37776968,0.1052889,-0.036384776,0.15070228,0.20538798,0.61965317,0.40013608,-0.041175913,-0.24535562,0.32228544,-0.580741,0.33323655,-0.028569035,-0.504179,-0.0126919225,0.20723066,-0.24672434,-0.05718705,-0.019460052,0.17962351,0.26231974,-0.011814699,-0.50993365,0.23565616,0.1421245,0.07302155,0.15243898,-0.25931314,0.23989636,-0.39684248,0.17376077,-0.09463636,-0.62180114,0.11875534,-0.24935886,-0.33283472,-0.19578479,-0.24017622,-0.38146597,0.30898467,-0.17122951,-0.2210164,-0.32941416,0.0013096482
usa_53_87,0,usa,-0.52784926,0.41822043,-0.67083013,-0.4703456,0.24733791,0.29216185,-0.5593713,-0.3838467,-0.3200339,-0.5992982,0.5156526,-0.32716274,-0.43087828,0.6712676,0.36450076,0.6523816,0.3667828,-0.07284719,-0.6839894,-0.74451005,0.6618813,0.40477526,-0.4765309,-0.19292939,0.47448963,0.41299993,0.7189648,-0.3477942,-0.5048453,0.6152934,-0.8448489,0.006943412,0.2560565,-0.5622578,0.50142306,0.3606484,-0.3968301,0.32632425,-0.114625216,0.49383682,0.117686346,0.28223124,-0.685864,0.34370404,0.4463005,0.35748142,0.3100844,-0.104891255,0.47729328,-0.6344539,0.40591782,-0.35308042,-0.8433875,0.3345253,-0.5579236,-0.6917854,-0.32944816,-0.54698706,-0.68689823,0.46399102,-0.37080082,-0.38823596,-0.41208595,0.39225337
usa_12_87,1,usa,-0.28206882,0.1681709,-0.34395844,-0.15135247,0.08928878,0.027780019,-0.3199485,-0.139603,-0.10894237,-0.37488514,0.27918822,-0.119658984,-0.1486178,0.4835369,0.14561607,0.43191224,0.0880703,-0.32753146,-0.44001937,-0.46881455,0.35720542,0.11473167,-0.19667251,0.09046607,0.2783017,0.59433055,0.51340795,-0.12885785,-0.28368312,0.3259856,-0.6279024,0.38025522,0.027244657,-0.44472966,0.060986448,0.2559354,-0.17188206,-0.068260595,0.046499133,0.26531124,0.333372,-0.009024359,-0.43754518,0.21394181,0.19784504,0.036338087,0.0075223744,-0.25346392,0.19040745,-0.4468824,0.1257655,-0.058980152,-0.5364091,0.13795891,-0.16330159,-0.47374249,-0.18699059,-0.33465824,-0.3780699,0.31010738,-0.18435913,-0.23106588,-0.3035136,0.06215517
usa_10_15,0,usa,-0.24820568,0.12279987,-0.36779314,-0.25049984,0.066129684,0.004797064,-0.3120161,-0.18605061,-0.059913866,-0.37255698,0.23334733,-0.075434014,-0.18457755,0.45271486,0.09915548,0.43223333,0.15440321,-0.46483988,-0.5177241,-0.40507007,0.37600166,0.11408988,-0.105837986,0.116121754,0.2473825,0.7113289,0.50418806,-0.08338146,-0.26230887,0.35985383,-0.6212539,0.35820854,0.043539707,-0.48254374,0.05606493,0.2546872,-0.20072892,-0.05208367,0.0069981813,0.2812682,0.40426153,-0.038314804,-0.5091226,0.2901901,0.20608166,0.057366017,0.06430583,-0.24864924,0.19955136,-0.46843305,0.14544816,-0.05349059,-0.58144593,0.16541836,-0.1624553,-0.39318478,-0.20182884,-0.3167248,-0.3567254,0.27128986,-0.15346278,-0.24708478,-0.2970574,0.022279218
usa_28_84,0,usa,-0.36787784,0.2982953,-0.49099222,-0.34926403,0.11981301,0.16431609,-0.41897336,-0.26837438,-0.1614606,-0.488876,0.35145098,-0.25188774,-0.26102927,0.57126504,0.2253133,0.54841787,0.23082155,-0.2850054,-0.58596545,-0.53657115,0.48607332,0.20112309,-0.23415923,-0.056696333,0.37487042,0.556781,0.59134114,-0.2510128,-0.3553776,0.47535497,-0.7191169,0.25232998,0.1524331,-0.5395949,0.2299794,0.35311502,-0.31362635,0.09145493,-0.044487223,0.38108504,0.26164997,0.10816936,-0.6129729,0.33622897,0.30172193,0.16601975,0.19230783,-0.17854473,0.28412455,-0.5903769,0.25889128,-0.13384639,-0.6907778,0.3068768,-0.2945053,-0.5148478,-0.31195265,-0.42451012,-0.5031768,0.39260307,-0.24038011,-0.32538232,-0.37618858,0.17180598
usa_92_112,0,usa,-0.09671132,-0.002704814,-0.14718126,-0.008424543,0.013639487,-0.17851534,-0.30433443,-0.00293272,0.04437825,-0.22998272,0.09193282,0.091866314,-0.06801422,0.28777814,-0.031749755,0.23778722,-0.06433634,-0.7149048,-0.33663547,-0.16575974,0.17752707,-0.03994462,0.13925514,0.14023706,0.098977976,0.8232255,0.2969349,0.11125175,-0.13992554,0.17629594,-0.53696454,0.44948003,-0.14983186,-0.4296902,-0.09903944,0.07250298,-0.093076065,-0.19713175,0.18475991,0.057446342,0.49787307,-0.033749178,-0.30178475,0.098284505,0.044133376,-0.10339929,-0.08971305,-0.36897758,-0.024552025,-0.20025322,-0.08501661,0.06886261,-0.4412468,-0.059313573,-0.123134434,-0.19661124,0.0039673224,-0.18257478,-0.24984309,0.16789106,-0.06051555,-0.06803371,-0.16969225,0.017038286
usa_3_46,0,usa,-0.18081295,0.012152962,-0.26470694,-0.17919262,-0.011225268,-0.095122285,-0.23415858,-0.07901015,0.0068277866,-0.31092817,0.14363976,0.054603636,-0.0470682,0.34320542,-0.012817897,0.33739167,0.061415482,-0.61144954,-0.43624845,-0.2908528,0.2723596,-0.009368762,-0.03053052,0.19316274,0.15388308,0.70054054,0.36806524,0.008585438,-0.18341687,0.22065288,-0.5196996,0.37471882,-0.11665914,-0.42621478,-0.053622566,0.1369047,-0.110938996,-0.15001544,0.06564282,0.28491008,0.4937551,-0.09507516,-0.39526218,0.19011033,0.11775916,0.013530768,0.011363201,-0.31035304,0.12676437,-0.3819291,0.08516006,0.0046194643,-0.5328623,0.1150544,-0.12603061,-0.35095537,-0.093589135,-0.2611947,-0.27609533,0.23342025,-0.088488,-0.17576289,-0.21997054,-0.03992361
usa_28_92,0,usa,-0.46757674,0.26005673,-0.604722,-0.46229202,0.1453844,0.21542743,-0.485031,-0.385453,-0.29453278,-0.48206788,0.41520625,-0.3574877,-0.33453375,0.62041724,0.31566066,0.61359507,0.2631926,-0.1838583,-0.6298243,-0.74044496,0.5613707,0.30670905,-0.3248117,-0.17472002,0.5620637,0.37622476,0.71954906,-0.35936826,-0.43011233,0.49764928,-0.7969555,0.18648365,0.23565832,-0.618529,0.26067996,0.4141897,-0.44815663,0.25974885,-0.08148994,0.51642513,0.10751559,0.30261213,-0.6876807,0.3551643,0.29868925,0.28266692,0.32441753,-0.04721269,0.44082463,-0.73264897,0.2910484,-0.27724388,-0.8333443,0.40504727,-0.42603177,-0.5786394,-0.31640315,-0.42503393,-0.5487094,0.4567694,-0.2911386,-0.41127357,-0.48737538,0.24805221
usa_35_79,0,usa,-0.19705029,-0.020310953,-0.1123567,-0.16482744,-0.06867629,-0.19979969,-0.09416562,0.009788357,0.15813975,-0.25985515,-0.022583596,0.16271183,0.021493427,0.266857,-0.06801686,0.19495468,-0.020154573,-0.732249,-0.29327822,-0.013631672,0.19214197,-0.1642182,0.06740675,0.30752972,0.010302924,0.8668438,0.20918344,0.1100956,-0.08154793,0.12600915,-0.39192584,0.54868716,-0.23351142,-0.3757971,-0.13769603,0.011990391,-0.10726164,-0.3239562,0.07774837,0.085351646,0.5729867,-0.32056755,-0.25265312,0.046460524,0.05389566,-0.12248038,-0.04839973,-0.36854178,0.061290704,-0.21966651,0.039817914,0.13092047,-0.36277473,-0.1347624,-0.09236591,-0.24028887,0.0072845668,-0.16647464,-0.09964606,0.18075919,0.0910598,-0.10426311,-0.22261515,-0.22855759
usa_53_79,0,usa,-0.7484325,0.83619446,-0.5358617,-0.7982649,0.49422866,0.29350162,-0.4885782,-0.6497112,-0.30373776,-0.80580425,0.51939327,-0.48336795,-0.60997117,0.5835061,0.5492184,0.6454994,0.637786,0.07692828,-0.70546323,-0.92094225,0.5898368,0.4298687,-0.4796193,-0.26088578,0.39360076,0.16924654,0.72670186,-0.47293878,-0.5530878,0.3595316,-1.0356044,-0.05817066,0.5929512,-0.6953583,0.55031705,0.68021566,-0.6350455,0.47668976,-0.22400838,0.6047619,-0.11479154,0.6362215,-0.6439561,0.56152666,0.32440418,0.36175752,0.56340915,0.16815601,0.7059817,-0.6880615,0.3742208,-0.32223696,-0.9164443,0.48718762,-0.4663972,-0.5999225,-0.65028244,-0.7363856,-0.76555824,0.7101577,-0.5009119,-0.5147584,-0.57799906,0.56359833
usa_38_64,1,usa,-0.30209827,0.20685285,-0.45886886,-0.29560608,0.075195506,0.116338626,-0.39590356,-0.24693313,-0.120672755,-0.43587774,0.30633897,-0.18115707,-0.22564566,0.50394696,0.15768932,0.50652826,0.17647062,-0.3282483,-0.59686184,-0.49797535,0.4574609,0.18572772,-0.19963421,0.0005187094,0.33675015,0.6132394,0.59561574,-0.16154686,-0.30864567,0.4191524,-0.6695869,0.28697577,0.09865902,-0.5350237,0.13011174,0.32327008,-0.26598388,0.017126814,-0.038999736,0.32921416,0.30624568,0.0044717193,-0.626898,0.31127048,0.2777503,0.14065047,0.12092474,-0.19938198,0.27349946,-0.5372027,0.20775859,-0.11004089,-0.6170093,0.25672886,-0.2207031,-0.48610526,-0.25155187,-0.38777998,-0.44107294,0.3525773,-0.2066488,-0.2843356,-0.3764941,0.11252505
usa_60_97,0,usa,-0.30280954,0.15111491,-0.40016928,-0.2615707,0.106927514,0.00087798387,-0.36331746,-0.2614873,-0.104910545,-0.4229498,0.310846,-0.16616057,-0.19533262,0.51563805,0.14384344,0.47257444,0.18935372,-0.39741993,-0.5730672,-0.44590655,0.37129226,0.10909637,-0.138235,0.05334294,0.3753451,0.6221735,0.57926404,-0.12034157,-0.27420405,0.37595186,-0.6483825,0.3079632,0.14557606,-0.49450192,0.13278453,0.30247864,-0.23540841,0.028629638,-0.0055503845,0.33006305,0.38894475,0.064775094,-0.60207486,0.32299244,0.19824375,0.08023216,0.10692528,-0.1774666,0.2479088,-0.520239,0.24602634,-0.07882921,-0.6051918,0.19150087,-0.17936328,-0.47118974,-0.28122312,-0.39943832,-0.34966728,0.28425935,-0.24506283,-0.26537114,-0.32582226,0.06793521
usa_77_116,1,usa,-0.22093682,0.068427965,-0.32730463,-0.19963685,0.018622048,-0.03241107,-0.3055545,-0.16169012,-0.036806256,-0.33898586,0.21543467,-0.040570386,-0.108776346,0.37585038,0.05649437,0.38904804,0.09534691,-0.5246191,-0.48677582,-0.35198256,0.3430527,0.06360134,-0.05870875,0.15197589,0.23487087,0.7088284,0.4716731,-0.020514235,-0.19078834,0.2990404,-0.5978588,0.39632437,-0.012498908,-0.4791956,-0.015586093,0.21066254,-0.17467356,-0.13533786,0.036253765,0.27190936,0.42398405,-0.10206343,-0.4906559,0.25954813,0.15837558,0.03475822,0.051599756,-0.2521881,0.15078942,-0.45852154,0.12912308,-0.022068359,-0.5405765,0.15264362,-0.12803404,-0.34651166,-0.16748455,-0.28646463,-0.35937896,0.24018726,-0.16653569,-0.23158698,-0.2780636,0.014725052
usa_89_101,1,usa,-0.25068402,0.11400677,-0.35344493,-0.2348229,0.030935317,-0.03173796,-0.3128132,-0.20079577,-0.06835365,-0.3431993,0.20802376,-0.063622035,-0.13066834,0.42242506,0.07915509,0.42403066,0.11903511,-0.49290925,-0.5286204,-0.40676296,0.36766005,0.0926138,-0.093951955,0.10460177,0.2699102,0.6769147,0.49831146,-0.07012565,-0.23956434,0.32264748,-0.61315125,0.3668784,0.022695974,-0.51049834,0.026770703,0.23737216,-0.21389697,-0.082274735,0.010131948,0.3075117,0.40478188,-0.07091293,-0.50469,0.28712785,0.17897424,0.06798143,0.067057766,-0.23069918,0.190339,-0.48481554,0.15165621,-0.03314493,-0.5707144,0.18456808,-0.16346927,-0.40308356,-0.18414858,-0.30851442,-0.36559883,0.2719116,-0.17912641,-0.2415239,-0.30548257,0.039759543
usa_79_113,0,usa,-0.1790447,-0.0044697747,-0.15299296,-0.10508876,-0.003863126,-0.16482863,-0.17680585,-0.036502898,0.031986073,-0.20675503,0.05304971,0.17943686,0.0460784,0.22865829,-0.03476636,0.2591409,0.016080685,-0.7121364,-0.28782064,-0.15845734,0.21972454,-0.10509479,0.061872922,0.249398,0.04373423,0.8643704,0.34656838,0.10327869,-0.16158444,0.17143068,-0.5317377,0.45063803,-0.19896677,-0.4044299,-0.07862673,0.03814644,-0.09359607,-0.25049186,0.12646705,0.175783,0.5237355,-0.18829675,-0.29193377,0.11691159,0.049932633,-0.04484971,-0.07649584,-0.33370864,-2.6971102e-06,-0.30861086,0.015213519,0.088912986,-0.4630258,0.077222936,-0.16559556,-0.29160547,0.012135826,-0.1706329,-0.23459141,0.25047854,0.0038346127,-0.14568895,-0.22414865,-0.06113352
usa_12_40,0,usa,-0.14900436,-0.0015201792,-0.2230663,-0.1048915,-0.033283517,-0.095303096,-0.27024063,-0.108751595,0.009445079,-0.31840932,0.1473788,-0.00069046766,-0.12692536,0.32085684,-0.009814963,0.32554427,0.05084899,-0.504849,-0.48480704,-0.3230948,0.29091954,-0.021939345,-0.08634486,0.23422617,0.20467204,0.7361811,0.3954023,0.040939994,-0.15328416,0.20072052,-0.53466225,0.45009694,-0.1399155,-0.4484472,-0.036924668,0.111989185,-0.12901203,-0.22697702,0.07174395,0.2129127,0.49401146,-0.12342152,-0.39472693,0.15633088,0.13141564,-0.018488482,0.037972014,-0.30965763,0.17055582,-0.4213126,0.025638275,0.022227928,-0.42917597,0.10868521,-0.10106604,-0.27541664,-0.08472237,-0.22498243,-0.27177954,0.20936246,-0.0831176,-0.19576782,-0.20238352,0.012427732
usa_64_87,1,usa,-0.2502325,-0.058883034,-0.28106275,-0.090868495,-0.02037111,-0.1439991,-0.18172453,-0.1477612,-0.033960808,-0.35311842,0.1313812,0.017519146,-0.13405737,0.26390564,0.1166614,0.35794386,0.025078617,-0.47015405,-0.41137105,-0.13096932,0.31244534,0.08185983,-0.047319155,0.29038286,0.27679843,0.7651202,0.39700842,0.10807767,-0.14907907,0.24286714,-0.61881626,0.40709457,-0.090214126,-0.37035462,-0.0061628222,0.23334435,-0.07947787,-0.15990105,0.023664787,0.05497377,0.3386951,-0.3240975,-0.5024942,0.11269604,0.14919378,-0.0714927,-0.03636305,-0.28001964,0.11045379,-0.41170812,0.079866216,-0.044678364,-0.49273098,0.055629853,-0.20980349,-0.3286395,-0.0598687,-0.3172378,-0.25557452,0.21589172,-0.046420194,-0.1669057,-0.30100203,-0.03687398
usa_12_112,0,usa,0.25806051,-0.37212595,0.48131374,0.48937994,-0.2698449,-0.52949196,-0.0022164807,0.39431328,0.4232062,0.08523585,-0.24113166,0.5720527,0.3359512,-0.19001433,-0.50525606,-0.23542812,-0.47384238,-1.0586438,0.19055244,0.30145767,-0.26478207,-0.4334144,0.47663456,0.938377,-0.36500263,1.0029407,-0.23587787,0.66487455,0.34451625,-0.31402305,-0.040218208,0.7599793,-0.7771269,-0.07797335,-0.56991774,-0.3403767,0.29335314,-0.9078796,0.36231604,-0.37381768,0.87103134,-0.46685183,0.27359593,-0.30271465,-0.27513337,-0.568021,-0.43749738,-0.6599994,-0.411866,0.17907187,-0.48879427,0.43095464,-0.02982914,-0.53117424,0.2360157,0.15052637,0.40851164,0.2521484,0.23797786,-0.18089128,0.27338004,0.23105592,0.24333839,-0.522576
usa_69_92,1,usa,-0.2608025,0.13119264,-0.40350953,-0.2705825,0.017726086,0.025376204,-0.2844928,-0.20567536,-0.034496255,-0.3936733,0.21835399,-0.12669803,-0.13859445,0.46725205,0.10704242,0.47709158,0.13773778,-0.48025185,-0.54317,-0.42809564,0.39010802,0.095451616,-0.13859792,0.034933075,0.3168158,0.6451168,0.5033225,-0.09692341,-0.2547205,0.3692669,-0.63327116,0.39133507,0.034481563,-0.49167052,0.07911606,0.23223272,-0.20179245,-0.005427219,0.009156138,0.36633122,0.3862918,-0.048017085,-0.56134146,0.23916532,0.18976802,0.04008599,0.08888472,-0.24416873,0.22887039,-0.49750242,0.17481604,-0.050149355,-0.6096792,0.21368876,-0.12236429,-0.4444633,-0.22393826,-0.30987024,-0.3653216,0.28673908,-0.1577875,-0.2558036,-0.30520588,0.09017062
usa_40_112,0,usa,-0.22771561,0.17357095,-0.27824154,-0.25636035,0.022239186,0.113190636,-0.39131984,-0.25279644,-0.06716845,-0.4595337,0.28088558,-0.14223985,-0.11809311,0.45739645,0.070846826,0.38472706,0.08955602,-0.42774665,-0.50557494,-0.35999167,0.3899835,0.11760396,-0.10062674,0.11392821,0.28438288,0.59900814,0.4495006,-0.09544719,-0.21872307,0.38071865,-0.58130723,0.28866634,0.025506996,-0.51623714,0.05407676,0.23411715,-0.2538748,-0.09052068,-0.02447474,0.28593233,0.29698735,-0.012749791,-0.49922043,0.24403241,0.20288038,0.08358488,0.11568269,-0.22734162,0.15310343,-0.46534505,0.19895783,-0.11785279,-0.6294193,0.24566308,-0.21020621,-0.4377377,-0.20644102,-0.33634454,-0.3597768,0.30349955,-0.18674082,-0.22678986,-0.310965,0.04252201
usa_12_24,1,usa,0.13789399,-0.3366278,-0.06471888,0.06385185,-0.1844968,-0.07316869,-0.09718301,0.14151372,0.2754146,-0.14408107,0.046987668,0.32000315,-0.0110312775,0.046201307,-0.24082738,0.046826303,-0.3215385,-0.6436763,-0.23759422,-0.17213416,0.14068449,-0.21468754,0.07143932,0.37793213,-0.056177646,0.7980563,0.2284018,0.26119778,0.106913716,-0.007990256,-0.1633363,0.55427593,-0.48595917,-0.18654282,-0.34007552,-0.19244543,-0.017730646,-0.57351583,0.11664721,-0.16389282,0.62907064,-0.31727517,-0.17697445,-0.106254205,-0.04165639,-0.17014067,-0.256208,-0.4157006,-0.13751492,-0.23620309,-0.039919674,0.10969793,-0.30179745,-0.13499,0.0565063,0.0009451136,0.12646991,0.20734355,0.0780734,-0.01674153,0.17859265,-0.022846095,0.054561615,-0.29855183
usa_24_104,1,usa,-0.1327439,-0.12470821,-0.23129517,-0.10151124,-0.0021912903,-0.07487949,-0.34290478,0.0025431663,0.050853565,-0.28583807,0.19810161,0.134879,-0.066852406,0.23245269,-0.12660474,0.22947365,-0.11062945,-0.6419164,-0.30889854,-0.1759978,0.20387664,-0.036683306,-0.01769568,0.30255005,0.008580014,0.74171144,0.28514552,0.0986732,-0.081058584,0.11611681,-0.37103045,0.4821709,-0.28205773,-0.4250592,-0.16381502,0.008795038,-0.18434934,-0.45094234,0.088275954,0.0075991377,0.37430155,-0.15765455,-0.3264165,0.112421334,0.056075748,-0.082010105,-0.027592644,-0.32801285,0.09972314,-0.27115238,0.00697764,0.06456409,-0.4054733,-0.089978315,-0.060481556,-0.2769239,0.03348679,-0.090833224,-0.17203426,0.12856579,-0.05275321,-0.12924273,-0.18092707,-0.13284743
usa_15_40,0,usa,-0.2079008,0.09776721,-0.29183152,-0.22204028,0.007066481,0.010578625,-0.35164374,-0.20963477,-0.05810467,-0.40224248,0.23756263,-0.08858711,-0.10925273,0.4293135,0.038974904,0.37151203,0.071958266,-0.49825984,-0.49274907,-0.34165752,0.36790678,0.07953379,-0.064839795,0.17900982,0.25095558,0.6774005,0.43547922,-0.03607091,-0.21438523,0.33452088,-0.6085551,0.35232803,-0.020077698,-0.4893523,0.028411344,0.21792197,-0.19547637,-0.14464623,0.018411204,0.259987,0.3670634,-0.06240648,-0.49424505,0.22857627,0.17053375,0.044878975,0.06586027,-0.2729572,0.1627093,-0.44413668,0.15165113,-0.065009445,-0.57972,0.19829796,-0.17235918,-0.39248383,-0.16198179,-0.29259878,-0.33101094,0.26462075,-0.13939519,-0.2043346,-0.2838174,0.014619745
usa_12_15,0,usa,-0.09276463,0.052504472,-0.15018608,-0.039348736,0.0028344393,-0.08756944,-0.3745017,-0.16320884,-0.011948489,-0.36209625,0.19630702,-0.12561315,-0.066659465,0.20739135,0.09061826,0.28065577,0.009173393,-0.46458948,-0.45166683,-0.19811171,0.25167495,0.03240038,-0.023090348,0.22958753,0.2682835,0.62829995,0.36782777,0.017626703,-0.1379855,0.31806,-0.45542482,0.41237667,-0.15325505,-0.41777387,-0.09275948,0.18558282,-0.12674548,-0.18898883,0.04450044,0.1325325,0.34403515,-0.034894377,-0.36177927,0.09771234,0.094606824,-0.06160623,0.032500986,-0.31882137,-0.0070765913,-0.44136629,0.03453832,0.0045613796,-0.48579746,0.12818518,-0.20824054,-0.2575011,-0.0561966,-0.22637773,-0.32343137,0.2539346,-0.047992676,-0.1263598,-0.21959336,0.010715432
usa_64_104,1,usa,-0.100455984,0.04677252,-0.15580614,-0.1078081,-0.070364684,-0.21567342,-0.2391169,-0.009560846,0.08518717,-0.21188578,0.08919608,0.095489025,0.08487606,0.27885312,-0.0769812,0.2529352,-0.060369737,-0.60715675,-0.3952985,-0.20647119,0.2195898,-0.04561107,0.06899921,0.24617174,0.18217382,0.7000317,0.2758721,0.039557643,-0.096863545,0.21170378,-0.46303713,0.5381654,-0.20886219,-0.44993713,-0.12601566,0.08221929,-0.080492325,-0.21649921,0.0771998,0.14426447,0.51710504,-0.17334507,-0.26022375,0.13825136,0.11277014,-0.08882652,-0.04773414,-0.34571368,0.024798878,-0.29872283,0.0256029,0.13131216,-0.43769878,0.0326707,-0.08929771,-0.29701266,-0.07784688,-0.19789836,-0.23040785,0.21521068,-0.023047023,-0.14365345,-0.24445306,-0.07590772
usa_73_94,0,usa,-0.26100516,0.11686175,-0.38171807,-0.24240743,0.043065615,0.007981695,-0.3347839,-0.20452057,-0.07400981,-0.36636972,0.24831021,-0.0866631,-0.15753004,0.4301388,0.097998366,0.436309,0.1340209,-0.46929717,-0.53073245,-0.42102382,0.38163066,0.10780543,-0.101786435,0.10709208,0.2821945,0.6781614,0.51942265,-0.06967498,-0.2445202,0.32734826,-0.6346225,0.36462528,0.046018813,-0.50787246,0.036668472,0.25615558,-0.2159915,-0.069026306,0.00795041,0.30658036,0.39016128,-0.059499234,-0.53231263,0.30354673,0.19298798,0.075078845,0.08308621,-0.22102171,0.20376629,-0.4989339,0.16725297,-0.054810923,-0.57827896,0.18644562,-0.1539154,-0.39481348,-0.20455301,-0.3236779,-0.3896041,0.27589512,-0.2026001,-0.2599537,-0.31845874,0.047580786
usa_26_72,0,usa,-0.21717046,0.067016974,-0.3321166,-0.17601374,0.018466622,-0.035283826,-0.28651723,-0.12194078,-0.022666886,-0.3217454,0.20749876,-0.025882728,-0.121964425,0.38009274,0.039284743,0.3957692,0.07654221,-0.53859824,-0.46633223,-0.3663219,0.35029274,0.0821254,-0.046633516,0.16023067,0.22540869,0.74882984,0.4643321,-0.012411982,-0.20729744,0.27913028,-0.60627395,0.4357778,-0.022756286,-0.47772372,0.013729833,0.2039038,-0.14262179,-0.13694705,0.049480855,0.23261276,0.43111306,-0.10717149,-0.4769197,0.24397469,0.16601774,0.0027243271,0.0061537623,-0.29316053,0.14024147,-0.4418599,0.081944264,-0.00438945,-0.5289299,0.1057615,-0.1424612,-0.3370765,-0.13867444,-0.26764035,-0.35139513,0.24014378,-0.15102546,-0.21210708,-0.2680562,0.010121413
usa_104_112,0,usa,-0.20755297,0.06697048,-0.3982509,-0.22255553,0.067480415,-0.05528783,-0.27200958,-0.063933045,-0.087173,-0.3037882,0.24679095,-0.07258526,-0.10985387,0.40229666,0.12690277,0.41979438,0.11328096,-0.5843334,-0.47598436,-0.4296832,0.3311825,0.10275695,-0.09253321,0.13120738,0.29891205,0.7274218,0.47481826,-0.07847889,-0.19584908,0.2970977,-0.5982569,0.4152458,0.0017878041,-0.4149611,0.061993066,0.22240657,-0.17433919,-0.09587555,0.042672545,0.2672777,0.45914638,-0.018218987,-0.4460348,0.27358788,0.15872689,-0.0120350495,0.028380394,-0.27467486,0.11189328,-0.47825232,0.1450354,0.021442287,-0.6005802,0.12470711,-0.11476424,-0.40030563,-0.18479589,-0.300532,-0.33611622,0.23465204,-0.10584078,-0.24495466,-0.23875,0.0117989555
usa_73_86,0,usa,-0.19553366,0.0095580295,-0.24189654,-0.20586045,0.05557576,-0.084262915,-0.26167297,-0.21658495,-0.076426014,-0.35159242,0.22450379,-0.024807192,-0.068802975,0.27462786,0.008178003,0.30101606,0.124285415,-0.5251193,-0.5152969,-0.2838518,0.33193725,-0.035076603,0.030079298,0.16668087,0.1991227,0.74367684,0.39532325,0.05328045,-0.17483512,0.23559996,-0.62775236,0.30268055,-0.12748012,-0.50740534,-0.07234087,0.18183345,-0.13482858,-0.104996875,0.01756329,0.2756656,0.3831085,-0.04427883,-0.367467,0.18789342,0.07973413,-0.009139538,0.061086357,-0.28252438,0.14551672,-0.43326035,0.09379057,-0.0006594658,-0.51917857,0.16885635,-0.15099317,-0.28019512,-0.05145686,-0.2536474,-0.3806553,0.30481154,-0.13439754,-0.1802639,-0.2060146,0.017716862
usa_53_104,0,usa,-0.18813297,0.01757653,-0.27288592,-0.122747645,0.022925466,-0.074237965,-0.31412452,-0.06790547,0.009908721,-0.29633212,0.22345474,0.015073456,-0.07810723,0.28955805,0.05218063,0.34461343,0.026978515,-0.61499405,-0.40269697,-0.2602195,0.31068072,0.022268891,-0.022507071,0.22375962,0.16874251,0.763871,0.4165805,0.026779681,-0.16256645,0.26969403,-0.5581041,0.46962258,-0.099889554,-0.41189593,-0.04183633,0.16759863,-0.13231346,-0.25031084,0.099860266,0.17164874,0.43563908,-0.112528875,-0.43809003,0.20937444,0.13285016,-0.029761389,-0.0025017709,-0.3165795,0.03642935,-0.41033855,0.06906725,0.03577412,-0.52961534,0.06934734,-0.117555544,-0.2518539,-0.10637595,-0.22815615,-0.3385337,0.19404615,-0.12484878,-0.19124697,-0.20661832,-0.02477184
usa_60_92,0,usa,-0.23949707,0.08797834,-0.36296338,-0.21806644,0.056984738,-0.0097536445,-0.29366875,-0.1344634,-0.03636869,-0.34859204,0.22154966,-0.056084663,-0.14776418,0.4142713,0.09991884,0.43470752,0.12013435,-0.4987079,-0.50535995,-0.38186058,0.3622028,0.096740626,-0.11308786,0.106192574,0.24620567,0.73334765,0.4933721,-0.055701524,-0.2280011,0.3195741,-0.605762,0.38314122,0.01175458,-0.46210584,0.044823967,0.23173231,-0.1852183,-0.079247504,0.03770709,0.27297956,0.4311955,-0.060728833,-0.51066405,0.2657772,0.18521816,0.042452805,0.053736363,-0.24980614,0.18060708,-0.4583996,0.12742823,-0.022773303,-0.56344754,0.15492481,-0.13307673,-0.38776433,-0.19149458,-0.31991708,-0.3605614,0.2585325,-0.15475085,-0.23722585,-0.27708012,0.02270133
usa_28_40,0,usa,-0.29888076,0.24994302,-0.4250495,-0.3672606,0.09876958,0.21816799,-0.38654888,-0.26416683,-0.20365772,-0.5100447,0.36825606,-0.23831671,-0.2814098,0.56915504,0.30433372,0.51520544,0.1533787,-0.18581647,-0.63405025,-0.63511366,0.53232265,0.2687038,-0.34086737,-0.032079585,0.3579092,0.5721543,0.6407045,-0.19244269,-0.37423748,0.49383694,-0.7023268,0.2360278,0.15635118,-0.50641114,0.21036378,0.32861242,-0.3018372,0.03817469,-0.022722565,0.35789788,0.21713124,0.18258834,-0.640736,0.2932608,0.31650394,0.14023662,0.15020293,-0.13341346,0.31579652,-0.5657189,0.19252047,-0.2505988,-0.6932405,0.2995565,-0.26586613,-0.57184714,-0.23997268,-0.3615936,-0.4024224,0.37618104,-0.2112445,-0.27432305,-0.317712,0.14421023
usa_28_112,0,usa,-0.08342181,-0.008887321,-0.14498127,-0.07240832,0.0028388798,-0.09801685,-0.25013736,0.0184647,0.058558196,-0.3183606,0.20236173,0.071228564,0.009267069,0.2709719,0.01709485,0.25618878,-0.12234477,-0.5703442,-0.29364136,-0.26982445,0.30644614,0.068486825,-0.054519486,0.28766713,0.094559744,0.8024666,0.34426856,0.062579,-0.09537668,0.22760078,-0.48275203,0.47859582,-0.21592927,-0.34352982,-0.13904318,0.071705535,-0.05119783,-0.44004416,0.10351679,0.0470878,0.40584582,-0.08483048,-0.29629943,0.10028776,0.11552805,-0.1303091,-0.14867969,-0.36797962,-0.039080746,-0.30623338,-0.08307649,-0.004430063,-0.49192625,-0.04995557,-0.090428315,-0.30607188,-0.0020856708,-0.15535054,-0.22024196,0.15035915,-0.0037774667,-0.078346685,-0.116997555,-0.0982195
usa_69_112,0,usa,-0.10549512,-0.028651506,-0.18704173,-0.13313857,-0.016756162,-0.14897975,-0.21773812,-0.032440692,0.0988701,-0.26619142,0.09873436,0.09606056,-0.0038033724,0.2886226,-0.028131932,0.3001487,0.012662895,-0.6135157,-0.36877334,-0.21128559,0.2558797,-0.03364698,0.0021293238,0.25377262,0.07781926,0.8204001,0.32703552,0.060100414,-0.11758049,0.26498792,-0.46691987,0.5090302,-0.14026663,-0.38608292,-0.105375715,0.09433776,-0.068919495,-0.23738909,0.0902967,0.15524441,0.5538218,-0.1810847,-0.3419742,0.111815244,0.11896518,-0.08430098,-0.06933124,-0.35881308,0.06391877,-0.33523905,0.006924078,0.09998538,-0.4182762,0.016342796,-0.04895237,-0.31772655,-0.08522693,-0.21174622,-0.20149377,0.15260127,-0.011681601,-0.14775136,-0.15085727,-0.104214504
usa_3_81,0,usa,-0.25405088,0.110129155,-0.37602222,-0.2355382,0.037589505,0.0013950318,-0.3298578,-0.19612578,-0.07136647,-0.36036593,0.24168903,-0.0822505,-0.15030196,0.4227312,0.09200694,0.4318337,0.12757404,-0.476138,-0.52482545,-0.41326216,0.37632766,0.10071581,-0.09664791,0.11425835,0.27505362,0.68129605,0.51089805,-0.065123975,-0.23863982,0.32308578,-0.6313172,0.37086868,0.036323566,-0.50438166,0.030633464,0.25066656,-0.20992419,-0.07678823,0.01230295,0.2999882,0.3944239,-0.066207096,-0.52566296,0.29636613,0.1884743,0.06760942,0.07734033,-0.22723281,0.19586432,-0.4923863,0.16244769,-0.049087938,-0.5731727,0.17928979,-0.15102604,-0.39007396,-0.20107174,-0.31740105,-0.383349,0.27048856,-0.19453305,-0.25639194,-0.3152302,0.044296794
usa_27_36,0,usa,-0.26578987,0.121362604,-0.38587552,-0.2457314,0.045663062,0.011377037,-0.3372594,-0.20920031,-0.07717317,-0.3693506,0.25112888,-0.09031708,-0.1631278,0.43516064,0.102276094,0.44172406,0.13813104,-0.46489286,-0.5340318,-0.42553425,0.38501528,0.11249143,-0.10544369,0.10381113,0.28519136,0.67518175,0.5242074,-0.073495135,-0.24963816,0.32902125,-0.63837767,0.36036685,0.0515986,-0.509791,0.041909788,0.26018345,-0.21993718,-0.06384571,0.0055601075,0.30931607,0.38803655,-0.056125835,-0.53694576,0.3072178,0.19641125,0.07942454,0.08696827,-0.21843112,0.20812532,-0.5033445,0.16958144,-0.057891786,-0.5814707,0.18964572,-0.15804143,-0.3986699,-0.20733534,-0.3283079,-0.39287823,0.27964568,-0.20652708,-0.26248989,-0.3212708,0.05088589
usa_40_110,0,usa,-0.21919975,0.1119225,-0.34447607,-0.2215191,0.025722355,-0.008396037,-0.3149344,-0.16682732,-0.046085827,-0.34320712,0.21336772,-0.07536831,-0.13446257,0.40243784,0.0750446,0.4232906,0.10746347,-0.44472802,-0.51495594,-0.3844212,0.36850736,0.09300665,-0.0909411,0.12824093,0.2539181,0.6848018,0.47825143,-0.06389411,-0.22924906,0.33630782,-0.59219646,0.37885526,-0.00016234815,-0.4785055,0.024693996,0.24626547,-0.18888807,-0.10425489,0.0069149956,0.26160663,0.3882733,-0.09443323,-0.5107315,0.2571178,0.19308242,0.041948747,0.04438358,-0.25577724,0.17675245,-0.46644264,0.1378959,-0.029800422,-0.54109526,0.15776716,-0.13809097,-0.38505942,-0.18636274,-0.29511482,-0.3520737,0.27150923,-0.14011797,-0.23818208,-0.30256566,0.025659077
usa_6_46,0,usa,-0.25615633,0.12489319,-0.35243714,-0.22981901,0.03551922,-0.0076976717,-0.33750585,-0.20125338,-0.046469126,-0.37731993,0.23552772,-0.087624475,-0.16641724,0.427143,0.06527051,0.41321585,0.11473635,-0.47479695,-0.5177918,-0.39616194,0.37308866,0.09574419,-0.0959958,0.11420256,0.24616694,0.6856745,0.5022398,-0.05061577,-0.23185945,0.32695752,-0.6219707,0.37185365,0.048949003,-0.51221806,0.036178548,0.24615273,-0.21343437,-0.063363075,0.019060373,0.28290156,0.3780678,-0.038637623,-0.50359505,0.29166102,0.17935006,0.074387535,0.08171961,-0.22433919,0.20338222,-0.46291974,0.15641841,-0.075410716,-0.56967276,0.19584653,-0.16025466,-0.38284492,-0.18933113,-0.3210523,-0.3690246,0.26309112,-0.19645521,-0.23447506,-0.30092132,0.04657174
usa_92_103,1,usa,-0.21938507,0.08984017,-0.2780167,-0.1501348,-0.02537328,-0.053065978,-0.2869594,-0.081849694,-0.036464352,-0.3435589,0.11535674,-0.029704735,-0.13831083,0.45799735,-0.030653387,0.33356473,0.022008047,-0.47684586,-0.45686123,-0.3411185,0.2682142,0.014076889,-0.009621382,0.21564731,0.2348324,0.61381733,0.36102387,-0.0018907189,-0.25346208,0.19459972,-0.48991174,0.42516395,-0.08114501,-0.48226765,-0.04123109,0.14165515,-0.24407293,-0.0543949,0.04983358,0.16895796,0.3897068,-0.11677131,-0.4595741,0.19799083,0.11284265,0.006958857,0.046863664,-0.25915748,0.14873478,-0.36532706,0.08649694,-0.067242935,-0.48278385,0.11164694,-0.09572819,-0.29633737,-0.073832735,-0.20762773,-0.20750979,0.2604859,-0.19696379,-0.22713378,-0.306022,-0.07058214
usa_6_12,0,usa,-0.080231436,0.028131023,-0.23416278,-0.09084783,-0.08964512,0.121741,-0.24003497,-0.14525707,0.030629262,-0.36697304,0.20801286,-0.13919373,-0.24458683,0.30557063,0.019195668,0.33277255,0.0390843,-0.32817477,-0.61503214,-0.46912247,0.4176313,-0.019554213,-0.080557466,0.12801859,0.38691723,0.752353,0.41429046,-0.049289804,-0.09440273,0.32995385,-0.49325272,0.5045973,-0.21026239,-0.50478446,0.06774867,0.08794042,-0.21403253,-0.11616351,0.015878268,0.2239714,0.48231274,-0.17456608,-0.5371635,0.12143202,0.15677543,-0.0033115223,0.0017659143,-0.23546031,0.26070306,-0.38218823,0.13051705,-0.056417916,-0.3230198,0.1464335,-0.10310487,-0.31970316,-0.11635164,-0.2978624,-0.3183846,0.21600765,-0.105702594,-0.21361916,-0.16760442,0.028688446
