pair_key,label,country,emb_0,emb_1,emb_2,emb_3,emb_4,emb_5,emb_6,emb_7,emb_8,emb_9,emb_10,emb_11,emb_12,emb_13,emb_14,emb_15,emb_16,emb_17,emb_18,emb_19,emb_20,emb_21,emb_22,emb_23,emb_24,emb_25,emb_26,emb_27,emb_28,emb_29,emb_30,emb_31,emb_32,emb_33,emb_34,emb_35,emb_36,emb_37,emb_38,emb_39,emb_40,emb_41,emb_42,emb_43,emb_44,emb_45,emb_46,emb_47,emb_48,emb_49,emb_50,emb_51,emb_52,emb_53,emb_54,emb_55,emb_56,emb_57,emb_58,emb_59,emb_60,emb_61,emb_62,emb_63
usa_21_47,0,usa,-1.5662112,-0.6774056,0.7657609,1.4966404,-0.6880512,-1.5679798,1.2532861,1.3021119,1.1917926,1.8330667,-0.33354482,0.22397602,1.7675911,0.8207114,-0.96238846,-1.1219782,-2.120435,1.5257841,-1.2894381,-1.4076871,1.3510771,0.091308594,-0.57722867,1.3881214,1.1645094,-1.1083276,-0.9380437,2.3378847,1.6190466,-1.0301605,0.59482926,0.964012,0.38597897,1.1996262,-0.44784245,1.4971267,1.7115505,-0.51774263,0.83086634,-1.566285,-1.287847,0.1111034,1.6396831,1.2350335,2.6462,-0.8399219,0.82201827,2.241313,1.0059499,0.6778807,-0.9297459,0.28628793,-0.76929134,-0.80720204,0.89859134,1.792461,-1.7495873,2.3727841,2.409653,0.5579833,-1.2692724,-0.5101491,0.031838253,1.7828636
usa_26_47,0,usa,-2.2011797,-0.5931265,0.06731365,0.61150616,0.51402307,-0.34623936,0.38239473,0.05754739,0.8281763,1.6116898,-0.24716353,-0.040837653,-0.075170934,1.5017915,-1.2818007,-0.15293425,-1.1076776,0.34551522,-0.38480937,-1.1364107,0.5663504,0.01788424,0.48711073,-0.35236067,0.95775515,-0.4707334,0.078476794,1.6389228,-0.27686226,0.7693765,-0.17379072,0.82786596,-0.5702747,0.57178265,-0.68726027,0.32320076,1.3122774,0.5883884,-0.22471167,-0.30222955,-0.86281145,0.08422479,-0.14875549,0.97859365,1.5366572,-0.6686609,-0.6274362,0.6292467,-0.05314828,0.17300142,0.46255636,0.20520118,0.32260928,-0.14568962,1.8655779,1.5899509,-1.1979722,0.17760406,0.56988335,0.47300676,-0.16315249,-0.2803256,-0.36054268,0.052072693
usa_47_49,0,usa,-0.31981242,-0.8003835,-0.16175757,0.038856383,-0.0727906,-0.27282882,0.31300312,0.8055322,0.34914216,0.54545444,-0.79833394,0.43807706,0.5528157,0.015459149,0.32949066,-0.31588084,-0.019937571,0.73434776,-0.9240436,-0.6182912,0.1685212,-0.9845651,0.67328376,0.52436525,0.56045157,0.308784,0.57876563,1.0136489,0.60623604,-0.06490996,-0.089878425,0.64170444,-0.03536093,0.77713853,-0.077457525,-0.07396215,0.60911274,0.31056026,0.15644121,-0.14340946,-0.8247612,0.61989623,-0.0056283465,-0.10880608,0.5074287,0.5802522,-0.2352992,1.1573025,0.815323,0.23616958,-0.063623734,-0.18113099,0.28431487,-0.8272663,-0.3865771,0.6681715,-0.11659489,0.33228275,0.6084495,-1.1172868,0.080466025,-0.015441505,-0.7009933,-0.071953304
usa_47_104,0,usa,1.3220054,0.81448793,0.6269609,0.29521,-0.3248653,1.597252,-0.09484642,-2.9619265,-0.09118709,-1.018104,-0.058168378,-1.8456582,-3.5580888,2.2991233,-1.6838036,2.335989,1.9622884,-2.8893309,1.7458173,-0.48816466,-2.7377594,2.549733,0.52286124,-1.8834485,0.7355848,-0.6131267,1.1418132,0.07184662,-1.7925469,2.199689,-1.3388665,-1.3010138,0.68220353,-2.3923388,-1.8483092,2.223943,-0.7033167,2.9216232,-3.6277785,-0.6841426,3.1455505,3.2805593,-1.858582,-1.839987,-1.1017605,1.9459497,-2.361096,-1.7494061,-3.773606,-2.24701,2.012221,0.5102892,0.8298914,1.7232279,2.5113723,-0.72736734,2.6796474,-2.382872,0.29538676,1.2007853,1.1915898,0.7020406,-0.47032085,-3.4179797
usa_21_49,0,usa,-0.6422985,-1.9330021,0.30209178,1.0211613,-0.6806288,-1.346981,1.5683577,1.4683268,1.3888341,0.53308374,-0.28494602,0.89594483,1.336229,-0.26391798,0.33106115,-0.9538145,-0.573862,1.0759461,0.25130495,-1.1550257,0.6323957,0.10778537,1.1186213,0.35909888,1.0319821,-1.1339741,-0.14455123,1.0760688,0.6407842,0.24286895,1.1893251,1.0665002,0.11294031,0.80284977,-0.8075018,0.82673156,0.9693816,0.9477845,0.4004637,0.48082507,-1.1900902,0.55722725,-0.12598747,0.11073792,0.7517365,0.2989133,-0.18850543,0.38355023,0.6231479,1.8488556,0.47473893,1.2202123,-0.56499165,-0.8394685,0.31771693,0.7309937,0.18085773,0.38425875,0.8903596,-0.8974827,-0.80258346,-0.694106,0.12274599,0.49505678
usa_21_104,0,usa,-0.06333266,-0.30409962,-0.31817868,-0.46773878,-0.48576382,-0.82795787,-1.2488575,0.50406414,0.1981122,0.61195725,-1.1876795,-0.21083644,0.43455046,0.3038801,0.25673234,-0.092464656,0.23913096,0.030500034,-0.61514455,1.1104869,-0.07462566,-0.6855112,0.9099466,-1.262066,-1.3522748,0.63549656,1.4566394,0.097194254,0.5591359,0.06092862,0.10410996,-1.013566,0.94148153,0.24984372,0.6934374,-0.3129623,0.5430164,0.76582795,0.00380421,-0.10203503,-0.76053876,0.99596775,-0.26893416,-1.0870453,0.22523673,1.0230477,0.106424615,0.47106606,-0.32906747,-0.75217426,0.69809914,0.10205135,1.3274806,0.264018,-1.2731473,-1.1185052,1.0869873,0.7365912,0.40462732,-1.277902,0.5400092,1.2743285,0.2530618,0.011312268
usa_26_49,0,usa,-0.20336738,-1.8498971,-0.71270347,0.88092864,0.04303196,-0.18472369,0.50748247,0.76091176,0.6038623,0.38423184,-0.46373156,0.48882222,0.30187562,-0.42543948,0.73419577,-0.06467012,0.04914681,0.7524631,0.52926517,0.047776178,-0.10640227,-0.3900322,1.4314725,0.059030235,0.7139315,-0.7469705,0.3558647,0.20291394,-0.20385739,0.028115049,-0.06557304,-0.0065329103,0.44942424,0.25204167,-0.29486817,-0.2410287,0.42398927,1.4124354,-0.39298227,0.50817394,0.0072729085,1.3418504,-0.9172834,-0.5727533,0.07844372,0.8698068,-0.84822387,-0.5738916,-0.33739108,0.65132046,0.5001923,0.21722206,0.009603418,-0.8592798,-0.37568706,-0.07753915,0.7649039,-0.40251374,0.27795914,-1.3265593,0.45190647,0.118836425,-0.62167466,-0.46017736
usa_26_104,0,usa,1.0705158,0.32568964,-0.28568575,-0.18570843,0.3519433,0.8026691,-0.77431774,-0.2779305,-0.37914485,-0.16737197,0.56807095,-0.6397595,-0.53809446,-0.045319468,-0.35848436,0.8038472,0.94274896,-0.37316886,-0.61453974,0.06546879,-0.4480917,-0.45396793,0.77752006,-0.2721255,-0.68590164,0.5670232,0.5055906,-0.6182061,-0.37909174,0.2829806,-1.0355471,-0.42191643,0.9115395,-0.27563277,0.009662742,0.17209928,0.14756063,1.1491542,-0.27643248,-0.2634608,-0.2458572,-0.34878355,-0.43008098,-0.57726806,-0.040630586,0.76781446,-0.8663406,0.78091836,-0.13843133,-0.084641784,0.04914197,-1.3562926,-0.1046765,-0.23586944,-0.7215893,-0.10235089,0.9019537,-0.49611834,0.2706285,-0.3022383,0.51540864,0.20512608,-0.4760611,-0.7814683
usa_49_104,0,usa,0.023909818,-1.0919601,-0.32085276,0.028279303,-0.14793791,-0.11085668,0.46989685,0.9924076,0.5365741,0.14516367,-1.2315863,0.5779942,0.42250586,0.025477193,0.9853109,-0.25443247,-0.10464149,0.5022949,-0.88358694,-0.40883204,0.24881248,-0.9719295,1.1542004,0.4976295,0.5595866,0.2515651,0.88892597,1.0925213,0.48490366,0.12861589,-0.15557589,0.5218167,0.37070817,0.5947334,0.12435965,-0.24563259,0.563662,0.8818924,0.17766212,-0.024953857,-0.7371724,0.68067354,-0.0024504308,-0.17823194,0.10376229,1.2488955,-0.3955761,0.86539876,0.773483,-0.17471378,0.10628601,0.15818892,0.39837083,-0.86735594,-0.88251764,0.3774749,0.38006538,0.2578664,0.9189479,-1.5390061,0.16030587,0.26719415,-1.0228801,-0.27169478
usa_47_84,0,usa,-0.5922954,-0.8395206,-0.086352654,-0.34230283,0.3261553,0.17743349,0.15701051,-0.17733021,0.0073594907,0.42590177,-0.55720633,0.65364724,0.10348318,0.6417802,0.22734444,0.4965288,-0.14240131,0.18554375,-0.66411775,-0.79854155,0.48278573,-0.69224626,0.97820795,0.110327184,0.54620206,0.3222135,0.85341156,1.4221851,0.50110626,0.30197117,0.49788386,0.5381958,-0.0014708508,0.13838792,-0.06670871,0.3817188,0.13402203,0.6616599,-0.5734029,-0.19582476,0.09849325,-0.09201868,0.061484106,0.25787616,0.5452556,-0.8246026,-0.24204725,0.76702887,0.20079435,0.20590279,0.59630966,-0.03337948,0.8446877,-0.08450842,0.49189633,0.98992026,-0.55125874,-0.1435541,0.18594901,-0.21688193,0.07835433,0.7301661,-0.33402008,-0.39465478
usa_84_104,0,usa,0.46515957,-0.5952992,-0.7923137,-0.7087839,0.3615936,0.71197397,-0.3784609,0.28357387,-0.03395316,-0.3831154,-0.55339485,0.0847333,-0.6032648,-0.42190778,0.5904637,0.39984956,0.58203804,-0.4742794,-0.47121763,0.65947455,-0.2457553,-0.73091036,0.69543976,-0.25016055,-0.013095022,0.6302445,1.0552617,0.17194244,-0.28234926,0.9261492,-0.7525115,-0.061848406,0.8920258,0.015691584,0.6180092,-1.0675721,-0.2694749,0.8948966,-0.36095545,0.3183993,-0.19714487,0.43348718,-0.28568512,-0.77290624,-0.847715,1.0432463,-0.80505335,-0.09344739,-0.66952014,-0.259433,0.6391016,-0.4194034,0.5580341,-0.99437165,-0.99806225,-0.22174926,1.0900525,-0.48468217,-0.033883125,-0.90762246,0.8952977,0.26727968,-1.01463,-0.7374037
usa_73_106,0,usa,1.0709072,1.0719792,-2.3934982,-1.0065566,2.192363,3.5438797,-0.1782343,-0.6297986,-0.6451763,-2.59448,0.30551943,0.017834948,-2.2249587,-0.16769837,1.3532441,2.5734735,1.841759,-0.75887316,-0.46816444,2.6280115,-0.532086,0.8830356,0.25669843,-0.21899796,-0.8913463,1.9771225,1.8743411,-2.1576235,-1.880169,1.4424274,-1.3618894,0.29496354,3.0295217,-2.3766894,0.4828383,-2.0414202,-0.44731253,0.14595984,-1.8946402,2.1678474,2.5913308,0.282725,-2.075344,-1.1204817,-1.0275774,3.8008194,-0.07358769,-1.2795502,-1.5546085,-1.6807988,0.61018753,-1.4214566,1.7652478,0.7659536,-2.163395,-1.1051366,1.9907829,0.03939851,1.8692266,-0.31966576,0.6519626,0.9668864,-1.2450283,-0.60813344
usa_92_106,0,usa,-0.104971915,-0.36654574,-0.6136375,-0.41842622,0.26794955,0.17708077,-0.29644716,0.32037848,-0.108337834,-0.16115423,-0.7725396,0.6278127,-0.10347445,-0.3929429,0.4134206,0.09595869,0.322183,-0.006698083,-0.09304226,0.3267658,-0.11508984,-0.9496176,0.6533742,0.01876172,-0.04087646,0.8097586,0.975033,0.29329422,-0.14756867,0.43721306,-0.3829425,-0.04359713,0.13071595,0.074857265,0.4372421,-0.76225704,-0.3359851,0.6122421,-0.1118705,0.21344,-0.3078742,0.34259745,-0.078904,-0.29970074,-0.56732184,0.6199502,-0.4900131,0.39641082,0.1826977,-0.13788363,0.1321908,-0.3597523,0.3992411,-0.6670609,-0.50552255,0.091886185,0.43373024,-0.20011164,-0.08812378,-0.7946585,0.787628,0.17601696,-0.6900743,-0.15720513
usa_3_67,1,usa,0.3957041,-0.5890913,0.077662274,0.2850664,-0.047435477,-0.37801844,0.8068803,0.65635556,0.36025992,0.17927168,0.27413005,0.58329153,0.8436204,-0.03884015,0.6062851,0.41412288,-0.3096282,0.42640406,0.34610137,-0.8078418,0.14905494,0.08322999,0.72875655,0.42778116,0.8152665,0.084793776,0.43604198,0.86332947,-0.09563886,-0.03262135,0.84408844,0.32670704,0.20297289,0.35934195,-0.33928964,0.4130285,1.0286518,0.7914961,0.22737263,-0.7994259,-0.5904561,0.4665667,-0.7899696,-0.14011681,0.3840991,0.791909,-0.52157307,0.89425254,-0.07367013,0.5052863,0.70521414,0.26969787,-0.017295856,0.3207715,-0.306047,1.2707409,0.06549666,-0.42404884,0.6116347,-1.4570581,-0.16118638,-0.038557917,-0.26765826,0.1622795
usa_12_67,1,usa,-0.44097206,-1.0197057,-0.16754398,0.11590434,-0.10292185,-0.25483727,0.6681555,0.86931604,0.5647935,0.47377467,-1.0227664,0.6550114,0.69044816,0.41099173,0.6567171,-0.2934487,-0.3007061,0.79568374,-0.9172085,-0.8061692,0.42450926,-0.92749166,0.7182182,0.6480144,0.755426,-0.07865446,0.78679323,1.4538224,0.7607821,-0.008187829,0.19311689,0.5448295,-0.050219532,0.5679086,-0.019472972,0.016939087,0.79794824,0.6563123,0.15301387,-0.22751275,-0.6968975,0.50980216,0.00022068992,0.06398005,0.6254959,0.56672645,-0.2500956,1.1806277,0.85014,0.07879835,-0.08767234,0.21613376,0.31421286,-0.6357987,-0.34653527,0.7739433,-0.07050685,0.36243388,0.83699965,-1.1444826,0.08153868,0.23634583,-0.6671535,-0.048867587
usa_43_67,1,usa,-0.20959823,-1.187157,-0.41057712,0.04987865,-0.0047491877,-0.04505094,0.58747977,0.8411519,0.48193488,0.029101022,-1.5259986,0.6688313,0.3096543,0.2328467,1.0203931,-0.16089201,-0.16705151,0.44276845,-0.85951245,-0.19066994,0.30726582,-1.008405,1.2149762,0.45082667,0.6240545,0.15218727,0.98987377,1.0991144,0.3804386,0.09320229,-0.288117,0.3500953,0.33233067,0.49572146,0.27958107,-0.27161428,0.37113082,0.84488547,0.0152423065,0.012992246,-0.42229354,0.83479905,-0.17703897,-0.15417251,0.021058623,1.2924758,-0.5014138,0.8783954,0.72554326,-0.3151499,0.05171743,0.0929695,0.52109414,-1.0288942,-0.8732529,0.31404483,0.31201205,0.23716424,0.93672085,-1.5382185,0.33265805,0.54361856,-1.1547781,-0.24270397
usa_3_12,1,usa,-0.69899154,-2.4141836,0.6109815,1.0689868,-0.92582625,-2.36744,2.4623785,1.8258628,2.991077,2.6652281,0.10257863,1.0180868,1.7072747,1.1468215,-0.061794158,-1.3802205,-1.6847252,1.9989085,-0.19649318,-2.1327837,-0.36581925,1.5570933,1.642101,1.1691585,1.8751597,-1.5661194,-1.039094,1.2665442,0.467364,-0.012259165,1.0183381,1.5989054,-0.37379166,1.3094084,-1.6520723,1.5553724,1.7017565,0.2668777,-0.4386531,-0.20165434,-0.18913576,1.8857454,0.29601464,1.2624191,1.4026569,-0.90691525,0.744212,1.0021837,1.4666526,2.0860612,0.013500586,1.6127332,-0.44142574,-1.0236272,1.9449575,1.658263,-0.40928504,1.3487827,1.4230458,1.2558643,-1.5132555,-1.0475706,0.71190596,0.7621871
usa_3_43,1,usa,0.098555155,-1.1797588,-0.07815728,0.12427798,0.029435398,-0.05526807,0.46681222,0.87191993,0.79192626,0.36096868,-1.3064321,0.48020014,0.47005334,0.092327215,0.81503004,-0.12668525,-0.30960125,0.66459644,-1.127296,-0.453222,0.307484,-0.77787995,1.1509124,0.50108576,0.57955706,0.128843,0.79508126,1.2291962,0.46060258,0.0272354,-0.18259253,0.69153214,0.21971545,0.53288466,-0.011209467,-0.25344908,0.6497316,0.559668,0.24520338,0.15628564,-0.5509454,0.5307345,-0.29414952,0.0033953348,0.22186016,1.0696112,-0.027514266,0.98208654,0.6593115,0.07761341,0.04673036,-0.034877937,0.36473972,-0.9004844,-0.65269387,0.4032979,0.07962816,0.5328854,0.85661495,-1.1694384,0.11404014,0.34386593,-0.9463029,-0.031767763
usa_12_43,1,usa,-4.7696376,-0.034686066,1.5438727,3.4879687,-2.4836793,-2.5691423,2.1867204,1.2104261,2.7651126,1.9033905,1.4424045,1.5680547,1.2442034,2.073369,-3.214806,-0.443573,-2.9472826,0.36247453,1.5255047,-2.3933754,1.5250956,2.511557,0.6577783,0.51421493,4.204806,-1.2215562,-2.597639,2.6879606,0.24719344,-0.027524814,1.4372448,2.298502,-2.1281693,1.4201306,-2.7583094,0.85507524,2.8959084,-1.4116913,-0.5865765,-2.61578,-0.66813195,0.7092114,-0.38028118,2.273653,1.1780509,-2.319934,-1.4504912,2.533166,0.4943455,1.5129944,1.3811977,2.6070728,-3.1029468,-0.5762395,3.2643607,3.928633,-1.5182201,0.99479806,2.6881835,2.9942036,-2.419816,-2.1192625,1.7905933,0.37893355
usa_73_83,0,usa,0.0642376,-0.9833782,0.2546805,-0.46668476,0.8647873,-0.09191868,0.66767937,0.17179972,0.8984633,1.6810322,-0.29172242,-0.27289364,0.1780155,1.249854,-0.33059874,0.20434554,-0.6519729,0.7886899,-1.0879356,-1.2318424,-0.57171625,0.0062816925,0.6988609,1.0192437,1.1361433,-0.4798642,0.9225546,1.60443,0.31426463,0.7726736,-0.11833316,0.7146267,0.0455763,0.43067688,-0.98173255,0.21554083,1.4869882,0.24083304,-1.1731024,-0.8304378,0.33415806,0.83964324,-0.02772316,0.16621174,0.6184955,-0.13464813,0.7690874,1.0139636,0.18076478,-0.43480086,-0.67208016,0.0022120867,1.1420451,-0.3265451,0.49717587,1.3945742,-0.16164027,0.7906288,0.7936185,0.26361164,-0.20206794,0.50724995,-0.1747325,0.4580657
usa_22_43,1,usa,-1.2064977,-0.9006719,1.0428826,1.35937,-0.5621163,-1.772169,1.8090904,1.4176856,1.6793711,1.4156262,1.0549191,2.923667,1.2905718,1.6828594,-1.5057065,0.5498044,-1.732649,1.0558978,-0.77195996,-1.6156046,1.8046533,1.3536596,0.44395852,1.0841008,2.0711296,-0.9548943,-1.2732279,1.2246631,-0.2778792,-0.07518399,1.8620573,1.2543268,-1.9354798,1.0959511,-1.9766731,0.57011384,2.3256047,-0.707452,-0.15910569,-0.8378326,-0.6307511,-0.3638798,-1.2412167,1.1718609,1.0559841,-0.4836924,0.0068707066,1.514878,0.47868925,1.157016,0.7429341,1.3559209,-0.44988653,0.13700025,1.235063,1.4894538,-1.1934457,-0.4144705,0.7449703,0.34003115,-1.7294762,-1.3847128,0.8519283,0.6468867
usa_43_64,1,usa,-1.7892951,-0.67089236,2.0547347,2.4250026,-1.4903219,-1.1091329,1.7690426,1.5356982,1.0773705,-0.318011,1.2045807,2.865551,-0.16102582,-1.085383,-0.062455673,1.3053776,0.43244517,1.289654,3.6941187,0.06962735,2.7466645,1.9954199,0.10862528,1.5165956,2.1736906,-0.77941513,-1.5155071,0.30577126,-0.025289655,0.21757859,2.213228,0.7400512,-1.2058396,0.43660375,-3.5148427,0.7934029,0.69337857,-0.8236462,-2.236608,-1.4670261,1.4875224,2.1642957,-3.3431635,-0.014509701,0.18033127,-0.556046,0.6418201,0.018732915,1.6127925,1.4417185,1.6194369,1.5125655,-5.3971195,-0.3132588,-0.09235744,-0.2406402,0.051110115,-0.42882013,0.42906323,0.8250738,-2.382646,-2.1802974,2.3102198,0.1763001
usa_43_119,1,usa,-0.10308801,-1.8634683,-0.11351974,0.7804242,0.22827153,-0.39989647,0.24404976,0.66945577,0.39159694,0.6428754,-0.40127707,0.22016995,0.4757827,0.7738089,-0.5782655,0.026573615,-0.58705324,1.8126415,-1.1733009,0.16602007,1.0391072,1.0336139,-1.5009074,1.4502988,0.5874526,-1.0394927,0.16999103,0.97848827,0.26897177,-0.503352,-0.35860208,0.006805891,-0.4578546,-0.19028081,-0.7842938,0.2651038,1.0735003,-0.42662862,-1.0990031,-0.15456513,0.13391477,0.096225664,-1.4159395,0.6313522,-0.049040012,0.9056411,0.55863106,-0.5549403,-0.56025493,-0.37197474,0.23536912,-0.8247813,-1.6143894,0.48095188,-0.055455286,0.05712001,0.926873,0.26455793,-0.5324558,-0.17268074,-0.06888365,-0.25090867,-0.06369636,-0.4316938
usa_22_64,1,usa,-2.2118804,-0.0907991,1.4545084,3.3478632,-1.2799492,-1.8088726,0.75733656,-0.21114475,1.1442298,-1.2446938,2.1192431,1.2911325,0.13330542,1.5329471,-2.778137,0.79452664,-0.8704914,0.7490541,1.3324871,-1.8546513,1.8396624,0.99180645,1.3140656,0.9746467,-0.02652955,-1.3599468,-2.4302073,0.42519104,-1.818215,-2.3529851,0.58333343,0.44402367,-2.1072757,0.6904324,-2.7306151,0.9086653,0.81072104,0.013375586,-0.9376344,-1.085661,0.675625,0.57276785,-1.6070873,1.0418673,-0.5086532,-1.1785288,-1.3660083,-0.7023678,0.4233155,0.068661615,1.7435592,2.492866,-3.8502045,0.4381976,2.495359,0.6723653,-0.8976663,-0.94831246,1.2556217,2.011065,-1.5508265,-1.4147986,0.9157915,-0.4353597
usa_22_119,1,usa,-0.29635358,-0.4953567,0.7033973,1.5143096,0.12752084,-0.07634263,1.2623693,0.71614647,1.5811868,1.8477389,-1.7851708,-0.020607276,0.89703643,1.8955425,-1.3223219,-0.61591756,-1.9509226,0.77711576,-1.9091865,-1.8174937,0.7376059,0.7728302,-0.31289333,0.6901948,1.1701992,-1.9259648,0.1902034,1.4878529,1.2635242,0.06416147,-0.37825367,0.48853695,0.8932229,0.38907188,-0.94088894,1.5449013,1.6466241,-0.57726943,0.58055454,-0.88342345,0.20247543,0.45447767,0.41249728,1.0743827,1.7161905,0.09570293,0.6965259,1.208721,-0.3302543,0.08537957,-1.067449,0.195229,0.17549294,-0.17957056,1.3272862,0.79116446,-0.58476096,1.7928269,1.7651676,0.9794765,-0.40221345,0.0038044602,0.13105136,1.3745402
usa_64_119,1,usa,-0.57971674,-0.75880617,1.0057662,0.8914384,-1.1788733,-1.3625901,0.07790953,2.1166613,0.8930013,1.0223553,-1.8421293,-0.0020538112,1.2514802,1.2800087,-0.7498691,-0.7348744,-0.60040087,0.58572423,-1.1754214,0.19231765,0.6902395,-0.0501401,-0.17405573,0.38375953,-0.70646447,-1.1328744,0.104522206,0.83444315,1.4839709,-1.0882725,1.1843758,0.018985154,0.2215095,0.6269102,-0.33406067,1.5634837,2.153033,-1.1157804,0.95366657,-1.0160736,-0.69539076,0.78831244,-0.11691507,0.5510325,1.3912445,0.9988575,1.6862084,1.0653989,0.9011747,1.0307783,-1.3679305,0.4832006,0.93142986,-0.1922414,-0.5281577,0.36140054,0.085302345,2.048421,2.0043783,-0.028507601,0.11614147,-0.32789427,1.4365377,1.9897466
usa_43_99,1,usa,0.4897465,1.3356792,-1.1286559,-0.7451029,3.0511935,1.1974261,-1.8833611,-0.838557,-1.1790526,-3.2683342,-0.58472115,0.9635702,-0.5363095,-1.0605972,1.303554,2.5957613,1.3144886,-1.1238472,2.464594,2.1822536,0.41843832,-0.56922776,1.9671358,-1.0965111,-1.7085578,0.36837265,1.7643113,-0.76499283,-1.5312337,1.9124757,-1.5097146,-1.4826902,0.4808293,-1.9117448,0.78474694,-1.5211772,-1.6990321,1.0386798,-2.4055495,1.0650431,2.0233576,1.4876001,-1.7915702,-1.7375876,-2.2299912,1.6868267,0.19652684,-2.9251866,-0.9795799,-1.6875355,1.825921,-1.0962669,0.8150414,0.6185484,-0.2597952,-1.2340997,1.8239425,-1.5584843,-1.1923268,-0.57617164,1.3358186,0.4199799,-0.50348276,-1.1677214
usa_64_99,1,usa,-0.31198204,-1.4063157,0.62623924,0.82686055,-0.08928642,-1.0426896,0.74992603,0.6568225,1.2702289,0.7241406,-0.13308366,0.97509813,1.4344283,0.08386356,0.12386921,0.06905395,-0.36860347,0.9572609,-0.1881777,-0.17525204,0.47793186,-0.0910807,0.1427165,-0.17894974,0.06968799,-0.4780588,-0.10862493,0.67859554,0.6696024,-0.03096506,0.6618391,-0.3885061,0.13906035,0.23587348,-0.63199675,0.6481219,1.7269168,-0.07297573,0.06761626,-0.43737668,-0.35818028,-0.24317293,-0.3993781,-0.55368584,0.058869317,-0.06271032,0.8947365,0.7719126,0.7150119,0.56402105,0.15325166,-0.9215354,0.25460866,-0.9607988,0.13721392,-0.04484698,0.46772334,0.069430225,0.660121,-0.00016300473,-0.4184814,-0.080474354,0.53254944,0.92394996
usa_8_83,0,usa,0.2123652,-0.13485016,-1.005806,0.38536862,1.1235442,0.69951725,0.106733836,0.38535064,-0.5642077,-1.3390235,-0.08375615,0.8605674,0.23055217,-1.0054505,1.2412677,1.0545559,0.71421456,-0.5913541,0.8881942,0.7019308,0.09486219,-0.8120782,1.3981447,-0.265957,-0.19965601,0.5990139,0.8724108,-0.2616721,-0.22632323,0.6821986,-0.27416793,-1.1493639,1.2078803,-0.9761825,0.52571845,-0.46744946,-0.61744934,1.729014,-0.66790664,-0.061156064,0.19773878,1.0204272,-1.1780982,-1.3894926,-0.8631687,1.4787341,-1.1481955,-0.7418373,-0.79188114,-0.9554662,1.1054741,-0.71111435,-0.15565184,-0.24534757,-0.5148716,-0.9381763,1.1432935,-1.0356672,-0.4005452,-1.4146585,0.73973745,-0.09724723,-1.1512645,-0.79489744
usa_83_104,0,usa,-0.56694466,-1.1545177,0.8664806,1.2744113,-0.38963932,-0.65167004,1.7168134,1.4031695,1.1282772,0.6781338,-1.1202775,1.4683266,1.500249,1.5298158,0.3596666,-1.3398323,-1.2334044,1.6613445,-0.114814475,-1.4771128,1.858071,0.06954136,0.9639106,1.063885,1.2396599,-0.6881896,0.42554343,2.516903,1.084446,-0.9054749,1.8682944,1.931344,-0.37108916,0.6297827,-0.37219736,0.8999094,1.7878605,-0.5009398,1.4629595,-0.31444848,-0.22179165,-0.24561852,0.3326976,1.3719764,1.6795301,-0.21049556,1.0790783,1.7951043,2.1205614,0.745645,-1.1919806,0.33760622,-0.3189797,-0.99470466,0.26832065,1.5500728,-1.9704356,1.4879466,2.6501904,0.12364975,-1.4971205,-0.30301395,0.028230974,1.3850317
usa_8_73,0,usa,-0.1784714,-0.48116967,-0.51493734,0.57510966,0.42926288,-0.29207012,0.205198,0.06563996,-0.50969434,-0.28303695,0.5490803,0.0024744365,0.58671224,0.25726497,-0.045083877,-0.077989124,-0.023564842,-0.102737226,-0.094373144,-0.52862537,0.656401,-0.50819486,-0.19433384,-0.24372865,0.0690132,0.14152773,0.39266598,0.5121546,-0.3888725,-0.29256356,0.08500102,-0.4003972,0.29645738,-0.8442016,0.44908783,-0.48919025,-0.020209858,1.0902375,-0.13771698,-0.17067556,-0.76019996,-0.09317666,-0.7651885,0.07745657,0.28688562,0.79051995,-0.65992373,-0.35159504,-0.7220662,-0.038516168,0.93782556,-0.92477995,-0.617161,0.61020017,-0.17754562,0.20398085,0.37679222,-0.40543312,0.057848565,-0.706985,0.12974882,-0.008152502,-0.44709826,-0.3868047
usa_8_104,0,usa,0.13457598,-0.39481038,-0.3269774,-0.23675065,0.5395039,0.4235594,-0.37383524,0.37108234,0.26500857,-0.2135203,-0.91328603,0.29552028,-0.14831798,-0.3146466,0.35561714,0.2978787,0.37211823,-0.0887533,-0.63142014,0.49494988,-0.083061524,-0.6631243,0.66802835,0.00066318084,-0.17687169,0.4743325,0.99860704,0.29474095,0.07809183,0.41632894,-0.53444964,-0.21306361,0.58582616,-0.03014364,0.35642466,-0.6530428,0.067941956,0.70463914,-0.2486457,0.48864895,-0.3225637,-0.034459673,-0.47243407,-0.6044726,-0.46699375,1.0385815,-0.32260844,0.2962789,-0.27395037,-0.19172299,-0.11593564,-0.6510578,0.6927347,-0.7515638,-0.885813,-0.40061912,0.8588356,-0.014470008,-0.45127186,-0.6800957,0.86186874,0.2545305,-0.78286433,-0.14021006
usa_73_104,1,usa,-0.27766502,-0.19268197,0.3423962,0.9674141,-0.60185635,-1.2231101,1.1340233,1.5029749,0.86025,1.5117217,0.13674365,0.8910767,1.6301543,0.86889905,0.63160944,-0.06005528,-1.4429476,0.38641456,-0.16061983,-1.8535004,1.7753274,1.136627,0.41420084,1.2753348,1.17229,-1.2413499,-1.0188408,0.5773129,0.3367238,-1.1029905,1.4584413,1.461081,0.07692255,-0.14896123,-1.5699819,1.5265479,1.4951987,-0.50699,1.759597,-1.124992,-0.37193245,-0.627438,0.03453149,1.6247548,1.5956173,-0.40918678,-0.24164784,1.4648926,1.3684528,2.2708158,-0.31043956,1.1153302,-1.8183491,-0.5297671,-0.04805889,1.2086186,-0.9378586,0.9807856,1.8163373,0.42970315,-1.169106,-0.9087522,1.6114941,2.2820044
usa_39_112,0,usa,-0.1607657,-1.1567749,-0.35025793,0.049680717,-0.09944927,-0.1705558,0.6263083,0.90193254,0.42670387,-0.037750233,-1.4276136,0.6472923,0.34397888,0.07427885,0.97087306,-0.15660949,-0.11608747,0.34151074,-0.8289123,-0.20557149,0.22658083,-0.986423,1.1823279,0.48582375,0.55092686,0.21710418,0.89541394,1.0282433,0.392274,0.112488784,-0.08418666,0.34171966,0.3394799,0.60705245,0.2802452,-0.31114814,0.3755554,0.82234794,0.16529734,-0.16229065,-0.6300795,0.8034122,-0.29719564,-0.19437999,-0.07710876,1.3533342,-0.43886235,0.7902331,0.7359325,-0.17563048,0.22075282,0.10304238,0.47549585,-0.9927475,-0.9483496,0.342858,0.32128307,0.12503967,1.0626804,-1.6200378,0.27800256,0.32100454,-1.065897,-0.26322117
usa_110_112,0,usa,1.0157541,-0.8155536,-0.6255238,-0.42540067,0.2168306,0.3340651,-1.0614868,-0.60351545,-0.5170475,-1.3335615,0.16979256,-1.0111382,-1.4603065,0.07615974,0.44416472,0.6422892,1.5988301,-1.4896405,0.21111616,1.607742,-1.3365859,-0.69468015,1.5379133,-0.8484399,-1.2321582,0.9007923,1.5793614,-1.384965,-0.5292435,0.49548832,-1.3097103,-1.8080667,0.5214862,-0.2626356,0.9491025,-1.0216217,-0.6786813,1.9014369,-0.78069884,-0.4156935,0.45216495,1.348991,-1.3607614,-2.2547348,-1.884179,1.995152,-1.5942473,-0.18485552,-0.9222548,-2.4787762,0.6967721,-1.0612566,0.5609769,-0.44311902,-1.0398703,-1.5811843,1.8001807,-1.5946662,0.18648311,-1.0194225,1.6874565,1.0840993,-1.2197578,-1.6772225
usa_33_47,0,usa,-0.0626147,-1.087142,-0.5237402,-0.0903701,-0.08249642,0.002907021,0.499663,0.9306733,0.41294515,-0.09942182,-1.4846355,0.6687457,0.22532126,-0.011908527,1.0197575,-0.17473453,0.043488957,0.24829343,-0.717803,-0.15791208,0.29334825,-1.0446062,1.1504585,0.35051876,0.561866,0.40852582,0.95275265,1.0160975,0.40063518,0.23700611,-0.22018676,0.41723713,0.38865313,0.5039518,0.38050535,-0.43147948,0.33338812,0.8832223,0.09721546,0.020099716,-0.633585,0.77708656,-0.1527551,-0.18638304,-0.056997582,1.3630718,-0.5761235,0.76188594,0.7128833,-0.31204915,0.18167779,0.22470665,0.41984266,-1.0347558,-0.9303671,0.33772257,0.39661357,0.13623723,0.8135108,-1.6168984,0.3285161,0.4777123,-1.1433513,-0.3079872
usa_12_22,1,usa,-0.18843487,-1.2781856,0.38459727,0.51709175,0.0021124827,-0.6820452,0.7150255,1.0387528,1.1532192,0.689548,-1.4281874,1.2273009,0.7938895,0.37844658,0.66544765,-0.985016,-0.9966991,0.9344907,-0.93345517,-1.2550443,0.659208,-0.6094699,0.43437517,0.43114802,0.79574925,-0.23527691,0.46607655,2.0678444,0.7911582,-0.24707982,0.68632215,1.2287903,-0.1617516,0.8218387,-0.3341869,0.20801121,1.5091566,0.10961715,0.77570957,-0.16348226,-0.611161,0.20639493,0.40042523,0.6792289,0.8576591,0.15817463,0.85443324,1.5738466,1.1436253,0.34746936,-0.046464905,0.10210256,-0.11329091,-0.9864775,-0.18955798,0.7013485,-0.5273867,0.7897331,1.4158171,-0.7454129,-0.5574488,0.1883041,-0.43917766,0.4465548
usa_12_64,1,usa,-0.9653024,0.6937093,0.7669313,0.24580301,0.21777394,-0.25980982,1.2478004,-0.22877246,-1.6143298,0.38981336,1.7673957,1.2603663,0.18115774,0.5780172,-0.98917675,1.0072705,-0.18160245,-0.5515709,1.3540148,0.36132932,1.2435135,0.5344418,0.027214225,0.4903343,-0.5745142,0.10484976,-0.6687432,-0.4683942,-0.8920612,-1.5763706,1.2247169,-0.6995177,0.62467223,-1.4184564,-0.92880046,0.052175585,-0.24287356,0.48402205,0.40748167,-1.7867295,0.6645406,0.6319733,-1.6456941,0.36575982,1.4474531,-0.49822718,-0.8909466,0.74555176,0.60145736,0.7472028,0.037055552,-0.2374935,-1.068163,0.26503727,-0.6989417,0.73727006,-1.32632,-0.5235583,1.4351467,0.7383275,-0.071224496,-0.98513365,0.9123242,0.7899939
usa_12_99,1,usa,-2.1830726,-1.6310023,0.8642448,1.4720308,-0.972285,-1.1554326,1.3920873,0.6842204,1.5176586,1.5309557,0.21357691,2.4686568,1.1504072,1.6354997,-1.0232317,-1.0181404,-1.9709442,0.42441335,0.16296262,-1.6497759,1.3227836,0.456493,0.26857057,-0.42111683,1.7529944,-1.0228819,-0.770097,2.859464,0.6183379,0.03358564,0.9761107,1.289503,-0.5321859,1.2735872,-0.6238912,0.6194584,1.8112848,0.08477501,0.7903886,-1.2614067,-0.6198539,-0.7979755,-0.1705164,1.5850836,1.1274515,-2.0040526,-0.09130385,1.4315226,0.57595795,0.957036,0.56183267,0.7098387,-0.5802335,-0.6975565,1.8805237,1.4275392,-1.6889102,-0.057820786,1.0896969,0.8364287,-1.1299683,-0.6541189,0.24158287,0.4002188
usa_22_99,1,usa,0.8655161,0.5638386,0.56952876,0.43108758,0.24242607,0.23255602,0.47046947,0.42847097,0.4693154,0.23611344,-0.37840313,0.8550553,0.23604815,0.4350233,0.4491196,-0.39305937,-0.47359246,-0.21478751,-0.08432445,-0.009465234,0.20289077,-0.14915134,0.9725833,-0.36862516,-0.14921264,-0.40443406,-0.06489319,0.99404156,-0.66490656,-0.6186018,0.8852703,-0.50607234,-0.9387556,-0.3142943,-0.2206303,0.114585996,0.11409383,0.08877637,1.1174668,0.78160584,0.42009902,0.025612269,-0.9172136,0.6301641,-0.120741904,0.21046865,1.1223466,-0.124484226,0.051497005,-0.1532664,1.4199898,-0.40310362,0.2485328,-0.22466297,0.5920788,0.30746627,-0.5704527,-0.18590035,0.76811963,0.7256118,-0.059187956,-1.4158534,-0.017316531,0.8197028
usa_10_69,1,usa,-2.3383942,-1.4214944,-0.13008736,1.0632981,0.0251564,-0.88203126,1.3185507,0.6846481,1.197362,1.9358386,-0.57956976,0.19726403,0.30338115,1.9516783,-1.148386,-0.57364976,-1.693919,1.3553833,-0.4179115,-1.5570929,0.98827004,-0.5862476,0.93011314,0.2310672,1.7983093,-0.3866034,0.013317046,2.277155,0.08300193,0.7543441,0.46194136,1.4095681,-0.6757012,1.0903679,-1.0413222,0.6632708,2.178286,0.36910978,-0.08427244,-0.6019901,-0.8780745,0.73682326,-0.029270697,0.97275764,2.2912223,-0.7015238,-0.44155744,1.5073671,0.7279957,0.35301015,0.67033815,0.41122642,0.43144768,-0.36343595,2.0108535,2.1827378,-1.3564272,0.40828562,1.7302448,0.09587162,-1.1113844,0.23714685,-0.64768416,0.38313696
usa_58_69,0,usa,-0.16128126,-1.2603365,-0.122833915,-0.051014207,-0.052298732,-0.28715786,0.41446474,0.97126466,0.63969654,0.5942971,-1.3109026,0.6332628,0.3925267,0.12316407,0.71669346,-0.18478203,-0.26101083,0.6562499,-1.0138706,-0.6560031,0.326071,-1.0479993,0.769843,0.53778416,0.7276965,0.1353654,0.7509383,1.3231983,0.591819,0.051491313,-0.16001505,0.63506305,0.023489714,0.77778983,-0.083527505,-0.12869184,0.8682845,0.5303376,0.10450675,-0.1277306,-0.7174143,0.5904533,-0.09472927,0.040183444,0.45274317,0.7356984,-0.16636525,1.1331532,0.80811393,0.051770166,0.029071063,0.1777949,0.39301535,-0.87397844,-0.49606276,0.7708937,0.05313519,0.18261884,0.7987042,-1.1466522,0.083149165,0.37079817,-0.8283188,-0.015714679
usa_10_58,0,usa,-0.29941112,-1.3031108,-0.13132438,0.06644958,-0.07735396,-0.27726647,0.5891309,0.9584725,0.61198723,0.48386812,-1.3444403,0.742616,0.5444679,0.27029616,0.8077066,-0.23447956,-0.35538334,0.77860266,-1.030817,-0.72514576,0.44772172,-1.0981661,1.035176,0.6057214,0.74307615,0.13766018,0.7644689,1.4702935,0.6097708,-0.0046225386,0.04608305,0.7521307,-0.104042664,0.7446487,-0.12567781,0.015667815,0.7527687,0.564615,0.05960699,-0.09080887,-0.6678412,0.61465937,-0.13239959,0.06645871,0.5229035,0.7101207,-0.17555007,1.1639935,0.9188577,0.12039412,0.020268817,0.21564454,0.35038203,-0.8840318,-0.44382176,0.78084755,-0.19445089,0.3576356,0.9451087,-1.2205746,0.047366533,0.3826666,-0.8455165,-0.0021972675
usa_73_92,1,usa,-1.6260347,-0.97333485,1.320901,1.8711326,-1.5156884,-2.0087798,2.1661077,0.9964387,2.2390838,1.680567,-0.30344385,2.1014583,1.6801065,0.7020214,0.5003613,-0.9271656,-1.2738479,2.3080819,-0.32433727,-0.4152601,-0.5645583,0.84150344,0.9772431,-0.2750474,1.8801736,-1.1248518,-0.6320328,1.2165586,0.39306125,-0.65481454,2.2807364,1.4294053,-1.2478833,1.7879483,-1.4495687,0.9141493,1.6915438,-1.5995302,0.7714859,-0.8817652,-0.083870724,1.5153656,-0.9898558,0.7517153,0.341756,-0.64322966,1.8562862,0.91185534,1.5124084,2.2745605,0.46391088,1.1926689,-0.8910513,-1.4805169,0.45514008,1.1189182,-1.3981292,0.47326535,1.6147531,0.38997313,-2.0318046,-2.7764084,1.5913917,1.3480618
usa_92_104,1,usa,-0.66579247,-0.5441312,1.1333858,0.95992607,-0.2756553,-0.6510755,1.5070513,1.4023218,1.2199275,2.053901,0.63712627,1.8537394,1.6367296,2.2210882,-0.6857985,-1.435854,-1.7804499,1.7859458,0.09825288,-1.4093174,1.6776078,0.9775025,0.7310132,1.28782,1.0831547,-0.96653765,-0.396672,1.6762496,0.7918145,-1.3393846,1.9997543,1.4510522,-0.21810402,-0.048598424,-1.0938773,0.36695436,2.3991668,-1.0153036,1.0458745,-1.0863253,-0.29252326,-0.19434698,-0.397894,1.5097513,1.7702907,-0.8946876,1.286438,2.1503177,1.6271573,1.4332347,-1.1556494,-0.11158884,-0.31599838,-0.54759955,0.5378687,1.7179193,-2.251033,1.2387123,2.53667,0.5632849,-1.144363,-1.5376554,1.4640357,1.9029675
usa_10_12,1,usa,-0.45904458,-1.0357045,-0.25327623,0.1920031,-0.5598697,-1.3564086,1.35873,0.97699136,1.1062006,0.88293576,-0.9873376,1.2727808,1.493071,0.76591575,1.703953,-0.9324375,-0.93185055,2.157272,-1.3032312,0.13048252,0.40018883,-0.67026275,1.3203342,0.27726388,0.8661457,0.028531957,1.0630398,1.1075053,0.32016855,-1.0206889,0.28133905,0.60530955,0.50316775,1.1612513,-0.279632,-0.090770826,0.7675089,-0.17627472,0.50728303,0.31471705,-0.0367845,1.196409,-0.6009386,0.16298208,0.48696908,0.061568134,1.0322634,1.0426766,0.8746695,0.47898278,-0.041537195,-0.18268217,1.051148,-0.9594922,-0.6686446,0.9867624,0.16145226,0.81997424,1.3472681,-1.1614811,-0.54407346,-1.0204195,-0.2583426,0.3264317
usa_10_99,1,usa,-0.21504936,-1.2884357,-0.2088565,0.18311802,-0.14687149,-0.14476183,0.6268301,1.0686421,0.75707465,0.13191578,-1.5277054,0.84468704,0.4685942,0.24548833,1.0694776,-0.28874272,-0.36491042,0.6577249,-0.9597178,-0.47277972,0.39225742,-1.0145942,1.2161413,0.54530585,0.7506482,0.10468035,0.979265,1.3542373,0.43708354,0.09910129,-0.094920754,0.6780257,0.28291082,0.8042808,0.086642854,-0.1623898,0.7116555,0.7648251,0.025012713,0.048874974,-0.6126248,0.73848385,-0.110676005,0.006299674,0.10560482,1.2723444,-0.2498632,1.1186221,0.9256961,-0.22457631,0.0062384997,0.17417443,0.4733113,-1.0175318,-0.84800524,0.5045583,0.21108438,0.3650409,1.0794991,-1.4870361,0.0755764,0.20914444,-1.0851835,-0.063889265
usa_32_109,0,usa,-0.095105946,-1.1844177,-0.4537699,-0.029980404,-0.11726609,-0.041939653,0.5736955,0.9698045,0.48997352,-0.006330139,-1.5109866,0.67476803,0.31993714,0.051564958,1.0513453,-0.24322595,-0.12347,0.34402987,-0.7532383,-0.2541847,0.3109244,-1.1103741,1.1340528,0.38149795,0.66678476,0.24767366,0.9682712,1.0175897,0.38443887,0.16826284,-0.1813331,0.44399104,0.39996034,0.6242572,0.30673766,-0.3402583,0.46088243,0.8136316,0.07845803,-0.02284546,-0.63562715,0.77647287,-0.14025122,-0.16880761,-0.012764825,1.3170904,-0.50597954,0.88642764,0.7637617,-0.29464328,0.21662791,0.19490981,0.42802733,-1.1074525,-0.8819409,0.39703324,0.3607208,0.19606426,0.92146266,-1.5797087,0.27063856,0.38964802,-1.1401759,-0.26619068
usa_73_109,0,usa,0.0666304,-0.56453973,-0.28061035,-0.44042498,0.04861027,0.20839326,-0.17662811,0.6772493,0.07477898,-0.03286044,-0.70068085,0.3661664,-0.020015426,-0.18478712,0.33345026,-0.07577252,0.22733581,0.061358184,-0.3947625,0.080325775,-0.0012081899,-0.6883387,0.65565234,0.26101434,0.23516203,0.5579743,0.9638019,0.7548069,0.33943063,0.35855937,-0.23625344,0.49786377,0.5527721,0.3656459,0.410706,-0.4076743,0.3102853,0.6812374,-0.20842052,0.08613782,-0.46084875,-0.024345063,-0.06804688,-0.2392875,-0.0849251,0.48669982,-0.47184312,0.86416197,0.1639874,0.09818795,0.012635574,0.0062952936,0.35132745,-0.72500473,-0.6019644,0.29556713,0.4198663,-0.013030688,0.24470854,-0.80921817,0.63641626,-0.030915298,-0.7584558,-0.29062846
usa_32_73,0,usa,0.014889254,-1.0403273,-0.57738537,-0.091128,-0.03601057,0.18838054,0.39829263,0.86747926,0.31892872,-0.19460896,-1.2603716,0.6831259,0.18239789,-0.08983685,0.9894006,-0.042583317,0.05584359,0.17468995,-0.59385765,-0.07402065,0.21204232,-1.0360916,1.2063154,0.41710335,0.52020526,0.42230332,1.0491046,0.8454084,0.22312912,0.2831744,-0.20201527,0.3957401,0.4479582,0.5253324,0.34753823,-0.5519594,0.18746378,0.8874109,-0.033842687,0.13313976,-0.5102138,0.7616635,-0.24770303,-0.24180627,-0.22383803,1.2819568,-0.58337224,0.78688365,0.530353,-0.30244234,0.2912607,-0.010827017,0.45625362,-0.9967369,-0.93162596,0.24120122,0.41852427,-0.025207344,0.70297176,-1.4915938,0.4434737,0.34980854,-1.1657233,-0.46077415
usa_10_103,1,usa,-0.09804882,-1.248711,-0.3002486,0.018217836,-0.10888205,-0.16156988,0.5787456,1.1072854,0.6907353,0.2163285,-1.4929069,0.7116955,0.4617223,0.13757758,0.9694025,-0.23614872,-0.2047214,0.5855138,-0.94426125,-0.36761263,0.37654153,-1.0965112,1.1288308,0.47183466,0.62988997,0.26267016,0.86788195,1.1847694,0.5330384,0.0674912,-0.1405423,0.5184751,0.28002,0.72003704,0.2255299,-0.27792296,0.72113585,0.7581306,0.13845265,0.03762453,-0.6807603,0.7907952,-0.18667725,-0.025902841,0.175938,1.3505493,-0.31922656,0.993801,0.96425927,-0.15966478,0.10208321,0.18518488,0.46878016,-1.0766442,-0.9262188,0.5194904,0.20909381,0.2784198,0.9565374,-1.5910634,0.22307791,0.41871655,-1.0529788,-0.13060237
usa_10_83,0,usa,-0.3869208,-1.2009912,-0.2373442,0.055196494,-0.0743506,-0.13564786,0.5857451,0.8072969,0.42415243,0.044154115,-1.2979013,0.78373486,0.43281013,0.24991073,0.91343755,-0.3220066,-0.3110425,0.5732395,-0.8038349,-0.44968462,0.44170722,-1.0274835,1.1044967,0.5857339,0.66742116,0.30820075,1.0001087,1.3117748,0.4843607,0.11819631,0.04661775,0.64989597,0.041708495,0.71541196,0.07446991,-0.13153099,0.4521728,0.7630879,-0.03375809,0.013167815,-0.49456322,0.6659392,-0.08900513,-0.066284746,0.21835427,0.86263365,-0.2501345,1.1103623,0.8104132,-0.084543325,0.076608025,0.12613015,0.48706907,-0.9822977,-0.62643206,0.4368429,0.034186315,0.2306383,0.9133631,-1.378631,0.15070905,0.4056609,-0.9610445,-0.1687946
usa_30_73,1,usa,-1.335035,-2.0420747,0.87927455,0.65495664,-0.8442966,-1.8435954,1.3807987,1.2063692,1.8345886,2.0689769,-0.287133,1.3700107,2.0919397,1.4096801,-0.2981112,-1.7498268,-1.602247,2.0061698,-1.4875866,-2.0474124,1.18419,-0.18663815,0.51647484,1.1012824,1.8797723,-0.7586986,-0.4173183,2.2287538,1.8325275,-0.53759164,0.806816,1.6234176,-0.30219778,1.6234215,-1.9109653,1.1823586,3.1737816,-0.19500014,0.5515488,-0.7472851,-0.7678859,0.36829615,0.49978545,1.1898474,2.138524,-0.9902759,1.3935328,2.9212396,1.6833801,1.021626,-0.71680915,0.28001913,0.21406086,-1.2229217,0.8825463,2.435481,-1.4523542,0.835594,1.9318521,-0.29953283,-1.3443719,-0.4660735,0.74923414,1.4964945
usa_47_63,0,usa,-0.13631873,-1.2280554,-0.3249852,0.061603002,-0.14273414,-0.13018627,0.63213193,1.052051,0.5659187,0.10775763,-1.525697,0.8017973,0.42570645,0.12831631,1.0351245,-0.2814411,-0.2535982,0.4573826,-0.77908665,-0.3393214,0.35314137,-1.0697453,1.2281944,0.44833872,0.6972855,0.21765746,0.96139896,1.092178,0.43339422,0.11355332,-0.03240894,0.52809376,0.34292898,0.6461124,0.27053857,-0.2375481,0.52574325,0.72011846,0.13455759,-0.0777846,-0.63386625,0.8159616,-0.074768536,-0.03939687,0.016607057,1.2510574,-0.3599813,0.95825547,0.8652545,-0.19410536,0.1984405,0.21744052,0.43999693,-1.0069023,-0.934002,0.4777135,0.24073811,0.24328835,1.0246019,-1.5963199,0.1520196,0.35001537,-1.0976052,-0.15977947
usa_12_73,1,usa,-3.7109077,-0.395185,1.9784676,3.84066,-2.7244613,-2.1474004,1.9397215,0.7334305,2.4148912,1.4334589,2.1224003,3.2306411,1.1071095,1.1242334,-2.354361,0.6833239,-1.7361193,1.4617966,1.6376638,-2.0908673,3.141799,0.87102234,-0.66955036,0.19466947,2.9660292,-0.30168027,-1.4758245,3.2222679,0.25128466,-2.0920982,1.1742071,0.9647922,-2.7029817,-0.17864968,-2.6642659,1.2719241,2.1246803,-1.5447625,-0.32583407,-2.5480895,0.33381426,-1.1900454,-2.6141973,2.2883422,-0.21298853,-0.5011827,-0.67763245,1.8039851,1.1148578,1.111768,0.9941739,2.0243883,-3.456749,0.86691785,1.542475,2.1579077,-0.9308251,1.1234024,0.7974399,1.4071085,-2.8950615,-1.6933209,1.5780221,0.52219707
usa_12_30,1,usa,-0.6815686,-1.6814426,0.9703741,1.435627,-0.7663342,-1.0348059,2.1029394,1.4326265,1.4198436,0.8519001,-1.3115036,1.566318,1.8810008,1.503926,0.7006616,-1.6404731,-1.4217005,1.7876619,0.08868796,-1.5897586,1.8804454,0.2077348,1.3150873,1.0303297,1.5149701,-0.7521938,0.19116624,2.6209705,1.203791,-0.7957588,1.8489246,2.1223867,-0.38519946,1.0578223,-0.71220714,0.90046155,2.30909,-0.47396234,1.6526371,-0.4460444,-0.3670687,-0.029877203,0.49599436,1.4732054,1.3641322,-0.045518022,1.304084,2.1291904,2.50409,0.63690567,-1.285716,0.47926292,-0.25344026,-1.5132786,0.16202855,1.6058404,-1.7252505,1.5819688,2.6743515,-0.034226887,-1.8594981,-0.3010037,0.2719335,1.3917869
usa_55_112,0,usa,0.17819901,-0.92051536,-1.6043055,0.080630794,0.74100107,0.9701612,-0.367501,-0.6714916,-0.84675294,-2.0285802,0.41893253,-0.08110857,-1.1479734,-0.5035306,1.1550949,1.1883535,0.86021745,-1.0351592,-0.19594324,1.2559625,-0.7506456,-1.3826176,1.48067,0.09731261,-0.87038225,1.2505362,0.9661002,-0.8394826,-1.011895,0.12853162,-1.4104227,-1.5741134,0.82501996,-0.15971296,0.8490683,-0.98226005,-0.49482554,2.183259,-1.0333632,-0.58099014,0.69713587,1.2525932,-1.3901166,-2.0084062,-1.3681115,2.1613803,-1.8415924,-0.36791888,-1.0044631,-1.8289722,1.0592607,-1.5158551,0.027455155,-1.1294888,-1.3968247,-1.6001654,1.3815179,-1.6109319,0.6326448,-1.7055047,1.5817808,0.60794175,-1.6731274,-1.7483215
usa_45_106,0,usa,-0.4323884,-1.2264483,0.0047412743,0.14556164,-0.15640846,-0.33535734,0.67561424,1.0068015,0.69582975,0.43931478,-1.2657655,0.7579439,0.6839981,0.28929114,0.7652185,-0.37794682,-0.36467165,0.8639674,-1.0017763,-0.75205487,0.549149,-1.0951961,0.966896,0.70927244,0.72145647,0.15604869,0.7166181,1.461197,0.8371059,-0.08058578,0.23286286,0.8602247,-0.10346384,0.82059973,-0.17149295,0.15020546,0.9528225,0.5447561,0.09294259,0.016280172,-0.6506542,0.4573672,-0.066603824,0.06742118,0.5893413,0.8049901,-0.10246569,1.3551192,1.0603486,0.2786374,-0.11999173,0.23661546,0.3527513,-0.88268715,-0.4841684,0.79998046,-0.29817936,0.4109088,0.90125746,-1.2981768,0.051511113,0.37267378,-0.7544414,0.099424705
usa_45_112,0,usa,-0.27389726,-1.0526601,-0.5203294,-0.112055965,0.047210418,-0.08051919,0.30473816,0.661403,0.56075263,0.08120873,-1.4405729,0.6893104,0.3274756,-0.0029270295,1.0582335,-0.13014024,-0.039319985,0.5057604,-0.8040628,-0.17935428,0.28883392,-1.1148895,1.1327096,0.49704662,0.48733175,0.3525017,0.9835948,1.0100129,0.35752267,0.24787115,-0.297436,0.36777848,0.16573736,0.6281334,0.11781971,-0.425483,0.44562206,0.80306256,-0.05790347,0.16106166,-0.54820114,0.602874,-0.29908818,-0.31357685,0.037621938,1.1625645,-0.30803093,1.0108321,0.7069638,-0.1707587,0.025745824,-0.12085578,0.48984656,-1.1784173,-0.74972904,0.23253939,0.23701678,0.28578797,0.5664111,-1.3965303,0.39217278,0.41810015,-0.9666263,-0.12623839
usa_106_112,0,usa,-0.5077218,-0.6569319,-0.9230358,-0.58881706,0.28898844,0.07897989,-0.38954204,0.36356112,-0.00022934563,0.026651341,-0.798806,0.19804557,-0.0477233,-0.10749515,0.27451786,0.3165856,0.2770821,0.13410895,-0.42669427,-0.14475578,0.5574789,-1.1674064,0.6882019,0.265264,0.23726316,0.62601537,1.0808997,0.6468996,0.2929999,0.17777097,-0.07997087,0.09436516,0.1463239,0.3445425,0.25932384,-1.065251,-0.2676126,0.85394406,-0.36394176,0.29292682,-0.6862115,0.052785862,-0.1682676,-0.14349115,0.103657745,0.5248682,-0.73249316,0.46471947,0.08956929,-0.46664843,0.4438565,-0.070616685,0.41933122,-0.54960513,-0.2817398,0.1209573,0.5613165,-0.2463375,-0.45381752,-0.8082699,0.61621517,0.0100386785,-0.51081777,-0.67010444
usa_40_106,0,usa,0.5872739,-0.113179296,-0.17450841,-0.32173705,0.25318477,-0.55845124,-0.7088305,0.20812017,0.12862995,0.050324544,-0.34647006,1.1078483,-0.11628376,-0.29657382,0.6087521,-0.38231298,0.3730449,-0.7649725,-0.18571728,0.26179397,-0.058596756,-0.38822207,0.9263089,-0.7640806,-0.7814251,0.36718908,0.28701973,1.1022224,-1.0741029,0.31114525,0.28064007,-0.27902374,-0.44619483,0.37397328,0.40322754,0.14850542,0.35370946,0.063674636,0.23294376,0.51178133,0.2062932,0.32055917,-0.2082292,-0.0065022623,0.013481084,-0.46504936,0.38710272,0.22040291,-0.12646508,0.011262357,0.8111645,-1.3303976,0.34144378,-0.9005054,-0.4569239,-0.35735244,0.45997912,-0.10426102,-0.057946514,-0.07455279,-0.03390261,-0.35457087,0.20231178,-0.61527395
usa_12_35,1,usa,-0.38820252,-1.140514,-0.13466422,0.11605851,-0.1852767,-0.22144523,0.5979213,0.975219,0.56301683,0.3011313,-1.3677878,0.8216177,0.59900457,0.18128262,0.9023418,-0.3094319,-0.26624125,0.72024935,-0.9124516,-0.58898956,0.42118064,-1.0891628,1.0894743,0.6349851,0.73411936,0.16628787,0.9235376,1.346355,0.63421637,-0.0011657467,0.020202933,0.8116784,0.076282054,0.7690918,-0.03780771,-0.059957307,0.51510674,0.6735961,0.009711537,-0.031181164,-0.62313294,0.583901,-0.06568853,-0.11099849,0.36959094,0.85063887,-0.33706012,1.2456788,1.0147097,0.08873361,0.04575314,0.20538531,0.3350805,-0.9251781,-0.6127349,0.73162913,-0.07222704,0.3358829,1.0220311,-1.3695543,0.05874431,0.23020992,-0.9365679,-0.11094857
usa_12_113,0,usa,-0.14535369,-1.2508993,-0.2696656,0.035718847,-0.08291781,-0.17145403,0.58469856,1.137399,0.7729453,0.26950398,-1.5150338,0.70088756,0.5038015,0.18515594,0.95254,-0.22736163,-0.22714433,0.641156,-0.99155635,-0.39685827,0.40891466,-1.1035252,1.1214722,0.47091165,0.61432755,0.2358365,0.83137804,1.2362502,0.5979368,0.05168146,-0.12944539,0.52854216,0.24516726,0.73852813,0.19045752,-0.24695903,0.80275023,0.7099994,0.15336694,0.049408153,-0.7112148,0.79366004,-0.21801251,-0.0005536238,0.2461251,1.3421336,-0.26275927,1.0399245,1.0242499,-0.1353947,0.071323566,0.16252853,0.47065434,-1.102945,-0.88721347,0.5583513,0.15572168,0.3332205,0.9269515,-1.5780671,0.21365257,0.42872792,-1.0146701,-0.08448523
usa_35_113,0,usa,0.14956194,-0.7970492,-0.84642166,-0.414199,0.10550117,0.37472853,-0.024534293,0.64338374,0.24335325,-0.4048953,-1.2695409,0.42443138,-0.1445725,-0.18171144,0.92391825,-0.04593733,0.22218904,-0.13918735,-0.5874854,0.34724298,0.020298788,-0.98349947,1.0722796,0.15443157,0.31767243,0.5285062,1.1375386,0.5912762,0.093500316,0.55333924,-0.6666472,0.12048178,0.7171983,0.15913515,0.5698051,-0.7792353,-0.12443568,1.074692,-0.18126713,0.08130308,-0.5090032,0.64825577,-0.12643774,-0.4626183,-0.59357387,1.3528132,-0.8718413,0.36023638,0.13758598,-0.45922148,0.30454776,-0.021374311,0.5209965,-1.06399,-1.0831414,-0.15025072,0.9907359,0.01805373,0.48625076,-1.5423317,0.73900825,0.04126343,-1.2474986,-0.5489977
usa_73_96,0,usa,-0.08074428,-1.2187595,-0.38994637,0.012149019,-0.16889533,-0.09841069,0.5725667,1.0420107,0.50890917,0.05060546,-1.4869679,0.77778023,0.33449838,0.022949014,1.0274851,-0.15642773,-0.119698375,0.38973176,-0.78089076,-0.23308389,0.3077374,-1.0409842,1.3277476,0.4462873,0.60507977,0.2931786,0.9981183,1.0583798,0.41748685,0.11844157,-0.15006739,0.48734224,0.37483627,0.6543883,0.26554468,-0.34634706,0.43413055,0.82756674,0.092122234,0.03418704,-0.6431208,0.817123,-0.1416668,-0.13229872,-0.03942646,1.3403292,-0.48159733,0.85842025,0.81859404,-0.20612606,0.21893315,0.15052542,0.43832663,-1.0338129,-0.990376,0.42408037,0.29866576,0.14761846,0.9345247,-1.6514702,0.20207454,0.41299137,-1.1420528,-0.28929454
usa_12_14,0,usa,-0.033214293,-0.14912505,-1.2667401,-0.6255355,0.3681252,0.6059162,-0.49485707,0.15917136,0.07352085,-0.6434285,-1.1765194,0.3873669,-0.36356935,-0.63053703,0.93882316,0.5053932,0.8259839,-0.39439183,-0.43098354,0.61678374,-0.15202281,-0.97719944,1.1492773,0.04883443,-0.18413486,0.7467299,1.113509,0.49206802,-0.18361165,0.9707356,-0.824741,-0.26376057,0.57595253,-0.039842367,0.76787317,-1.3369665,-0.61888826,1.2306464,-0.26536536,0.65557694,-0.36040473,0.26390895,-0.52711993,-0.79234964,-0.81498486,1.26383,-0.8429851,0.13663739,-0.07722893,-0.49400887,0.19538707,-0.31065995,0.54110575,-1.1031128,-0.9376009,-0.35539272,0.9141284,-0.13814758,-0.29381448,-1.2179558,1.024895,0.6087136,-1.0871296,-0.78880924
usa_14_106,0,usa,-0.02261979,-0.35914224,-0.6701478,-0.477449,0.15654561,0.31100646,-0.3781929,0.16122222,-0.054518383,-0.13890643,-0.6652724,0.41601774,-0.33676744,-0.51582557,0.60031796,0.0211639,0.47682875,0.119832024,-0.25882542,0.24504939,-0.22044195,-0.7764174,0.76572084,0.17859575,0.07226911,0.6245503,0.9288136,0.54389954,-0.029097546,0.66186416,-0.39496943,0.19086471,0.3031152,0.307705,0.34508243,-0.86726636,-0.18978885,0.85561657,-0.29132116,0.35494167,-0.25355017,-0.029026212,-0.21727818,-0.5491553,-0.27737066,0.55596054,-0.4667021,0.6984648,-0.14610787,-0.18221214,0.2027767,-0.27366972,0.47245103,-0.84484935,-0.5499274,0.001766446,0.59628904,-0.23258144,-0.1464964,-0.75518626,0.62459934,0.24653506,-0.7821446,-0.36129874
usa_12_106,0,usa,-1.22636,-0.24848785,-0.80180705,-0.32039064,0.4830597,0.42133257,-0.3894764,-0.5051667,0.010701209,-0.9279768,-1.3496517,1.0616925,0.21524988,-0.15722452,1.2256422,0.16106133,0.07227531,0.15007588,0.19734809,-0.09446072,0.66044426,-0.82767123,1.594664,0.01565798,-0.13024928,1.0307134,0.9641871,1.7214801,-0.066316076,0.67374563,0.14256014,-0.23432931,-0.20977631,-0.33228695,0.67298806,-1.1887585,-0.6346481,1.4980408,-0.18108283,0.045863196,0.14028317,0.29457468,-0.5786646,-0.30036372,-0.27875537,0.40371358,-0.16389628,0.41473806,0.30416742,-0.45410126,0.82761765,-0.110296,0.36158732,-0.78540593,0.06870367,-0.1586151,0.41442156,-0.18050295,0.023077693,-0.8816106,0.5751582,0.5382871,-0.40694094,-0.5815103
usa_8_97,0,usa,0.23698848,-0.6188727,-1.2114693,-0.59425217,0.21078733,0.731069,-0.3016132,0.4813865,-0.10929376,-0.77020323,-0.972696,0.3832694,-0.41985852,-0.46725076,0.898192,0.35210404,0.59747595,-0.3637599,-0.281534,0.67460126,-0.027578656,-1.0355713,1.1570145,0.016945194,0.034620833,0.8255738,1.1849782,0.26410106,-0.23198356,0.75180024,-0.71284425,-0.21270294,0.77605677,0.11379916,0.80554354,-1.244577,-0.48625702,1.2157701,-0.32341212,0.15967989,-0.24486949,0.5764157,-0.44739792,-0.76769716,-0.82226974,1.513811,-1.021056,0.10777532,-0.15147711,-0.6412617,0.56258357,-0.17194486,0.49056432,-1.2764298,-1.1475257,-0.39805657,1.1214955,-0.33819413,0.2164004,-1.5360327,1.0146781,0.2878095,-1.3171588,-0.877649
usa_97_104,0,usa,0.28878254,0.41235986,-1.6090693,-0.8015699,0.95725584,1.238438,-0.5359488,-1.1166667,-1.6203448,-2.368879,-0.23535767,-0.3199508,-1.6810889,-0.8293653,0.7280364,1.8334925,1.8988248,-1.9212116,0.44584298,1.2944198,-0.115415536,-1.5391635,1.3957092,-1.2329508,-1.6259253,1.4893768,1.2341391,-1.3815335,-1.8927954,-0.17103685,-2.3879242,-2.416164,1.7024871,-1.4685686,0.66646963,-2.159822,-1.5680127,2.7126281,-1.0694494,0.07658412,0.7729678,0.64435613,-1.8464936,-2.2385793,-0.5349596,2.7497523,-1.1648916,-1.2121345,-0.7704435,-2.035047,1.0887281,-0.7481727,-0.07611544,-1.1887922,-1.7008929,-1.2869607,2.7482,-1.6011652,-0.730693,-1.4730506,1.5203415,0.62714785,-1.8810072,-2.1869643
usa_73_99,1,usa,-1.164618,-0.9231636,0.87591535,1.0525099,-0.09802198,-0.72593355,1.1782222,1.0636282,1.2586403,1.4151034,-0.9042558,1.0945709,1.6228504,1.5195019,-0.56205344,-1.220855,-1.2641368,1.7927672,-0.4860055,-1.4426153,1.5701468,0.14781162,0.3798561,0.8788543,1.0663389,-0.9930194,0.179668,2.4273171,1.0318938,-0.92239124,0.8430745,1.3970731,-0.32592762,0.5341006,-0.55014515,0.4777215,1.9291518,-0.9473668,1.2099254,-0.54844105,-0.5765007,-0.1962764,-0.18141833,1.2766619,1.3576779,-0.61666167,1.6046047,1.3501917,1.4920535,0.924738,-1.0352107,-0.17880374,-0.42093894,-0.99065834,0.6433565,1.5329646,-1.9354888,1.6230074,1.6471573,0.35247558,-1.2876561,-0.41267183,0.21820077,1.2689278
usa_22_116,1,usa,-0.31512278,-2.6329956,1.7338314,2.652953,-2.5167298,-1.9890718,2.5741096,1.8599217,2.5926673,1.1651826,-0.17553586,1.2657475,1.6133775,0.71011674,0.25259912,-0.6151928,-1.0257287,2.3600297,-0.016878482,-0.3915465,-0.4761628,0.8202803,1.1186289,1.4275306,0.7516064,-2.6259117,-1.7258395,-0.18242717,0.047556635,-0.5943428,2.1859386,0.019864567,-0.74502313,1.4356887,-2.163408,2.026649,1.6578267,0.0050321445,0.74193686,1.0123435,0.34722817,1.8055413,0.6808548,0.44931838,0.92568666,-1.2807753,1.1616851,-0.5240423,0.46910086,1.9577422,0.47140315,1.544716,-0.5829288,-2.2620797,2.2346787,0.939402,-0.060049705,-0.15931179,1.5649109,0.9426538,-1.7452914,-2.2381532,1.6411586,1.02708
usa_43_116,1,usa,-0.8101674,-1.3274072,0.3098714,1.4554762,-1.5476528,-0.9158968,1.1717662,1.541178,2.2221324,2.4145215,0.066506185,1.3863211,1.4890921,1.4420978,-0.5255594,-1.0134577,-1.1772337,2.3268886,-1.680933,-1.4611244,0.6596134,0.7950522,-1.3151034,0.99835765,0.8440033,-1.7846106,-0.98218906,2.0689263,0.97767067,-0.2785629,0.6207106,0.2810995,-0.8545826,0.25081524,-1.5945908,1.7687391,2.3125126,-0.38613072,0.059397284,-0.8158967,-0.62056553,0.39971918,-0.5974976,1.231516,0.8864543,0.6951949,0.7251807,1.5889862,1.0429736,1.0650764,-0.99513507,-0.2226641,-0.19904979,-0.56139165,0.58295333,0.59083056,0.6054083,1.5637685,1.0684581,1.1304379,-0.4629479,-1.4710695,1.2846158,0.63391757
usa_64_116,1,usa,-0.018008385,-1.1293212,0.46523684,0.7076063,-0.4250399,-0.8400035,0.8320906,0.86921924,1.0022233,1.2138269,-0.4292309,0.8800289,0.9920854,0.3363461,0.2714257,-0.7558306,-0.23999797,1.0676357,-1.0216132,-0.52853304,0.2717137,-0.3819312,-0.0042529893,-0.05704043,0.405786,-0.3984357,-0.11208066,0.6709507,0.072280444,-0.8091432,0.5391386,0.5438355,-0.31127796,1.13025,-0.55371296,0.31479433,0.28404832,-0.599087,0.50268376,-0.20002554,-0.33318585,0.8672682,0.12573193,0.29269534,0.30131856,0.28222853,0.7559314,0.3577846,0.5563021,0.76998794,-0.2978929,-0.03747481,0.54439974,-0.97555745,-0.26354823,0.46022472,-0.12310384,0.43485364,0.5430065,-0.8658646,-0.15239592,-0.8932103,-0.088172875,0.28970903
usa_6_73,0,usa,-0.7425539,-0.6409558,0.524438,0.7340111,-1.0494401,-0.8365431,-0.6781554,-0.2323963,0.60027623,0.26179242,-1.4557769,-0.07306341,0.7425573,0.52447677,-0.6750278,-0.40779555,-0.47293603,0.9447495,-0.04524929,-0.7512303,0.54807246,-0.0017663073,-0.3519526,-0.4301301,-0.98089224,-0.3615788,0.46330133,2.0623398,1.2594916,-0.94556326,1.8844938,0.49761248,0.045370948,0.90958285,-0.3063336,0.44815406,1.4969237,-0.12819588,0.58459044,-0.90774065,-0.85703534,0.81253994,0.11490029,-0.09517937,0.66067064,-0.075136006,1.9891914,0.761644,0.74418086,-0.13247521,-0.33078378,-0.25126314,0.38806576,0.27247068,0.38544935,-0.05110777,0.11206903,1.2965219,0.7860206,0.6947574,-0.9892379,0.18372343,1.5562669,1.1148207
usa_39_73,0,usa,-0.29760945,-1.0654733,-0.34667602,-0.027439145,-0.041400053,-0.15059379,0.4573029,0.7445096,0.6311316,0.07863193,-1.4222199,0.62771744,0.3715249,0.019674586,0.96201265,-0.23590331,-0.14693785,0.55183405,-0.88596255,-0.23047401,0.22761284,-1.068167,1.1305901,0.5218368,0.58115196,0.3760052,0.9167075,1.06508,0.5657325,0.19606964,-0.1863446,0.5227321,0.2798351,0.7391804,0.053730667,-0.33275783,0.64316916,0.7697841,-0.052272744,0.17664175,-0.5215343,0.58296907,-0.2070362,-0.28632435,0.14568499,1.2324734,-0.22006604,1.2089825,0.830803,-0.09899582,0.03099249,-0.14198196,0.5011657,-1.1794976,-0.86040753,0.4079188,0.18296881,0.29974684,0.6705792,-1.455592,0.2700779,0.4486267,-0.96987367,-0.088940926
usa_8_109,0,usa,-0.1512866,-1.0670614,-0.37684375,0.0018942663,-0.18469802,-0.10244209,0.52654594,0.96195906,0.5597105,0.11086299,-1.451329,0.70628047,0.43767673,0.13076088,0.99700135,-0.2305331,-0.12623069,0.5059177,-0.9147655,-0.36159948,0.32093975,-1.0455022,1.1716344,0.5130363,0.6869233,0.20465623,1.0112821,1.1598096,0.54994464,0.04683659,-0.1770515,0.58897567,0.41142312,0.74749947,0.22408219,-0.36550537,0.43191847,0.8154218,0.053035576,0.05154883,-0.6380643,0.67240363,-0.083630875,-0.2079084,0.1576193,1.1983976,-0.42023113,1.0745357,0.87550616,-0.24668245,0.19264826,0.09375859,0.44534478,-1.0709434,-0.95365465,0.5100813,0.27557564,0.24291013,0.9415366,-1.5289476,0.14499511,0.289518,-1.0461345,-0.3310484
usa_104_109,0,usa,-0.2815765,-0.70742625,-0.48996133,-0.05448451,-0.008425847,0.079820916,0.27627358,0.7033973,0.22828273,0.012927135,-1.1048625,0.6194823,0.35915464,0.006084769,0.7124027,-0.054775663,0.12666039,0.34698656,-0.73323214,-0.36295602,0.3187036,-0.9510205,0.9856576,0.5843047,0.5158058,0.44130608,0.93258655,1.152369,0.45729592,0.2223457,-0.016223922,0.51535046,0.18695024,0.4787548,0.25883365,-0.46083555,0.15955324,0.8478711,-0.042630054,0.07329181,-0.4963982,0.47529286,-0.17457347,-0.21374129,0.18905786,0.74883485,-0.40883082,0.99017066,0.58852315,-0.039191622,0.14138047,0.09406117,0.28891373,-0.81001043,-0.61415315,0.4083584,0.18706645,0.13726479,0.56581956,-1.224359,0.3083382,0.28094888,-0.8856358,-0.45618194
usa_35_53,0,usa,0.9880675,-0.14072752,0.13335384,-0.20007256,-0.7113238,-0.51501167,-0.046453208,1.0595391,0.6145792,0.8922681,0.46577334,0.1549134,0.6229497,0.2630561,0.17085324,-1.2845476,-0.092055604,0.4235824,-0.60531074,-0.3326548,-0.4485271,-0.3040552,0.26837042,0.44783098,0.17059027,0.0891437,0.12071046,0.59940445,0.8631739,0.52126634,0.01821594,0.3659964,0.2835291,0.30059958,-0.50594103,0.17812112,1.3621337,0.8469631,0.22062275,-0.54894346,-1.0313876,-0.23818581,0.19336618,-0.45610625,0.46549505,0.89208543,-0.35347456,1.4123467,0.35759443,0.3699734,-0.20269011,-0.06472,0.68025964,-0.09629159,-0.76052636,0.25525764,1.4479558,0.19403397,0.5844819,-0.54104435,-0.06575186,-1.1575538,0.3530378,-0.19341108
usa_36_69,0,usa,-0.031194814,-0.24276803,-1.11979,0.59543693,1.1137067,0.8532647,0.16044402,-0.18795627,-0.8631021,-2.0012515,0.045765888,1.4436262,-0.055566736,-0.92381895,1.5101924,1.614524,0.6399638,-0.894244,0.86436325,0.819053,0.12263152,-1.1862615,1.8353705,-0.5769476,-0.4256914,0.89502734,1.1705384,-0.20938763,-0.59080017,0.49614766,-0.7247487,-1.735099,1.0798819,-1.0705974,0.521843,-0.58390546,-0.536446,2.3182456,-1.0729352,-0.29478094,0.5027363,0.9311624,-1.535417,-1.6127702,-1.0963347,1.7018088,-1.4451834,-0.8439833,-0.9526755,-1.3165386,1.534138,-1.06635,-0.19674319,-0.27078804,-0.9865276,-1.177704,1.455323,-1.4496205,-0.36455014,-1.8198107,0.90440816,-0.23992595,-1.5787334,-1.2445561
usa_36_73,0,usa,0.18073559,-1.1232029,-0.3391103,-0.2696391,-0.074091904,-0.08515846,0.29710737,0.86697966,0.4007856,0.20280427,-1.2679334,0.50317156,0.10117601,-0.15573718,0.8604946,-0.0785909,0.016493697,0.21658817,-0.7983606,-0.09703651,0.14157687,-1.0129894,0.9046186,0.4066472,0.6541552,0.35848624,0.98446506,0.8396865,0.37796772,0.22659959,-0.4944892,0.343824,0.45913294,0.69095695,0.3178498,-0.46233472,0.5131036,0.7599043,0.07522781,-0.08033432,-0.52732104,0.72231156,-0.052402634,-0.249991,-0.07115149,1.2690244,-0.50145125,0.91933745,0.57959706,-0.2561819,0.16835524,0.12777837,0.5353165,-1.0160972,-1.0203054,0.45932063,0.6746488,-0.12249433,0.7844326,-1.4418309,0.30357385,0.44186777,-1.1093204,-0.25729468
usa_69_73,1,usa,0.011434467,-1.0885044,-0.35271457,-0.12642488,-0.045663483,-0.107176304,0.43908015,0.9682508,0.52901864,0.21385555,-1.3790125,0.6016097,0.27790585,-0.071405046,0.8453591,-0.20543051,-0.08196806,0.34809738,-0.88860273,-0.30779046,0.25044385,-1.0619539,0.8115262,0.4510732,0.7203739,0.25613382,0.92255753,0.96473587,0.5448535,0.18346591,-0.29002354,0.43832234,0.39983848,0.7535469,0.19727276,-0.3915042,0.5319603,0.7399064,0.14091413,-0.10210262,-0.6406983,0.67340183,-0.0118760085,-0.16073869,0.17280455,1.2074778,-0.42036206,1.0312065,0.72564113,-0.27710164,0.1267912,0.1681703,0.41509962,-1.0488671,-0.8972789,0.5403294,0.47078404,0.09298472,0.8016876,-1.4885919,0.23414181,0.35282958,-1.0259521,-0.1714968
usa_15_110,0,usa,0.10882947,-0.9017373,-0.93888456,-0.27319902,0.22162749,0.16777936,0.017007936,0.35488158,0.07461013,-0.38106546,-1.3499777,0.4718491,-0.08665651,-0.38209575,1.164005,0.014735457,0.43704402,-0.13277458,-0.5352887,0.46248323,-0.07028018,-1.0174768,1.2117338,0.21675119,0.28162014,0.5938314,1.1488208,0.2839153,-0.24249806,0.5005254,-0.7236365,-0.13766071,0.6004977,0.40433225,0.4066119,-0.85533434,-0.29483235,0.9092975,-0.20568146,0.0119397715,-0.34217453,1.1033494,-0.30946273,-0.7880534,-0.7734277,1.511878,-0.68717384,0.3473561,0.13011509,-0.5623087,0.36153015,-0.2934615,0.6313888,-1.1245813,-1.2555453,-0.31181198,0.9356812,-0.07796177,0.3907002,-1.6332389,0.6994397,0.37888333,-1.265712,-0.57273436
usa_15_112,0,usa,-0.38010365,0.012926443,-0.70576155,-0.5396646,0.38306928,-0.48228198,0.083128616,-0.3284529,0.36436743,-0.22123572,-0.09916677,0.5223108,0.6977414,0.08942003,0.9749819,0.7046166,-0.49225646,1.192123,-0.43612176,1.0860392,-0.22327122,-0.45512033,0.89093465,-0.25426838,0.0071852636,0.20598002,1.3882695,0.25620228,-0.5785112,-0.4331837,0.37507147,-0.17181718,0.5359623,0.47725767,-0.1973202,-0.7658816,-0.27728233,0.13059855,0.079946995,0.7721984,0.59589505,0.69600797,-0.9891841,-0.25345606,-0.19075455,0.057316452,1.0033699,-0.24018556,0.014005941,0.18240298,0.163756,-0.37859732,1.4916834,-0.53881633,-0.45084524,-0.008275315,0.4722896,-0.06400647,-0.09189746,-0.5626506,0.25546786,-0.5696983,0.26065558,-0.3550202
usa_15_73,0,usa,-0.0043031294,-0.9241225,-0.96035737,-0.25424653,0.39044714,-0.5373011,0.61167914,0.6585555,0.61360025,0.41080415,-0.20551483,0.2806653,0.72923315,-0.2012062,0.36984274,0.5218374,-0.13309038,0.42927596,-0.13397431,-0.3409005,0.8366355,-0.3561155,0.55936563,0.5995216,0.5585887,0.22997169,0.5923299,0.40133074,-0.048036896,0.445829,0.28598496,-0.37466604,-0.13698739,-0.09867782,0.082822986,-0.885317,0.63379145,1.1563463,-0.086406305,-0.18682809,-0.9945868,0.4313625,-1.0728791,0.48469028,0.1698652,1.5186905,-0.6490962,0.5458037,-0.34172663,-0.29885712,0.7607193,0.07110071,-0.20621829,0.59478617,-0.556611,0.87858707,0.5454811,-0.6564649,-0.5486967,-1.3934058,0.17338741,-0.20043276,-0.3774842,-0.73315287
usa_78_101,1,usa,-0.10552693,-1.1254983,-0.30446717,-0.011577684,-0.14462757,-0.08772424,0.47730297,1.0128225,0.40729386,0.0947282,-1.2733238,0.6837814,0.379585,0.005523635,0.85512304,-0.1786036,-0.09765623,0.48061755,-0.78210914,-0.32457632,0.34452787,-1.0345478,1.1103044,0.5337941,0.6633719,0.38148424,0.9601842,1.0686958,0.44904676,0.112648025,-0.010479153,0.60816985,0.29865986,0.7380371,0.16666964,-0.23893654,0.52817804,0.70679253,-0.006770325,-0.0051561217,-0.6188776,0.7187409,-0.07837811,-0.10180301,0.07840241,1.07359,-0.39886063,0.9770229,0.7783093,-0.1356296,0.16024725,0.121167675,0.42170215,-0.8905361,-0.8171095,0.3940463,0.21044602,0.16676474,0.86865526,-1.4765168,0.21323706,0.35017017,-1.0002723,-0.23016797
usa_8_12,0,usa,0.22853126,-0.87840164,-0.8897487,-0.36913985,0.03291192,0.14784446,-0.060254056,0.531318,0.11145604,-0.24719389,-1.2640222,0.45777953,-0.13355426,-0.4206223,1.0204728,-0.075976714,0.3333323,-0.038485013,-0.43362108,0.4286351,-0.094634265,-0.9741128,1.1325068,-0.02768719,0.42064384,0.6126288,1.1538924,0.42897448,-0.20757836,0.49013957,-0.7833419,0.051393945,0.76843226,0.38615653,0.52055126,-0.801509,-0.172555,1.0154297,-0.329921,0.08583279,-0.301902,0.86707044,-0.10481069,-0.58802426,-0.6452612,1.39044,-0.8340893,0.4275792,0.08407794,-0.52423805,0.4195066,-0.20582935,0.66498893,-1.2286818,-1.333322,-0.13294777,0.91896534,-0.09112578,0.36062914,-1.5917741,0.5407311,0.2451086,-1.1445571,-0.5905891
usa_12_104,1,usa,-1.0682663,-0.9158391,0.036138263,0.16453828,0.21916114,-0.07858402,0.4487992,0.28917968,0.3700444,0.6871565,-0.6424933,0.84697753,0.67186826,0.6962879,0.46500608,-0.22113492,-0.82079583,0.5587352,-0.691964,-1.0756211,0.71337914,-0.82631016,1.0414671,0.54054534,0.9082603,0.08803908,0.8340882,1.575623,0.5742746,0.036956035,0.44855633,0.7984725,-0.34598672,0.051772185,0.091574505,0.102595076,0.43115917,0.3386765,0.009753964,0.02267229,-0.34073913,-0.057995897,-0.16551286,0.6758061,0.7461875,-0.4620173,-0.06399976,1.1612657,0.28356576,0.38530228,0.21477863,0.135034,0.34485292,-0.2647612,0.53603524,1.0416222,-0.93370676,0.56843275,0.5838241,-0.28247455,0.14531986,0.4221482,-0.4002258,0.22401147
usa_12_62,0,usa,0.04283841,-1.1133336,-0.44266924,-0.056987926,-0.11946183,0.037886202,0.42043874,0.9815625,0.3861416,-0.055249397,-1.3092992,0.6653076,0.27388266,-0.087744825,0.9419149,-0.07820898,-0.004356209,0.32847536,-0.7264047,-0.16524032,0.2802085,-1.0246252,1.1608088,0.43427175,0.5862736,0.42852867,0.9950626,0.9587613,0.3162898,0.20890233,-0.15363444,0.46480733,0.39328843,0.6723162,0.2763786,-0.44614723,0.3710375,0.82746243,-0.0037975311,0.050727338,-0.5818723,0.79357433,-0.16651294,-0.16191627,-0.124556944,1.2649894,-0.52298456,0.812834,0.6579887,-0.26963344,0.2542321,0.057917975,0.47489706,-0.95569634,-0.9250479,0.3030986,0.38279504,0.043858286,0.8117826,-1.5416796,0.33074474,0.3852051,-1.1224521,-0.3862336
usa_8_103,0,usa,-0.04627831,-1.2488501,-0.36580285,0.011818585,-0.17131223,-0.10916532,0.5846343,1.0628523,0.5216998,0.038207643,-1.4898417,0.7109846,0.3728862,0.05297186,1.0346634,-0.18696493,-0.14940967,0.42938212,-0.8490756,-0.26147875,0.31630617,-1.0692564,1.2514749,0.46667325,0.6799023,0.29075903,0.98422194,1.0873063,0.4213838,0.12551261,-0.1435531,0.5032172,0.39232555,0.7142035,0.27553508,-0.3243769,0.5016847,0.83730906,0.06950347,-0.011907944,-0.6128012,0.85548925,-0.120424174,-0.12433532,-0.020337485,1.3691224,-0.4743583,0.8868988,0.82030135,-0.25694647,0.20797633,0.21460195,0.4766547,-1.0399549,-1.005939,0.428405,0.35478666,0.18436779,1.0256642,-1.6575184,0.18626423,0.40074718,-1.1647624,-0.2850204
usa_40_92,0,usa,-0.31486967,-0.3208735,0.482604,1.0160484,-0.20122212,-0.42145827,1.4063163,1.4722704,1.059532,1.2216895,-0.8429917,2.1524851,1.0464944,1.6817994,0.36757386,-1.4751781,-1.160361,1.1236644,0.41873047,-1.105213,1.5583326,0.1511155,1.1227658,0.8839226,1.0032264,-0.7404058,0.49566415,1.9248857,0.3899909,-1.0754647,1.9189602,1.3795016,-0.32609555,-0.6554126,0.27048028,0.072112836,1.577609,-0.57646924,1.5561342,-0.26830733,-0.20221302,-0.3162365,-0.47527337,1.8120844,0.756455,0.013406778,0.6857542,1.7035192,1.662753,0.7144481,-0.75731826,0.040400617,-0.44203067,-0.46414933,-0.177447,1.1635028,-1.5296503,1.3442312,2.612726,0.47770646,-0.71136427,-1.1675328,0.60155696,1.6137354
usa_104_106,0,usa,0.3097515,-0.25350454,-0.5453105,-0.63396674,0.32610542,0.46661144,-0.46290803,0.14870381,0.023933344,-0.14251843,-0.886735,0.25570002,-0.28116214,-0.46122795,0.5581809,0.17710958,0.4465257,-0.40395254,-0.26869553,0.4140481,-0.3610456,-0.6635325,0.6020534,-0.092979684,0.094361365,0.50286925,1.0228229,0.39988184,-0.23981853,0.74109536,-0.55186075,-0.036585163,0.67707086,-0.13787426,0.41841742,-0.8111338,-0.2459508,0.6727288,-0.25237116,0.30297846,-0.1520705,0.30026707,-0.034974664,-0.4601316,-0.60627556,0.8262071,-0.34421378,0.2750503,-0.3555347,-0.30643976,0.1722769,-0.19356279,0.6446829,-0.6738199,-0.8968164,-0.17485698,0.7695419,0.112519495,-0.061255757,-0.70968336,0.81652087,0.1616305,-0.769254,-0.31648788
usa_3_83,0,usa,-0.005951507,-1.0931739,-0.2721973,-0.23661868,-0.016748296,-0.034372233,0.34165403,0.76086134,0.31303114,0.04331946,-1.141827,0.3873145,0.06952346,-0.060997173,0.6603251,-0.05371032,-0.10380534,0.20803092,-0.7144241,0.10171366,0.023515033,-0.9604759,1.0263274,0.35733482,0.5800829,0.31412926,0.96283144,0.8351157,0.34165528,0.30354035,-0.45209038,0.39411068,0.54568875,0.5751975,0.27223453,-0.30188945,0.41127113,0.7393204,-0.18432398,-0.033905495,-0.3621236,0.6986017,-0.15868387,-0.2898575,-0.22645903,1.1075596,-0.5413389,0.80953646,0.43939134,-0.18503708,0.28223288,-0.06327407,0.5441693,-1.0544684,-0.9581288,0.26961038,0.51743984,-0.059607226,0.7183213,-1.3384216,0.4258522,0.15842643,-1.0528028,-0.29526037
usa_3_7,0,usa,-0.05289342,-1.2497834,-0.36204165,0.01747924,-0.16974406,-0.111036316,0.5853247,1.0636593,0.5249234,0.041947406,-1.4898026,0.7055601,0.37555546,0.05625562,1.0244138,-0.18949775,-0.15512748,0.43309188,-0.85262454,-0.2656421,0.3144219,-1.0688894,1.2454717,0.47147402,0.6802658,0.28371334,0.98257756,1.0867413,0.42243567,0.12521857,-0.13762996,0.50433743,0.39063734,0.7210448,0.27172038,-0.32226574,0.50575846,0.83342475,0.07070836,-0.016460612,-0.6054764,0.85123414,-0.117578365,-0.12163013,-0.016319001,1.3649668,-0.4690876,0.8915256,0.82590586,-0.2489145,0.20337786,0.21152693,0.47387567,-1.0380173,-1.0049661,0.42796388,0.3520295,0.18630989,1.0319308,-1.6527809,0.18808395,0.40078872,-1.1629807,-0.2794127
usa_3_73,1,usa,-0.31293285,-1.0769434,0.075547874,-0.30966455,0.36903,-0.092604406,0.5238752,0.60007644,0.90317893,1.6202183,-0.33899105,-0.09920889,0.3684292,0.6828454,0.03373868,0.0689502,-0.19080262,0.8382968,-0.967418,-0.9011809,-0.44844425,-0.2094288,0.60893095,0.7252435,0.9239427,-0.37341708,0.47736084,1.2568076,0.444392,0.60003483,-0.008628194,0.9696709,-0.021227058,0.81306887,-0.8066079,-0.100395784,1.350624,-0.2788918,-0.83161247,-0.5728789,-0.28959388,0.68534076,-0.33996686,0.35095027,0.20150302,-0.24604967,0.57023674,0.7714482,0.14701039,-0.043521725,-0.43877602,-0.1004938,0.95548624,-0.47442147,0.40376452,0.93974525,-0.05293807,0.6833004,0.34725657,0.23998314,-0.07420068,-0.094349444,0.10884035,0.25093755
usa_3_6,0,usa,-0.22315502,-0.30052245,-0.7448178,-0.35878813,0.68264407,0.39617923,-0.38064185,-0.07432906,0.057666242,-0.19819623,-0.56242895,0.17879257,-0.12833115,-0.32781178,0.50065863,0.23734604,0.5257618,-0.047918856,-0.64681077,0.2336972,-0.2545005,-0.8576749,0.7053931,0.10592845,-0.25925705,0.5606282,0.8841784,0.2871626,-0.17792241,0.5435026,-0.5524644,-0.26797563,0.16196886,0.14699763,0.38736382,-0.8408185,-0.16222423,0.7561196,-0.09949189,0.07806439,-0.47013754,0.28979716,-0.4898154,-0.55815536,-0.43854365,0.9306267,-0.5192565,0.29256073,-0.07431529,-0.27931666,0.044157967,-0.6539181,0.5344197,-0.8616399,-0.55879515,-0.24723974,0.5565707,-0.05074811,-0.18564859,-0.8208038,0.99658585,0.24741727,-0.80747086,-0.35511255
usa_12_101,1,usa,-0.044962138,-1.2445997,-0.37511024,0.006582888,-0.1640535,-0.09603394,0.57725716,1.0545952,0.51703185,0.029231172,-1.4901925,0.7031415,0.36630452,0.04759449,1.032141,-0.185218,-0.14545514,0.41594982,-0.84505993,-0.25326312,0.31079835,-1.067878,1.2481871,0.4675128,0.6799957,0.29227045,0.9906225,1.075593,0.4093904,0.13457046,-0.1474123,0.4967309,0.40335783,0.7082542,0.28267795,-0.33474514,0.49035254,0.84524524,0.06404939,-0.012316357,-0.60442877,0.8528138,-0.11894994,-0.12685986,-0.03103402,1.3727179,-0.474545,0.88251364,0.8100918,-0.25757512,0.21123287,0.20786627,0.47899926,-1.0390687,-1.011206,0.41422385,0.36604297,0.1836527,1.0238234,-1.6556942,0.19924808,0.39802253,-1.1689523,-0.29025993
usa_99_101,1,usa,-0.16818623,-0.9957685,-0.0936159,0.23807071,-0.03338309,-0.46585426,0.48754194,0.9434859,0.9078099,0.58033377,-1.4448867,0.74559796,0.65655375,0.14344606,0.7260651,-0.47443283,-0.24040917,0.8162143,-1.0683508,-0.44836143,0.43564522,-0.9920384,0.87987787,0.41890094,0.5562835,0.16732527,0.5259978,1.2500055,0.41402817,-0.17572439,0.08401268,0.5312832,-0.19092122,0.6920222,-0.095563784,-0.22303846,0.68823886,0.34796903,0.3035506,0.08712205,-0.53903776,0.7492605,-0.09008384,0.17427327,0.3177532,0.95963585,0.1830717,0.96778953,1.0767721,0.26052198,-0.15035185,0.023414891,0.3627553,-0.92087424,-0.6254406,0.52206844,-0.15940979,0.49065036,0.7593815,-1.2065557,-0.019733053,0.21968068,-0.69556355,0.20100582
usa_26_92,0,usa,0.05579798,-0.5623722,-0.6250768,-0.29219306,0.051131256,0.10577335,-0.24441046,0.40896383,0.069968544,-0.1586054,-1.0765259,0.39513615,-0.03202908,-0.23400804,0.7211769,0.09294626,0.5244602,0.0805989,-0.7005187,0.10813583,-0.04201841,-0.9173095,0.8579058,0.2680822,0.22934234,0.5308435,0.94361484,0.7288495,0.009086963,0.31754658,-0.5452264,0.1357255,0.27232608,0.4639226,0.3019749,-0.70191085,-0.2657669,0.8639875,-0.123773485,0.25505465,-0.4576965,0.41206437,-0.15476549,-0.54900676,-0.2807061,0.9353727,-0.64404845,0.43118575,0.2285123,0.030936565,0.10649366,-0.09569571,0.34502617,-0.891863,-0.71568114,0.049923196,0.5570137,-0.14220001,0.32523623,-1.1600082,0.55919677,0.23232543,-0.95572966,-0.53234226
usa_46_73,0,usa,-0.2482685,-0.9514986,-0.5248936,0.05936773,-0.06946839,-0.21840152,0.43910006,0.69673836,0.44583696,0.18901111,-1.1243573,0.72657394,0.40436098,0.073555164,0.85172397,-0.18334636,0.0016601458,0.5422541,-0.63347346,-0.3195654,0.33232594,-1.0932856,0.9413202,0.35974124,0.47705686,0.3647131,0.6895307,1.1365087,0.19335191,0.05759164,-0.00857002,0.32273003,-0.13998806,0.6872923,-0.023750927,-0.39582542,0.32156536,0.69051284,-0.05145066,0.06950667,-0.5998762,0.7429422,-0.25218555,-0.06072927,0.072841525,0.7525673,-0.3134191,0.7903405,0.7484017,0.04988782,0.09546911,-0.004293414,0.26965225,-0.89383537,-0.40036047,0.526575,0.03579053,0.04568821,0.48672518,-1.2251223,0.26103187,0.1886291,-0.7951417,-0.19757545
usa_11_64,1,usa,-0.77459073,-0.21684417,0.610699,2.5395315,-1.0748175,-2.1424778,1.9735253,2.5435572,1.0094466,2.384804,0.7049426,1.1294559,2.2883453,0.100549206,0.3357223,-0.5327313,-2.3170464,1.3843578,-1.054004,-1.229387,2.868196,1.0860096,-0.18004358,2.6406581,1.566878,-1.730878,-1.990617,1.6029077,1.1414543,-2.641409,1.24529,1.0811146,2.1415033,0.84286666,-2.1595247,2.6895864,2.1031618,-0.039388053,0.7756945,-1.0240837,-0.40621614,-0.38691616,1.0524644,2.0366352,3.6101887,-0.07415982,0.20222773,2.2425933,2.050483,1.1602849,-0.041383326,1.3307415,-3.1714466,-0.5760093,-0.646434,1.5974623,-1.8736731,2.5092008,2.9389613,0.750181,-2.4429555,-1.3635027,1.2339052,2.7223828
usa_11_22,1,usa,0.59181446,-1.4957664,0.5278862,1.0951698,-0.9633094,-1.3608168,-0.15985087,2.4788227,0.59073716,0.8773988,-0.9684812,0.7335757,2.1093452,1.0026711,-0.41420457,-0.79140097,-0.20941229,1.0759635,0.17129523,-0.5779583,1.2092,0.14273563,-0.72594357,0.23870485,-0.32757586,-0.31306222,-0.52595246,0.84833837,1.3354394,-1.0771031,2.2394161,1.1279281,-0.20771815,0.2780605,-0.37485164,1.0909605,2.7327497,-0.62530565,0.6656474,-1.1805382,-0.06427263,-0.011576616,-0.32240403,0.85496145,2.012419,0.9371069,1.506902,1.3815114,0.73690885,0.6255341,-1.0955424,0.5017113,-0.5655985,0.5979972,-1.8235515,0.7142143,0.21528138,1.855132,1.8477097,-1.3251432,-0.95604765,-0.10910979,1.8776577,2.8537605
usa_11_43,1,usa,-0.6235227,-0.8918957,0.11914299,0.2936703,0.0569956,-0.34931338,0.6262091,1.0554255,0.42365977,0.6336437,-0.911853,0.73932654,1.089796,0.329354,0.2642954,-0.4194971,-0.5129019,0.96885765,-0.7084824,-0.81863785,0.48400116,-0.82343256,0.5359944,0.73891747,0.5231216,0.06855691,0.6009014,1.2081579,0.88445866,-0.27753875,0.5376074,0.7725508,-0.04461825,0.51941377,-0.068826325,0.39678308,0.78413963,0.09562601,0.22291236,-0.17321134,-0.66069114,0.49692643,0.113139465,0.050957866,0.71927434,0.39770472,0.20545293,1.409573,0.9441553,0.39730117,-0.22873294,-0.079318054,0.068319015,-0.47111973,-0.2648251,0.67631143,-0.62534475,0.76797235,0.9074667,-0.91346765,0.106758855,0.15223078,-0.47320804,0.4101344
usa_8_32,0,usa,-0.055117156,-1.2447311,-0.38287976,0.011779647,-0.15572464,-0.10135649,0.5964552,1.0394955,0.5246985,0.036796615,-1.5020771,0.7362299,0.36906222,0.065256506,1.060204,-0.18070138,-0.16755037,0.43286052,-0.8422156,-0.25901482,0.31940684,-1.077509,1.2625446,0.47184104,0.6840142,0.27992195,1.0084076,1.0754397,0.41100454,0.103264876,-0.13278316,0.49261248,0.40320948,0.70455873,0.26978824,-0.32174,0.47996798,0.837354,0.05530888,-0.0015862929,-0.6025228,0.8735197,-0.12482772,-0.13551596,-0.019989112,1.3761102,-0.46991727,0.8925989,0.8134308,-0.2850482,0.22404528,0.19148913,0.49931908,-1.0432945,-1.014229,0.4246339,0.36005464,0.19101961,1.0291743,-1.6660205,0.18852635,0.39498767,-1.1682913,-0.29297626
usa_43_73,1,usa,0.29587898,-0.015562355,-0.20339213,0.39274672,0.5362772,0.05429648,0.45976236,0.3185851,-0.75484663,0.060914975,0.58736426,0.13643001,0.5463045,-0.0047675315,0.33674,0.83147824,0.4616819,-0.43567154,0.34514853,-0.31175962,0.5215847,-0.38820243,-0.15099013,0.18946588,-0.40560946,-0.35523853,-0.19600411,-0.19557759,-0.07580429,-0.972167,-0.3934265,-0.6372321,1.3827695,-1.0271646,-0.5130248,0.24612449,-0.03613936,0.81906396,0.02299519,-0.25799003,0.3358078,-0.3925068,-0.6876134,-0.38722706,1.4121317,0.831583,-0.23293328,-0.2160348,0.6862489,-0.059547115,0.22325349,0.060869314,-1.4317908,-0.3090248,-0.5256826,0.017310195,0.95049065,-0.03830856,0.2247635,-0.1035062,0.20598367,-0.3501878,-0.30378476,-0.016212724
usa_30_43,1,usa,-2.328899,-1.5929055,1.1263978,1.7255399,-1.1916976,-1.9083643,1.6876123,1.2984014,2.7615936,2.2038,-1.8001851,2.0546758,2.1504514,1.9684608,0.9478812,-1.6683768,-2.1310124,1.8373677,-1.1022449,-3.0145123,1.7454715,-0.15886292,1.1409311,0.8942923,2.0899951,-0.7847996,-0.54282403,2.9981356,1.2253236,-0.83112335,1.6439179,2.783921,-1.1522803,1.027134,-1.3904411,1.1672424,2.9755008,-0.6152475,1.3952069,-1.0134023,-0.5183421,-0.024006482,0.3197642,1.4899536,1.5565616,-0.075077266,1.2220505,3.24181,2.343636,1.2927774,-0.6810601,1.1197103,-0.254593,-1.595777,0.9556309,2.3212364,-1.1373577,1.2091763,2.5133018,-0.15042737,-1.7528874,-0.19037575,0.72360146,1.6610947
usa_99_104,1,usa,-0.29851395,-1.1383288,-0.1894574,0.115285136,-0.25192863,-0.21164176,0.5904882,0.98329186,0.6309006,0.30483904,-1.4462625,0.725347,0.53856987,0.11217006,0.9587857,-0.35040295,-0.23523158,0.63457334,-0.88269544,-0.5178962,0.35018933,-1.0117681,1.0827277,0.43664598,0.7614912,0.17671901,0.9149101,1.2693211,0.59001863,0.00774528,-0.13287792,0.7315048,0.33512545,0.72622013,0.13996379,-0.25926816,0.57929784,0.7075875,0.08982195,-0.11587988,-0.6439874,0.70934486,-0.012607473,-0.08464105,0.1877444,1.0778619,-0.29878286,1.1837367,0.96094716,-0.06903225,0.14681886,0.17161098,0.41020808,-1.028594,-0.8245522,0.6477697,0.15947731,0.2939259,1.0156274,-1.491212,0.08479106,0.26856035,-0.9951028,-0.1676719
usa_73_97,0,usa,-0.28650987,-1.1060511,-0.355026,0.098894484,-0.032128878,-0.115556836,0.53940254,0.87425107,0.48199263,0.056680363,-1.4076487,0.67907006,0.45420334,0.13565572,0.95414877,-0.22950757,-0.22081316,0.4258638,-0.71962446,-0.3662106,0.28156957,-1.0869486,1.2211977,0.41537023,0.6150968,0.28479236,0.8969133,1.060572,0.34672293,0.09617501,-0.14350875,0.50755143,0.2683325,0.60810566,0.23635745,-0.291615,0.42649812,0.7830189,0.1429845,-0.15876131,-0.5340855,0.76593554,-0.12323395,-0.094228104,0.037547432,1.2928097,-0.3717411,0.9598291,0.83090377,-0.21783184,0.10115509,0.20480053,0.41716093,-1.1048646,-0.88563347,0.421014,0.27915278,0.28719056,0.9471471,-1.5346724,0.19563779,0.32441607,-1.1167037,-0.16377208
usa_6_8,0,usa,-0.03496977,-0.91091865,-0.66934127,-0.13159306,-0.01245742,0.19351114,0.38581902,0.84046036,0.3008086,-0.15688677,-1.348787,0.59798855,0.16956829,-0.118608564,0.9256073,0.03202153,0.20739865,0.114503555,-0.56316215,-0.1385245,0.23250328,-1.0233263,1.1417243,0.26913986,0.4103778,0.4949448,0.8725,0.9917257,0.35676003,0.2873581,-0.24654946,0.2835881,0.36034888,0.3879536,0.4354642,-0.6196142,0.14528435,0.9727001,0.05085841,0.03925605,-0.61354095,0.6780528,-0.3056646,-0.21143493,-0.10538039,1.2785668,-0.6856413,0.6304233,0.50382835,-0.31718445,0.2393162,0.17848326,0.35487065,-1.0160639,-0.8723163,0.26897395,0.37048256,0.030905131,0.52099127,-1.5435929,0.4576995,0.47496548,-1.1193476,-0.4994685
usa_40_73,0,usa,-0.079643846,-0.91530114,-0.44338018,-0.20636232,0.10785711,0.0064670295,0.3146748,0.63686544,0.33749253,0.17658688,-1.0742024,0.44582647,0.20857915,-0.030186456,0.6439473,0.04782757,0.15450032,0.26190045,-0.8358956,-0.26376218,0.24381669,-1.0050881,0.75580496,0.4945712,0.50482136,0.27051464,0.86542517,1.006378,0.5379433,0.21553354,-0.24436212,0.22364077,0.22387846,0.5245979,0.109415926,-0.45931548,0.2756993,0.85009205,0.013668235,0.04554387,-0.39858687,0.4724181,-0.22259021,-0.30136707,0.23054148,0.8609227,-0.44436568,0.8662473,0.5356169,-0.07610708,-0.006432356,0.046759855,0.2985985,-0.91490406,-0.545463,0.43985328,0.439718,-0.047815543,0.48087126,-1.1969082,0.4339027,0.46975654,-0.8001627,-0.27379102
usa_21_84,0,usa,-1.1447264,-0.94961685,-0.97024035,-0.0823259,0.47569853,0.11485902,-0.026671011,0.40826657,0.27045584,-0.9096926,-0.33622068,0.36291134,-0.012317496,0.5910992,-0.27927214,1.4964979,0.22492972,-0.020032002,0.5916074,-0.51025605,1.0447375,-0.7789734,0.8302501,0.3883432,-0.5660946,0.35946077,0.7069186,0.76872003,-0.66797423,0.36853805,0.86464477,-0.7089275,-0.2982806,0.28687197,0.35330737,-1.7890558,0.077490486,1.6606486,-0.63214415,0.4182016,-0.85840094,0.08742879,-1.5507344,0.3726726,0.40579927,0.9653744,-1.5500786,-0.5185904,-0.6321068,-0.37461975,2.0047662,0.22738868,0.28965375,0.3824174,0.2014262,0.47414804,0.7040535,-1.4877741,-0.038374662,-1.0383267,0.41521,-0.54274863,-0.4901398,-1.3346559
usa_6_29,0,usa,1.4881899,1.4759657,-0.9528525,1.2017474,0.3247966,0.85975266,-0.72708476,-2.231542,-1.1553047,-2.3771026,1.5971333,-1.5904726,-2.4246001,1.1550446,-1.0610511,1.4075958,1.4995612,-3.0094056,0.5778732,1.8634344,-0.66313255,-1.6447943,2.4532075,-0.8520014,-2.119609,2.123574,0.5946983,-3.0682516,-3.249648,0.63391954,-1.9407961,-3.4507022,1.1685256,-1.5063444,0.45770347,0.045994177,0.7271741,3.6964219,-1.6060698,-0.33301637,0.6905985,0.32265475,-1.6599289,-1.5093635,-1.5882388,3.3730366,-3.618843,-0.4466043,-0.98605794,-3.4893532,1.7023478,-2.4201078,-0.6018754,1.3984982,-0.011031337,-1.2459317,2.916769,-2.0888999,2.2040997,-0.68804944,1.4924769,0.028147072,-0.9635405,-2.8418503
usa_29_73,0,usa,-0.6027517,0.056685537,-1.0047679,-0.6652853,0.300835,0.225674,-0.4076083,-0.025931256,-0.26122567,-0.21724465,-0.48652315,0.31092128,-0.29166567,-0.98216945,0.1824933,1.11984,0.44589967,-0.0998707,0.056351513,0.022989491,0.016638013,-0.8678431,0.6842218,-0.114073925,-0.49424878,0.84370136,0.68442655,0.38517222,-0.24201371,0.4129448,-0.62959117,-0.40747765,-0.0943632,0.14110515,0.40877816,-1.66809,-0.91408974,1.5559567,-0.044915766,0.020294307,-0.35668987,0.039025657,-0.78275615,-0.46447372,-0.14576028,0.41794303,-1.1047775,0.3427595,0.06632772,-0.24265863,0.75706244,-0.41385007,0.28193653,-0.7812299,0.060217444,0.28411925,0.5353039,-1.011255,-0.4228177,-0.81111944,0.7919763,-0.20813398,-0.41050845,-1.171007
usa_39_99,0,usa,-0.3228402,-1.2205522,-0.23441426,0.09216241,-0.09759679,-0.14562756,0.6320054,0.88238287,0.58944505,0.18794136,-1.434279,0.82478446,0.49007773,0.14532182,1.0790751,-0.12487873,-0.2740913,0.5764123,-0.9205023,-0.48375112,0.32420132,-1.0989734,1.273365,0.575779,0.6968422,0.22746718,0.97850835,1.3233163,0.49644202,0.14221522,-0.12662175,0.61776936,0.15852223,0.7502234,0.0005698744,-0.19003028,0.5464963,0.7487475,0.039643813,0.017650042,-0.5115313,0.7306615,-0.15726532,-0.091344364,0.116050206,1.0616555,-0.33395326,1.0885388,0.893496,-0.022563905,0.09641703,0.10417205,0.38118374,-1.0083364,-0.7175535,0.6187572,0.053257164,0.23486295,0.9516703,-1.490688,0.17269354,0.35844263,-1.08414,-0.15855643
usa_15_113,0,usa,0.19234191,-1.1509557,-0.30153933,-0.2550286,-0.09911246,-0.114045836,0.32646772,0.9385284,0.42680278,0.22631271,-1.3119838,0.54106814,0.15972716,-0.15593308,0.90258163,-0.11745939,-0.0015714131,0.23943655,-0.80419946,-0.1489006,0.15265669,-1.0332901,0.88838696,0.41842616,0.6950596,0.35973084,0.9749724,0.8626574,0.38701594,0.22571677,-0.43883392,0.40811884,0.4534905,0.7250163,0.29563636,-0.4352055,0.5788709,0.7454616,0.060524177,-0.082028314,-0.56807446,0.7290605,-0.0054653063,-0.21499959,-0.032860905,1.2742317,-0.4915537,0.95507234,0.61094487,-0.26836842,0.17742118,0.15032347,0.5309407,-0.991646,-1.0229608,0.5139525,0.6323547,-0.09463465,0.82048035,-1.4578673,0.24464633,0.39743015,-1.102516,-0.24101034
usa_10_20,0,usa,-0.24625996,-1.3027235,-0.22993948,0.06211534,-0.16771765,-0.18579535,0.632954,1.0431406,0.55632263,0.20900978,-1.4114894,0.8037571,0.52962345,0.17024921,0.9324033,-0.22529143,-0.2764867,0.607357,-0.8933539,-0.50965303,0.44955707,-1.1049316,1.154469,0.5915601,0.7433356,0.1988047,0.94262236,1.2925496,0.5543747,0.041001353,0.04556646,0.6420676,0.121749595,0.76898116,0.06026291,-0.08763376,0.5849191,0.74849147,0.027076483,-0.0830007,-0.64086163,0.72021174,-0.09147704,-0.057497796,0.22746758,1.0510483,-0.37264714,1.0478272,0.9340113,-0.0373693,0.08025534,0.28246802,0.3771972,-0.9362226,-0.69974244,0.59827507,0.07078813,0.2540341,1.0105361,-1.5031614,0.12363531,0.33577353,-1.0161837,-0.14500044
usa_73_112,0,usa,-1.0993567,-1.5328693,0.22624207,0.24240702,-0.96767396,-1.9784384,1.5805241,1.0118921,1.3443847,1.6852988,-0.16763596,1.2896644,2.1748083,1.4285102,0.8398166,-1.7344207,-1.2881435,2.1954312,-1.572219,-0.21889652,0.53178525,-0.1670124,0.64948916,0.44239515,1.2185141,-0.4451775,0.13698478,0.9900317,0.9410337,-1.0368918,0.16541487,0.95378584,0.2992428,1.6454107,-1.3544058,0.7722967,1.998336,-0.769904,0.64806414,-0.57087505,-0.4827466,0.86379796,-0.4194394,0.5324379,1.3461196,-0.5895619,1.0892314,1.8394632,1.50878,1.2755388,-0.75461257,-0.62935024,1.0745374,-1.2198545,-0.10602151,1.3278424,-0.53993535,1.0295362,1.6736441,-0.6540152,-0.943633,-1.4760954,0.5980997,1.0134035
usa_42_73,0,usa,-0.12678334,-1.2406988,-0.37167296,0.017627882,-0.15280096,-0.12243266,0.61881363,0.9935857,0.518,0.018555034,-1.4721917,0.7273477,0.37000018,0.10672527,1.0428405,-0.25789857,-0.17844172,0.4483556,-0.8420258,-0.29541206,0.319182,-1.0743573,1.2189406,0.46458092,0.68674064,0.26047698,0.9967942,1.1059406,0.42111793,0.123847336,-0.12964143,0.5263968,0.34492403,0.7051807,0.235914,-0.31560093,0.50779015,0.84882104,0.04196041,0.033941142,-0.5705861,0.83122283,-0.11222026,-0.13086344,0.024397872,1.3006537,-0.4396814,0.940691,0.8247122,-0.23761167,0.18861221,0.16584301,0.46207562,-1.0508499,-0.9534758,0.45297155,0.32043582,0.17380586,1.023512,-1.609611,0.19332634,0.40959325,-1.1244508,-0.25497472
usa_73_101,1,usa,0.1162168,-0.89958066,-0.85039306,-0.3314138,0.04821655,0.40261027,0.1124264,0.72733265,0.21167004,-0.5320523,-1.3787643,0.5348066,-0.2295696,-0.19152486,1.0539613,0.07613329,0.3478784,-0.20551123,-0.4931669,0.39960346,0.04989133,-0.9564784,1.2038503,0.09314075,0.3409874,0.65917915,1.2023064,0.5921481,-0.0007908074,0.6496692,-0.5909182,0.13499518,0.62771904,0.2695862,0.7028062,-0.8765068,-0.09792415,1.1211953,-0.15348755,0.23249458,-0.3868456,0.7441686,-0.2121775,-0.48165414,-0.70250875,1.5406934,-0.9893372,0.3270537,0.2776833,-0.40574482,0.3796007,0.032009274,0.53441143,-1.1325351,-1.2112205,-0.079600856,0.8844881,-0.20055076,0.5878123,-1.6470597,0.70740914,0.52883583,-1.441035,-0.62360924
usa_47_92,0,usa,-0.4460582,-0.7542269,-0.14210944,0.0184382,0.07382538,0.049041875,0.13453394,0.4776744,0.31999278,0.37197298,-1.0371009,0.45904157,0.29471695,0.075876705,0.7702617,-0.12489643,0.0813128,0.36072823,-0.79787856,-0.53628576,0.12575708,-0.9195253,0.7904765,0.4533454,0.4011349,0.34042522,0.688106,1.0913742,0.50121784,0.2754847,-0.37378374,0.57582897,0.10748817,0.5190077,-0.09757714,-0.18436761,0.37112096,0.41170123,0.110863,0.044969633,-0.5877387,0.3939455,-0.13596685,-0.25389996,0.2928751,0.49648768,-0.19658019,0.98242044,0.56049716,0.18248941,-0.0319995,-0.08404939,0.28248537,-0.755024,-0.24699675,0.42707643,-0.15229046,0.29794914,0.41316903,-0.9337449,0.38112482,0.3513403,-0.82332444,-0.17005286
usa_14_26,0,usa,-0.22118303,-1.1279855,-0.22478501,0.056689374,-0.14052719,-0.12796119,0.55876774,0.94243747,0.4489661,0.11759787,-1.2800254,0.7193464,0.40055028,-0.06362808,0.82945085,-0.41833696,-0.20898743,0.47559562,-0.74532235,-0.3955778,0.22445597,-1.0254067,0.9869725,0.40106112,0.6452878,0.35699272,0.8419275,1.0314653,0.45410618,0.14357859,-0.09492541,0.62743896,0.25836074,0.6571479,0.24564618,-0.16773878,0.52786624,0.7595217,0.018454745,-0.056098416,-0.5835868,0.65826494,0.025787763,-0.11357409,0.12623987,1.081883,-0.44112936,1.0702653,0.73481005,-0.026569303,0.09842478,0.17804871,0.40327662,-0.9758758,-0.87019163,0.56022036,0.104193166,0.25140128,0.90399057,-1.4753183,0.17430064,0.3538234,-1.0968729,-0.121179774
usa_3_10,1,usa,0.17980337,-0.93030965,-0.41689458,-0.14280556,0.08998732,0.26058865,0.19938181,0.82748187,0.31182384,-0.21525206,-1.2829021,0.5240105,0.13371156,-0.005329298,0.7503881,-0.1176803,-0.082573496,0.067728534,-0.67500985,0.12618287,0.1865771,-0.911743,0.9997891,0.257578,0.45956403,0.3627464,1.0617584,0.89782107,0.16982745,0.23130868,-0.27686912,0.30090195,0.57508945,0.28993973,0.4736378,-0.46384022,0.16206978,0.82586664,0.048550744,0.07247645,-0.42402083,0.56513155,-0.1849019,-0.13305944,-0.24006325,1.2181927,-0.4653624,0.583281,0.42456844,-0.22548531,0.20288981,0.07770782,0.37615344,-1.0062823,-0.96624005,0.015179597,0.5320392,0.13443053,0.7641248,-1.411692,0.507726,0.1138665,-1.1977731,-0.31202
usa_3_104,1,usa,0.20795569,-0.9348087,-0.42647558,-0.112399526,0.07129763,0.2773101,0.27681202,0.8267017,0.2906639,0.015174138,-1.1402875,0.45879173,0.14770414,-0.10280163,0.8008906,0.10266012,0.1707129,0.12781751,-0.6364573,-0.07077886,0.07797729,-0.8605924,0.96490926,0.35861236,0.44369698,0.39217037,0.9237482,0.71898633,0.26679322,0.24745746,-0.32257965,0.14413677,0.5211849,0.36493617,0.4300182,-0.57952774,0.23414466,0.84776014,0.05821747,-0.16008179,-0.48416966,0.71188176,-0.3171525,-0.3437668,-0.21201044,1.3265928,-0.699192,0.6105886,0.2890621,-0.3017716,0.15686278,0.025144624,0.50476605,-0.7561837,-0.9683269,0.19380997,0.62275,-0.12936759,0.5483744,-1.437685,0.45510483,0.40602237,-1.1388953,-0.41271773
usa_43_104,1,usa,-0.33119407,-1.1060107,-0.121859156,-0.11002008,0.018439038,-0.44689524,0.5634214,0.7530376,0.4589494,0.62546283,-0.75201696,0.5755822,0.5748793,0.16071588,0.520712,-0.47526893,-0.21223372,0.8179404,-0.81315404,-0.7370136,0.40381002,-0.9660889,0.6330859,0.5357534,0.65748984,0.27683783,0.647695,1.3436995,0.60437536,0.004590744,0.017680122,0.7086948,-0.02309686,0.7529579,-0.002643169,0.07768452,1.0286919,0.61426234,0.01572133,-0.011688954,-0.5500128,0.431587,-0.11110134,0.082185,0.6656482,0.4482139,-0.07374994,1.3769567,0.9127213,0.14687625,-0.06422574,0.085876025,0.27374175,-1.023068,-0.39564803,0.8395264,-0.1207851,0.25845462,0.82731116,-1.0688133,0.11400503,0.38754433,-0.6107128,0.016902268
usa_40_104,0,usa,1.2155224,-0.46073622,-0.62866914,0.79337496,2.4378874,1.1433723,-1.3672142,0.20654655,-1.0599424,-1.1314825,0.0041242717,-0.06475424,-0.809229,-0.97817624,0.71936935,1.5046871,0.7207255,-0.68787235,1.6019837,1.3744376,-0.11273955,-1.0992726,1.3160365,-0.9732706,-1.2592732,0.07801283,1.4750566,-1.0689186,-2.4778032,0.96722084,-0.07829858,-1.277511,0.25206074,-1.2428232,0.9148498,-1.8248283,-1.3156958,1.481989,-1.9470243,2.9654503,2.0707026,2.101907,-1.67057,-0.66234374,-1.7590381,1.5702325,-0.3215052,-3.7684739,-2.181776,-1.0511369,1.9350103,-0.62995315,0.5637721,1.1446049,-0.9800054,-1.6470091,1.7683125,-2.0568216,-1.5566089,-0.17773268,1.1673844,0.7258018,-0.19753468,-1.496461
usa_99_113,0,usa,-0.059499964,-1.2555171,-0.35130447,0.03076448,-0.1802527,-0.12932065,0.6060585,1.0711473,0.5368339,0.058917303,-1.4933217,0.72971207,0.3822063,0.068956055,1.0321803,-0.20451716,-0.171229,0.46030098,-0.8530276,-0.2884218,0.3203916,-1.0730278,1.2495687,0.47369555,0.68982404,0.27319142,0.98427844,1.1066203,0.43227246,0.10979931,-0.121427014,0.5142217,0.38217947,0.7218887,0.25434706,-0.30397478,0.5295824,0.83402216,0.071574,-0.014375506,-0.6156833,0.8517497,-0.11528626,-0.11112729,0.006203415,1.3586129,-0.46517944,0.9075483,0.84000564,-0.24617563,0.20645553,0.21611333,0.47869146,-1.0305253,-0.9914366,0.44515392,0.33449638,0.18554778,1.0448973,-1.657102,0.17133036,0.38771915,-1.1480502,-0.26663813
usa_47_106,0,usa,-0.007587699,-0.76892805,-0.6897004,-0.13447517,0.09858772,-0.075420894,0.041794483,0.5258436,0.36759013,0.00751321,-1.3778123,0.5899866,0.18155774,-0.19128276,0.81032866,-0.07052915,0.3121404,0.24494278,-0.8075701,0.05867278,0.11235459,-1.0210807,1.1569977,0.2497013,0.21926774,0.5545146,0.6967225,0.70504004,0.10663184,0.12759092,-0.40225333,0.09421775,0.1559374,0.33386782,0.2741817,-0.5976736,-0.042845428,0.6544127,0.11995669,0.17286752,-0.5139766,0.79856116,-0.25231582,-0.27432203,-0.16565438,1.205852,-0.41896203,0.45162562,0.49536332,-0.12665927,0.11878291,-0.24397686,0.3862432,-1.0701909,-0.819894,0.038510416,0.30857432,0.17194442,0.28268313,-1.3498363,0.46796143,0.40636367,-0.88109934,-0.2557132
usa_10_104,1,usa,-0.22853282,-0.92416966,0.009203002,0.9847614,0.06616585,-0.8974213,1.0673711,1.0693464,0.2696046,1.0851759,0.2135159,0.58902484,1.7765439,0.4639206,0.79532933,-0.24555719,-0.8847729,0.64568377,-0.09092324,-1.453618,0.98122925,-0.21242419,0.3674058,1.0551758,0.60642105,-0.7241656,-0.22197427,1.2254951,0.28756306,-1.2038984,0.78972584,0.42842472,0.48385298,0.41911253,-0.9030273,1.4238056,1.2208152,0.17356205,1.2458144,-0.45338398,-0.09006333,-0.47039613,0.11254815,0.67370707,1.9904575,-0.15486276,-0.50609964,1.2056139,1.6381818,0.91518897,-0.033921182,0.0035884483,-1.3265042,-0.23690064,-0.41669655,0.85828215,-0.83441687,0.63980234,1.4392574,-0.13278604,-0.6421561,0.037382517,0.12122695,1.1471065
usa_12_92,1,usa,-2.0652785,-1.6532319,2.3169284,2.4455264,-1.7641207,-2.499599,2.7565405,2.347441,3.13075,2.0204859,-1.3950913,3.060317,1.8087771,1.2952427,0.20857869,-1.4691373,-1.9373473,1.2291852,0.14533213,-2.2154684,1.1938397,0.6012895,0.7595204,0.4639733,2.9351516,-1.9966563,-1.3646363,2.8433404,0.722418,-0.5398346,2.426495,1.7220898,-1.1833767,1.4724838,-2.3350735,1.2079803,2.3056571,-0.9942626,1.161084,-1.2739648,-1.121913,0.9480764,-0.004093349,2.0424256,0.6619883,-0.60644364,1.6741676,1.4891092,2.4411798,2.4040475,0.6636689,1.9193288,-1.6311656,-0.84871936,1.3683522,2.3122568,-1.772814,1.3632742,1.8605528,1.1653638,-2.3062022,-1.816774,1.712058,1.518302
usa_43_92,1,usa,-2.4921005,-2.7610745,2.469667,3.73591,-2.8853853,-3.4641266,3.398627,3.7852237,3.7103949,2.060863,0.58474827,2.8928232,2.8933299,2.0010107,-1.5611115,-1.6428983,-2.4375298,2.5507941,0.8342818,-3.620158,2.8840604,2.3204112,0.35461795,2.029543,2.0162253,-2.9747398,-1.778933,2.2081366,1.3644977,-1.7835674,3.8418412,2.3636553,-2.1376371,1.3923855,-3.2546613,1.8577344,2.5697927,-1.42059,0.7853942,0.5783341,-1.8310466,-0.33059987,-0.7347386,3.1435072,1.4836067,-1.6686848,1.9671595,0.541706,2.094739,3.3329396,-1.0336783,2.9120934,-1.9647123,-1.256317,2.3763545,1.5903171,-2.2148204,1.5512581,1.5980396,2.306375,-3.4422958,-3.1296768,3.5298948,2.2498617
usa_92_99,1,usa,-1.5434196,-0.6251019,0.007180891,0.634622,0.022617115,-0.45940176,-0.28683707,-0.6198694,1.2705551,0.24569556,-1.5077453,0.2897899,0.29645807,-0.06266932,0.36478773,0.3406665,-0.4745534,0.94742864,-0.5300605,-1.5743065,0.34436417,-0.30011407,-0.23196709,-0.16509123,-0.10539522,-0.54258764,0.3183792,2.8416219,0.08448334,-0.52049726,-0.12152268,-0.2425864,-0.43039626,0.32694957,-0.68185735,0.064462885,1.1349063,1.5903801,-0.14387669,-1.0999022,0.060267493,0.8311587,-0.7389601,-0.32407147,0.19899867,0.18131194,0.30384818,0.9516285,0.35072348,-0.4147946,0.6171545,-0.34285644,0.4648619,-0.59592384,1.2925663,0.12308591,0.7879224,-0.091200225,0.6412612,0.3644787,-0.19252823,-0.19160023,0.12907311,-0.7706529
usa_94_103,0,usa,-0.057575464,-1.2517008,-0.35821882,0.023011481,-0.17787915,-0.12024836,0.6010938,1.062939,0.5279113,0.04714949,-1.4967225,0.7254803,0.37807402,0.06044521,1.0400252,-0.19434029,-0.16373901,0.44669148,-0.8500748,-0.27820772,0.31962228,-1.073326,1.2530107,0.47238398,0.69106627,0.28544638,0.9911128,1.1021038,0.42369378,0.11725564,-0.12908627,0.51144266,0.3863253,0.71830875,0.26075768,-0.31338242,0.51490647,0.84009457,0.06646976,-0.008794739,-0.6113104,0.8569814,-0.11611492,-0.11395653,-0.0072311796,1.3631911,-0.47304472,0.90046805,0.82816434,-0.25187948,0.21273968,0.21315646,0.48387262,-1.0316068,-1.0004563,0.43940878,0.34389848,0.1816795,1.0401407,-1.6604122,0.17887259,0.39295602,-1.1581886,-0.27834097
usa_14_47,0,usa,-0.15064108,-1.2166361,-0.43785506,0.030448781,-0.05297637,0.033922702,0.52063745,0.88193566,0.5088391,-0.072239414,-1.4870751,0.67303765,0.24370678,0.07916355,1.1645789,-0.3276821,-0.22942977,0.32022944,-0.7254505,-0.25310564,0.28105336,-1.1024457,1.2074821,0.35702583,0.73557067,0.31554908,1.0365644,1.0670441,0.2537196,0.2824986,-0.23155132,0.5613138,0.40867922,0.6158633,0.28188226,-0.3208313,0.40165386,0.8019992,-0.028942864,0.11525336,-0.44512427,0.80958873,-0.07907023,-0.13819353,-0.08456709,1.2305154,-0.45879695,0.97590417,0.6193898,-0.28254676,0.23897263,0.08979511,0.54226905,-1.09564,-0.89527357,0.40994963,0.38457274,0.23773792,0.92914176,-1.4942706,0.22798468,0.31588587,-1.236411,-0.20830345
usa_61_112,0,usa,0.25170827,-0.64587516,-1.1186819,-0.5816524,0.24873182,0.5016317,-0.3001131,0.28098246,-0.04326182,-0.70729536,-1.2376953,0.26630095,-0.5995129,-0.27761936,0.97027165,0.11937181,0.76155686,-0.43555933,-0.3977129,0.87816095,-0.19202714,-0.99419445,0.9781402,-0.2423286,0.06568349,0.72306645,1.2214358,-0.10130003,-0.3578328,0.72140634,-0.9677077,-0.36017576,0.7385875,0.2667535,0.7576887,-1.1376593,-0.62650365,1.0197083,-0.35611913,0.15155204,-0.19938454,0.7087854,-0.25555244,-0.9290448,-1.019719,1.5483634,-1.1926188,-0.065018505,-0.21635044,-0.5620449,0.38716078,-0.25744078,0.65685093,-1.2566665,-1.2915765,-0.44620955,1.3245497,-0.36340788,0.09976129,-1.4406296,1.0162401,0.20061363,-1.2692837,-0.66730523
usa_99_116,1,usa,-0.30848828,-1.4583827,1.1198171,0.6290459,-1.0533959,-1.3818948,0.37356338,2.2063675,0.7486421,0.56829304,-1.6641886,0.507544,1.6886047,0.77993065,-0.14178306,-1.3469604,-0.8152072,1.3126041,-0.9910256,-0.38295814,1.1407186,-0.21832141,0.47971794,0.17738406,0.10743414,-0.80619866,0.1978532,1.1401585,1.7424275,-1.3053594,1.4022789,1.2099798,0.23471278,0.8788967,-0.3370184,1.6093854,2.256666,-1.2670529,1.1900786,-1.0391588,-0.84583956,0.6901798,0.5661138,0.5149168,1.1810255,0.92197555,1.5030998,1.3661497,1.274463,1.2196963,-0.9689393,0.78342247,0.5655136,-0.52520037,-0.9223238,0.8582741,-0.24522021,1.8739868,2.2180252,-0.7030672,-0.38425905,-0.20136589,0.8818562,1.9180108
usa_36_104,0,usa,0.28092244,-0.6076936,-0.7862179,-0.4154658,0.19546181,0.4670271,-0.32271218,0.4431953,0.09720481,-0.58410114,-1.1341386,0.32229263,-0.35407174,-0.41549206,0.78401095,0.13858028,0.56704724,-0.20372894,-0.5449291,0.8526537,-0.066410124,-0.9112,0.9280434,-0.18391886,0.012793546,0.7593772,1.0538309,0.27538326,-0.11938401,0.58885145,-0.7555017,-0.18005215,0.66554123,0.18198329,0.60331243,-0.83245283,-0.35993922,0.8847654,-0.3271868,0.32342598,-0.17513885,0.5034217,-0.2905713,-0.7189104,-0.77103776,1.3420572,-0.8206503,0.012297491,-0.11109098,-0.3925413,0.26965955,-0.3725115,0.7802556,-1.1617951,-1.2104754,-0.47295386,1.1053607,-0.20614459,-0.1392264,-1.2146288,0.87333333,-0.00054387003,-1.0782543,-0.5145663
usa_20_91,0,usa,0.03481874,-1.0912298,-0.4362801,-0.05942232,-0.1129587,0.043270335,0.40284055,0.97398156,0.37149614,-0.04990385,-1.2747996,0.6533782,0.26644066,-0.09229272,0.91374415,-0.06468741,0.0002447851,0.34195012,-0.71265966,-0.17005038,0.27891743,-1.0194038,1.1489282,0.44139308,0.5811008,0.43963158,0.99204886,0.9577946,0.31783596,0.2071703,-0.13305534,0.4739587,0.38941646,0.67440677,0.25520965,-0.4484394,0.37759846,0.81156963,-0.010078377,0.059405535,-0.5816699,0.7729634,-0.1798982,-0.16134393,-0.11423946,1.2236207,-0.50315374,0.82050544,0.65844333,-0.26598656,0.25530913,0.039,0.46585166,-0.9380772,-0.89029956,0.2901309,0.36347458,0.02621942,0.78827316,-1.5131831,0.33289555,0.38271537,-1.0949142,-0.3859755
usa_15_106,0,usa,0.2355166,-0.3592898,-0.5343808,0.6522479,0.3372869,0.005998183,0.62415284,0.5440113,-1.1850152,-0.21185073,0.33287957,0.07083283,0.87886095,-0.24822961,0.9205432,0.70497525,0.6642191,-0.73898697,0.6100964,-0.38186184,0.6215584,-1.0464998,0.3030928,0.38400492,-0.109030396,0.5301071,-0.4784717,-0.5301421,-0.24740346,-1.4790148,-0.6172687,-1.5382,1.9736608,-0.5701821,-0.29563332,0.106489405,-0.10769943,1.9438081,0.03824561,-0.45923117,0.23615839,0.06815727,-0.54173887,-0.5689332,1.4621729,1.898453,-1.1713037,-0.16880645,0.9321601,-0.8360602,0.6820339,0.2880134,-1.9063056,-0.47939593,-1.2969538,-0.4758467,1.1556988,-0.42024842,0.32433805,-1.087945,0.2862794,0.11160641,-0.6407341,-0.19486503
usa_12_53,0,usa,0.2730562,-0.77588636,0.23243636,1.0103501,0.55837834,0.76202726,0.4727334,-0.01196404,0.41397595,0.59483165,-1.3349129,-0.47233465,-0.50442904,1.111488,0.3047725,0.4524178,-0.16236952,-0.25365886,-0.75594246,-0.463093,-0.3104085,-0.020016171,0.48963562,-0.45208475,1.6227437,-0.22079381,1.4641409,1.0987356,-0.05947888,0.8539397,-1.885206,-0.23953834,1.8937976,-1.1185755,-0.04017082,0.5830332,-0.14281999,1.144532,-0.8480385,-0.60270053,1.6951919,1.5869341,-0.2703068,-0.77022505,-0.4610505,1.5826247,-0.9311837,0.3515322,-0.88864017,-0.99235773,-0.7247101,-0.18530954,0.71148854,0.621564,-0.42408732,-0.6262923,0.66568166,0.10085748,0.5880188,-0.8250026,0.113138385,1.9210129,-1.4321561,-0.5411963
usa_3_86,0,usa,-0.082602635,-0.9488885,-0.33754605,0.03852989,-0.12332805,-0.14107335,0.2724467,0.77558935,0.6660975,0.17795745,-1.4662883,0.61811054,0.40315878,0.04473279,0.93303204,-0.29126716,-0.13419595,0.560835,-0.91687906,-0.22928979,0.31393814,-0.9329167,1.1707913,0.49866185,0.62478524,0.19518557,1.0734286,1.0910606,0.40380493,0.055285104,-0.217583,0.59445256,0.32980305,0.68506336,0.07459797,-0.42340517,0.37601155,0.75800025,-0.018673737,0.25105864,-0.55699366,0.5636622,-0.13011806,-0.28053254,0.080224566,1.0997299,-0.14788145,1.078327,0.7525228,-0.11101783,0.075162664,-0.12028487,0.4695855,-1.0564232,-0.87445056,0.24438438,0.26323912,0.37758008,0.7558175,-1.3059272,0.11462174,0.24782982,-0.9194979,-0.2002837
usa_15_92,0,usa,-0.0591634,-0.83128345,-0.42984357,-0.035476193,0.12847388,-0.05104173,0.36587894,0.7243401,0.4583076,0.109846026,-1.1929411,0.6342836,0.5172565,-0.05786948,0.96725523,-0.041252293,-0.15171699,0.47187027,-0.79682004,-0.2953903,0.30219272,-0.95969456,1.0710512,0.4541446,0.46593586,0.3703658,0.92690134,1.1330514,0.32386947,0.09249809,-0.18812677,0.4116587,0.30890495,0.47261837,0.17417237,-0.5474828,0.31667918,0.6913311,0.15631063,0.2827948,-0.5713774,0.6478861,-0.27012432,-0.0629897,-0.013743296,1.0203531,-0.20043549,0.78595966,0.52639,-0.15189506,0.19017386,-0.1218064,0.33501467,-0.74857724,-0.7184042,0.29909304,0.1192785,0.265258,0.5588194,-1.3071313,0.37326965,0.2488459,-0.9899003,-0.30150953
usa_112_113,0,usa,-0.33368826,-1.0985419,-0.37756392,0.073598996,0.052554324,-0.09173817,0.5573901,0.7876919,0.69644934,0.015074298,-1.5214688,0.763749,0.38388738,0.1444696,1.1343119,-0.1712043,-0.21943145,0.5504217,-0.990335,-0.38197356,0.34657025,-1.0059582,1.1882071,0.45622927,0.562879,0.20757753,0.9801316,1.333543,0.45629194,0.23761962,-0.26875365,0.5399849,0.25941023,0.76525426,0.08100613,-0.35661122,0.47611427,0.7947042,0.06161211,0.19480088,-0.5472336,0.7079971,-0.16373207,-0.12559772,0.10310925,1.2047085,-0.30453765,1.0606462,0.7939256,-0.28628534,-0.0034144726,-0.0016527157,0.43520236,-1.120111,-0.78994316,0.47239593,0.22787066,0.34726918,0.7852077,-1.4643948,0.24435417,0.34370956,-1.094182,-0.15408985
usa_67_103,1,usa,-0.024480212,-1.2117735,-0.3965856,-0.018495737,-0.1544815,-0.08312524,0.54731137,1.0357187,0.49272287,0.0025643585,-1.494882,0.70575607,0.32766247,0.018303636,1.0519547,-0.1565362,-0.09875487,0.38162315,-0.8374289,-0.21815132,0.30009907,-1.0583583,1.2433739,0.45984426,0.65186375,0.33284634,0.99498045,1.0517665,0.4043071,0.15249863,-0.16611876,0.48481292,0.41556406,0.6956334,0.29226083,-0.3654546,0.4568269,0.844229,0.06741323,0.009789227,-0.60451794,0.8498386,-0.12023827,-0.16153717,-0.062240943,1.3863307,-0.50139415,0.85853326,0.7868381,-0.2843839,0.21160935,0.19789214,0.4880432,-1.0366734,-1.0273701,0.38815606,0.39088947,0.16847299,0.9857783,-1.6656443,0.20756987,0.4180757,-1.1822727,-0.3181178
usa_3_20,0,usa,-0.0736449,-0.31734177,0.44911155,0.3627531,-0.8770408,-0.5542124,0.598051,0.72992766,0.778599,1.136032,0.28524745,0.80254436,0.66186726,0.5273512,0.64825976,-0.7501431,-0.66277915,0.7164842,-0.29474264,-1.26819,-0.1800716,-0.32444644,0.97318494,0.4734639,0.7288617,-0.041290976,0.0830471,1.0948956,0.94160706,0.32850143,0.5510685,0.58888495,-0.06998058,0.6765088,-0.64186394,0.59202456,2.0023005,0.80642605,1.0139064,-1.2311267,-0.77614176,0.0043240925,0.58479375,0.25696498,0.7969802,0.5270083,-0.44454637,1.5250072,1.0876558,0.5986574,-0.4929311,0.20465484,0.46158174,-0.13861722,-0.027990695,1.3406757,0.76997495,0.22947039,1.3655292,-0.85799855,-0.24609801,-0.47041604,0.2382868,0.37702245
usa_3_103,1,usa,-0.062218532,-1.1386497,-0.3893082,0.0025277631,-0.15275584,-0.1354519,0.53374577,0.9872946,0.5152421,0.118692465,-1.3360293,0.7066021,0.4409206,0.009622764,1.0709178,-0.26287854,-0.1284256,0.46391267,-0.8164129,-0.4071428,0.29576346,-1.0053334,1.1715379,0.46328923,0.6446219,0.2647985,0.91091645,1.1541646,0.44766542,0.11877644,-0.14638396,0.5343995,0.3722843,0.6198042,0.22837266,-0.30982506,0.5366524,0.8810226,0.1452667,-0.057146505,-0.7256734,0.75700337,0.006299303,-0.11942497,0.028383708,1.2478099,-0.43065822,0.8601999,0.8049738,-0.2314824,0.1552468,0.22020991,0.41005942,-0.8971449,-0.8987963,0.41606295,0.35475677,0.23217447,0.9179287,-1.5944672,0.15277547,0.29201382,-1.0605668,-0.30493298
usa_20_103,0,usa,-0.1455884,-1.3260465,-0.3927505,0.081550404,-0.021680588,-0.13480471,0.5058338,0.9665839,0.6962718,0.21357718,-1.4160496,0.620253,0.41600424,0.06825161,0.9799505,-0.05691068,-0.08737086,0.5772473,-0.8880198,-0.22858337,0.31938836,-1.002215,1.2410866,0.39428917,0.54699117,0.19257197,0.79859763,1.1162176,0.47359514,0.13975531,-0.26399112,0.4138817,0.3033461,0.62900037,0.14145063,-0.37383348,0.6387539,0.8221999,0.11343759,0.23424552,-0.6059732,0.7900318,-0.39808303,-0.15996893,0.07167696,1.2752203,-0.4149447,0.80446285,0.7519225,-0.043595307,0.16628166,0.030641098,0.4311097,-1.1325338,-0.8295013,0.46431574,0.27260876,0.17935319,0.73294437,-1.5537176,0.38618714,0.4060918,-1.0610142,-0.193215
usa_25_73,0,usa,-0.05611625,-1.2030038,-0.50496656,-0.03445594,-0.12301152,-0.08451285,0.48829028,0.9868815,0.51281077,0.016818115,-1.453866,0.7002984,0.38964412,-0.026680078,1.1265669,-0.20527716,-0.09549643,0.37886164,-0.8032697,-0.30184388,0.3470753,-1.063037,1.2845963,0.4370081,0.605795,0.29592726,0.9703832,1.1518793,0.3797491,0.16802281,-0.19673142,0.52857035,0.4431161,0.6124149,0.28863078,-0.3671077,0.41944912,0.93455315,0.022461679,0.0886404,-0.67976516,0.7954467,-0.051255714,-0.16371906,-0.058462106,1.3273594,-0.5364504,0.77744436,0.73282224,-0.30021283,0.2220313,0.20652339,0.43129635,-0.96001893,-0.9810509,0.29374853,0.37921384,0.2515966,0.880149,-1.6166859,0.22794117,0.37489247,-1.1213425,-0.39040038
usa_0_47,0,usa,0.04012609,-1.2023879,-0.32058105,0.03593991,-0.14222284,-0.058387347,0.4536999,1.0134574,0.56949216,0.06929541,-1.4825149,0.6394893,0.37896526,0.054118726,1.016397,-0.17762393,-0.17411606,0.4257016,-0.9090519,-0.2630161,0.3379731,-1.0388203,1.2724415,0.46999836,0.6477097,0.2810483,0.9906328,1.0877813,0.41116053,0.10475896,-0.17134151,0.55383164,0.4216897,0.64249325,0.22133897,-0.31570485,0.4580493,0.8321698,0.072935246,0.102095574,-0.58361536,0.7633845,-0.11229033,-0.14430769,0.012733117,1.3166734,-0.37788033,0.8531584,0.73154324,-0.23327114,0.17823872,0.1567731,0.44526097,-0.9922038,-0.9474285,0.3117326,0.335536,0.28733104,0.9370331,-1.5253514,0.2014856,0.40240857,-1.1197978,-0.27449298
usa_64_92,1,usa,0.37016702,-0.37980834,-0.13911588,-0.20768023,0.089382544,0.50361884,-0.10515394,0.49927348,0.1637729,0.05802301,-0.81579536,0.2517206,-0.048634738,-0.25915867,0.43360442,0.0689203,0.25202125,0.06800248,-0.73147833,-0.21477893,-0.004967264,-0.56663907,0.6959659,0.093909144,0.4257226,0.28986427,0.8831828,0.99541014,0.1175882,0.25219846,-0.3656579,0.37041482,0.58497953,0.26961753,0.3256334,-0.64819634,0.015938373,0.7186506,0.12387161,0.06426081,-0.19364482,0.115926296,-0.17412592,-0.16176492,-0.098397136,0.5638995,-0.31907418,0.7368046,0.06069969,-0.044016782,0.1722515,0.0014400277,0.24936834,-0.8772248,-0.60779816,0.15662679,0.37421244,0.027574237,0.45948705,-0.8984657,0.34875408,-0.00066030584,-0.81670326,-0.417645
usa_38_50,1,usa,-0.03964819,-1.2359368,-0.32508254,-0.013243593,-0.088217326,-0.13404174,0.5187239,1.0919789,0.68141097,0.22202,-1.4701041,0.68489194,0.41347095,0.1211124,0.9583683,-0.2192725,-0.16628787,0.56426716,-0.95160174,-0.32773232,0.3713227,-1.0812395,1.1297491,0.45555618,0.5966839,0.30307946,0.8659141,1.1557825,0.5038106,0.07190477,-0.18962714,0.4918212,0.27110237,0.67780054,0.25178233,-0.30361998,0.70625055,0.7648021,0.1435182,0.053379714,-0.680618,0.7456782,-0.20578334,-0.03697434,0.16647898,1.3422426,-0.32359272,0.96427315,0.92234063,-0.16958809,0.098677546,0.16635627,0.47797456,-1.0752156,-0.94454604,0.48047397,0.2284443,0.2784037,0.8961813,-1.5491368,0.260657,0.43720815,-1.0445874,-0.13040504
usa_64_73,1,usa,-3.5412457,-1.0801351,1.2195742,2.1485124,-2.341784,-2.247717,1.6782943,0.79920983,2.3327973,2.248564,-0.5512922,1.4846061,1.6701096,1.8617458,0.10028175,-1.9810624,-2.5230126,1.5542796,0.43946964,-3.1207137,1.2636757,0.2777421,0.39630586,0.75183856,2.7082279,-1.1938465,-0.9638398,3.6428797,0.8212982,-1.3904506,0.695915,2.9077892,-1.3069425,0.5733729,-1.7202287,1.7242507,3.423055,-0.87920135,0.5442353,-2.0272796,-0.7200936,-0.050027207,0.1830835,1.9279466,1.1568338,-0.89647627,0.3826274,3.2059863,1.5021211,1.5306289,-1.1748463,1.4666399,-1.3988239,-0.82859707,2.0339494,2.4366527,-1.6586572,1.311364,1.7806985,1.0359002,-1.4677668,-0.1583831,1.022094,1.3023432
usa_60_73,0,usa,0.15277459,-1.0008513,-0.7365625,-0.34656975,0.051938385,0.40462062,0.09726939,0.7318914,0.2690761,-0.41883665,-1.3863933,0.4331268,-0.25434703,-0.09730171,0.9502107,0.053888425,0.18989892,-0.100609645,-0.618891,0.45620325,0.061131805,-1.0003256,1.2020724,0.16696739,0.45332018,0.54241693,1.2381278,0.5682688,0.039109316,0.552313,-0.62645304,0.14784788,0.69466096,0.31294426,0.61890715,-0.7652212,-0.0027189944,0.97457016,-0.23347491,0.12129349,-0.33943498,0.8090863,-0.2267229,-0.41720816,-0.6157461,1.4898522,-0.8899303,0.41689128,0.21631224,-0.46030775,0.37806413,-0.03982636,0.6282439,-1.1361148,-1.1640474,-0.075192705,0.94470507,-0.07920734,0.6451988,-1.5639868,0.692734,0.24549252,-1.3780363,-0.5352833
usa_60_104,0,usa,-0.047203537,-1.4339851,0.16190258,0.061750725,0.15162708,-0.5417081,0.5540245,0.835034,1.3694265,1.6378475,-1.1466446,0.39080936,0.5407803,0.655051,0.24695718,-0.29245335,-0.6657823,1.2567135,-1.3401184,-0.92749107,0.13628341,-0.48971322,0.4164318,0.9293179,0.9201927,-0.5820089,0.5707044,1.4948342,0.75036824,0.21676782,0.01586876,0.85299605,-0.22651885,1.2858417,-0.7388732,0.0023287358,1.6181217,-0.2592643,-0.14985439,-0.46549797,-0.4044196,0.5226183,-0.23297532,0.35059708,0.58317995,0.27562174,0.71757066,1.3466705,0.6637681,-0.058597263,-0.9029255,-0.17763555,0.6588344,-0.7813059,0.17430303,0.6915391,0.22708817,0.81712216,0.73625344,0.09308186,-0.36548445,0.11784331,-0.34511554,0.5831649
usa_3_91,0,usa,-0.059375867,-1.2402226,-0.37756896,0.016885862,-0.15291269,-0.09646736,0.5849047,1.0429822,0.52775544,0.039244324,-1.4865274,0.72792846,0.37295562,0.054104105,1.0388722,-0.20176296,-0.16964345,0.41928065,-0.8327072,-0.26366615,0.31536782,-1.0753917,1.2359027,0.4670561,0.68274707,0.27406764,0.9948807,1.0701596,0.3982824,0.1286626,-0.1371345,0.49514228,0.40463725,0.6983596,0.28118557,-0.324683,0.4880574,0.84942675,0.05102291,-0.0076662772,-0.601915,0.855675,-0.10821851,-0.13426208,-0.027670039,1.3606132,-0.46576595,0.8934504,0.8107493,-0.26597723,0.21586315,0.20088586,0.4822453,-1.0377986,-0.99573195,0.4183909,0.3587268,0.1925667,1.0267898,-1.6459235,0.20216295,0.3851372,-1.1705408,-0.2820908
usa_61_73,0,usa,-0.19981372,-1.2394357,-0.3835658,0.02719808,-0.05602449,-0.06151505,0.63225865,0.9287392,0.5518161,0.020881876,-1.4841287,0.6293257,0.3178093,0.23886634,1.0200398,-0.1977454,-0.26642555,0.42521858,-0.91833323,-0.27228144,0.28840902,-1.0392022,1.2155186,0.4723869,0.7182644,0.19785686,1.0449767,1.0766804,0.45317602,0.13648088,-0.22485046,0.51124173,0.36000055,0.62026757,0.29005212,-0.2904731,0.43436995,0.74753237,0.007976256,0.044241816,-0.48596013,0.8557897,-0.13036704,-0.08031911,0.011465854,1.2283336,-0.40638697,0.9349322,0.70402366,-0.24002965,0.17156027,0.10407719,0.4991277,-0.9823241,-0.8726961,0.42385593,0.29528,0.26488316,1.0590241,-1.4783089,0.19450997,0.47720948,-1.182253,-0.24076355
usa_64_101,1,usa,0.006754971,-1.2588941,-0.35451573,-0.047587216,-0.02738639,-0.13236104,0.52787703,0.9452205,0.68428403,0.16565166,-1.3542441,0.62609804,0.35301408,0.05125124,0.9467665,-0.20824714,-0.077883475,0.58969533,-0.9387985,-0.22122331,0.25786462,-0.98521817,1.1523647,0.4426537,0.5364823,0.35435292,0.8324581,1.0872923,0.41914088,0.14616065,-0.29772583,0.51058,0.28943923,0.6154518,0.20407552,-0.37655374,0.67897147,0.8113243,0.12359344,0.1514129,-0.636282,0.68073356,-0.30667368,-0.11279603,0.07825261,1.3145485,-0.40283763,0.926718,0.89107454,-0.062710255,0.16984507,0.060500797,0.4799493,-1.1400713,-0.90745276,0.4756983,0.31512123,0.28952995,0.8469382,-1.5204107,0.3377306,0.36013058,-1.1072916,-0.13138896
usa_10_106,0,usa,-0.21147978,-1.2179288,-0.22715887,0.044779874,-0.16441093,-0.17346625,0.5953481,1.0302818,0.47981662,0.18685082,-1.3300401,0.7408549,0.47549865,0.12684877,0.8738369,-0.24234264,-0.21777451,0.57791054,-0.8638186,-0.4557682,0.42510206,-1.0698369,1.1189922,0.59123915,0.7228533,0.27256864,0.94900346,1.1961104,0.5434551,0.046272766,0.07413258,0.63844055,0.17119718,0.76731795,0.10320373,-0.09556925,0.59451807,0.70122296,0.02707249,-0.07045858,-0.65120476,0.7011723,-0.058942046,-0.05890387,0.21426493,1.0234056,-0.35637972,1.0433172,0.8716058,-0.057184923,0.10914661,0.2112335,0.41144675,-0.8833454,-0.7402214,0.5049461,0.108430654,0.2417346,0.95770174,-1.4860123,0.12591791,0.32372284,-0.9744908,-0.1609782
usa_87_101,1,usa,-0.16095527,-1.2033185,-0.28072646,0.08190297,-0.18688962,-0.23882385,0.6453238,1.0430892,0.6752485,0.25744683,-1.3606622,0.7666086,0.5831139,0.09287192,1.0485528,-0.37481856,-0.3137108,0.65592545,-0.8779809,-0.5596548,0.36682832,-0.9973411,1.1088121,0.4779633,0.72930926,0.12249253,0.86162215,1.3468373,0.5104418,0.08207891,-0.05913253,0.6180636,0.26686424,0.68697375,0.1467987,-0.22664893,0.71295947,0.8125418,0.14634734,-0.12004908,-0.7404007,0.75059676,0.027251884,0.025113862,0.15397717,1.1800874,-0.28994778,1.0019431,0.9122105,-0.14400893,0.066149995,0.26840293,0.3804986,-0.9022593,-0.81342953,0.55960035,0.22959661,0.33561715,1.0159804,-1.5361412,0.077081084,0.20334426,-0.98498994,-0.14516954
usa_10_43,1,usa,-0.7082027,-1.0173084,0.16649252,0.20344174,-0.1688351,-0.61596876,0.6928122,0.7077497,0.7969037,0.91187024,-1.0956391,0.5776285,0.82049066,0.3238408,0.49053997,-0.51849,-0.38893497,0.9535661,-1.0169178,-0.97761434,0.27620476,-0.82877713,0.60890615,0.5514168,0.7859901,0.02963724,0.5144754,1.56156,0.8694588,0.032099634,0.1070214,0.9478225,-0.145612,0.7871823,-0.14546409,0.04721684,0.88347983,0.2505823,0.185417,-0.16922061,-0.63321555,0.4690898,0.006461745,0.17178755,0.6022219,0.15704703,0.19408306,1.4023821,0.9356241,0.65276575,-0.14218105,0.14135182,0.26055485,-0.66698205,-0.17656584,1.1319184,-0.4456154,0.5244414,0.8562847,-0.80928963,-0.20973682,0.2824402,-0.6263315,0.16717236
usa_10_22,1,usa,0.007265522,-1.3873793,-0.5161097,-0.24143177,0.45793304,0.35518646,0.8973846,0.41375402,1.2262117,0.7855597,-0.9892353,-0.20604475,-0.22534947,0.72268176,0.77930194,0.5398157,-0.61623365,0.54019564,-1.1005248,-0.5242718,-0.35583168,-0.4387732,1.3760602,0.7802342,1.1205882,-0.095507264,1.2943089,1.1544527,0.3066875,0.83809376,-0.8368952,0.6045479,0.3695034,0.25842136,0.30181858,-0.49282238,0.60247827,0.26116946,-0.5985343,-0.18511045,0.12390441,1.3942381,-0.4809592,0.20009014,0.008891548,0.9910042,0.04827352,0.5995866,-0.16243884,-0.42691624,0.13557373,-0.37648484,0.7117127,-0.36187598,-0.17584024,0.7417552,0.5451451,0.8783402,1.4519744,-0.18054192,0.15589036,0.65965474,-1.3126665,-0.2034571
usa_10_64,1,usa,-1.4648972,-1.7658074,1.4501292,2.4092193,-1.4511796,-2.206471,2.4908192,1.7088696,2.8554256,3.0554898,-1.2438077,1.7657571,2.1258388,1.9538169,-0.24007569,-1.9317844,-3.4404871,3.2996721,-1.4139119,-1.3281479,1.4378799,0.7411071,0.3167212,1.2265317,1.8628998,-1.6902527,-1.0000113,2.1420434,0.39155477,-1.2944036,0.14878346,1.34319,-0.1576284,1.7400873,-1.5350423,1.8977835,2.7415109,-1.2171519,0.90466523,-0.92154706,-0.4266591,0.9423898,0.5239966,1.6111445,2.5781617,-1.1974356,1.8860847,2.270806,0.8090438,1.1319915,-0.8716546,0.06310529,0.28279057,-1.6427157,2.05983,2.3206055,-1.6722454,2.4628594,2.8406312,0.83799565,-2.2589476,-1.9161472,0.6126103,2.5265124
usa_17_89,0,usa,0.08504942,-0.67966306,-0.9525859,-0.37628454,0.034626745,0.39688373,-0.25701958,0.39588296,0.063669264,-0.5368858,-1.2840558,0.38557696,-0.31779087,-0.30589896,0.9134391,0.16809072,0.37258595,-0.1853877,-0.4756672,0.5876515,-0.10595817,-0.95204204,1.3469152,0.16335882,0.2087849,0.5614069,1.3647832,0.32914317,-0.0869495,0.52780855,-0.8163728,0.0035853945,0.8468839,0.38718024,0.54687524,-0.93601406,-0.36040598,1.1131825,-0.28522038,0.21330856,-0.32107973,0.637695,-0.37079856,-0.8475443,-0.710762,1.4639127,-0.9861728,0.46072552,0.093063585,-0.55971587,0.39110067,-0.35649106,0.6220094,-1.3404071,-1.2774467,-0.36262345,1.0759695,-0.062153082,0.3624267,-1.5213784,0.76493174,0.08722673,-1.2130983,-0.7286955
usa_73_89,1,usa,-0.040612806,-1.065967,-0.5467539,-0.13020661,-0.013807932,0.05951926,0.44104728,0.7853305,0.25874823,-0.20534357,-1.3348333,0.65864617,0.13357691,-0.06913587,0.9989701,-0.016807567,0.10006537,0.12569806,-0.6661137,0.03845817,0.15928721,-1.0383588,1.3223323,0.45511124,0.40622547,0.45348698,1.0566727,0.7986116,0.23952432,0.26570642,-0.32444254,0.2560354,0.43091658,0.4770309,0.40822235,-0.46186194,0.1391909,0.9130955,0.1014124,-0.049054496,-0.52679324,0.83538437,-0.24952467,-0.32893753,-0.25781223,1.4518752,-0.65529823,0.6712216,0.583762,-0.30942556,0.23572138,0.08823178,0.47632805,-1.0381839,-1.0668042,0.16880417,0.49468905,0.032335185,0.8311853,-1.6824539,0.43294615,0.5355179,-1.2391686,-0.44990975
usa_10_112,0,usa,-0.0794016,-1.1591244,-0.20640892,-0.07016318,-0.13979593,-0.26236206,0.5620354,0.9748283,0.4309683,0.27656803,-1.2613137,0.6812937,0.43327895,0.01196627,0.7894042,-0.27618277,-0.16510807,0.43249723,-0.8020516,-0.34337923,0.2681775,-1.0673984,1.012679,0.46007752,0.68180835,0.3773988,0.8251563,1.009857,0.44677895,0.14127938,-0.11769298,0.5475919,0.26825213,0.722681,0.21183379,-0.17207116,0.5994354,0.7228098,0.06953297,-0.12232375,-0.5357388,0.75201714,0.023019865,-0.08355382,0.15162992,1.1706337,-0.38601992,1.0390213,0.8393819,-0.13649577,0.11004647,0.23875085,0.3872423,-0.9504197,-0.9743172,0.60665464,0.18181464,0.15923744,0.95224226,-1.5632344,0.11926943,0.41490784,-1.0227598,-0.15668468
usa_10_46,0,usa,-0.057575464,-1.2517008,-0.35821882,0.023011481,-0.17787915,-0.12024836,0.6010938,1.062939,0.5279113,0.04714949,-1.4967225,0.7254803,0.37807402,0.06044521,1.0400252,-0.19434029,-0.16373901,0.44669148,-0.8500748,-0.27820772,0.31962228,-1.073326,1.2530107,0.47238398,0.69106627,0.28544638,0.9911128,1.1021038,0.42369378,0.11725564,-0.12908627,0.51144266,0.3863253,0.71830875,0.26075768,-0.31338242,0.51490647,0.84009457,0.06646976,-0.008794739,-0.6113104,0.8569814,-0.11611492,-0.11395653,-0.0072311796,1.3631911,-0.47304472,0.90046805,0.82816434,-0.25187948,0.21273968,0.21315646,0.48387262,-1.0316068,-1.0004563,0.43940878,0.34389848,0.1816795,1.0401407,-1.6604122,0.17887259,0.39295602,-1.1581886,-0.27834097
usa_15_61,0,usa,0.06120836,-1.1023432,-0.23313306,-0.06655506,-0.0016230177,-0.21274011,0.5391826,1.0063187,0.36263767,0.2738886,-1.1243668,0.5723105,0.576738,-0.08902897,0.7301541,-0.27791783,-0.26282316,0.42225116,-0.69214654,-0.37983683,0.25999042,-0.9867732,0.87208134,0.4421635,0.6186255,0.34770277,0.8156156,1.0288756,0.38813582,-0.04285284,-0.000921241,0.44585106,0.31694862,0.41222227,0.29891685,-0.16214198,0.677934,0.7110267,0.19549972,-0.06363157,-0.694114,0.7181928,-0.08784253,0.020726342,0.22935198,1.159865,-0.18917456,0.96647775,0.7174711,-0.14457163,0.152951,0.21361345,0.2282746,-0.80676466,-0.9072109,0.53833574,0.12451128,0.22362013,0.90439343,-1.4646536,0.20109987,0.3543654,-0.9314802,-0.09963629
usa_61_110,0,usa,0.16637272,-0.8541967,-0.80537045,-0.31616244,0.08272441,0.45382032,0.011934402,0.52075857,0.07062586,-0.5700667,-1.2499872,0.33120963,-0.30514103,-0.1556845,0.8832241,0.15288426,0.3549282,-0.24999619,-0.5902491,0.48964405,-0.041060403,-0.97616804,1.2745701,0.124365225,0.24844155,0.6424691,1.1974093,0.40317035,-0.0350909,0.43945506,-0.6883367,-0.03305617,0.74973273,0.25918707,0.68089855,-0.78841484,-0.35150942,1.0430744,-0.17730677,-0.030331679,-0.25743517,0.80343485,-0.28356785,-0.56016237,-0.69047165,1.5728489,-0.9908898,0.2181288,0.06873377,-0.50322807,0.39508468,-0.11096278,0.572513,-1.1585838,-1.2620769,-0.22954565,0.9641279,-0.13140595,0.5772668,-1.6132835,0.82073754,0.25352842,-1.3269472,-0.67543894
usa_19_64,1,usa,-0.059012268,-1.2446833,-0.35782185,0.023777079,-0.17608567,-0.11738848,0.59336,1.0593629,0.5237195,0.045144472,-1.4953893,0.71655875,0.3735887,0.05705397,1.0292895,-0.19220449,-0.15933044,0.43732375,-0.8488546,-0.271947,0.3173473,-1.0704966,1.246528,0.4708777,0.68359226,0.2882671,0.98532534,1.0955753,0.42292002,0.120833725,-0.13231124,0.5088072,0.38571978,0.7144534,0.26528043,-0.3152882,0.5065679,0.83498955,0.069654435,-0.010026443,-0.6053346,0.85030055,-0.11245098,-0.11377219,-0.012874279,1.359148,-0.47329316,0.89353216,0.8257535,-0.2450205,0.20469378,0.21222015,0.4819071,-1.0265614,-1.0004684,0.4336607,0.34445783,0.18057975,1.0324544,-1.6549888,0.18461493,0.3965672,-1.1579045,-0.2782616
usa_10_92,1,usa,-0.06107613,-1.0790445,-0.3985023,-0.051035754,-0.056733698,0.003036308,0.41230935,0.9856488,0.5505178,0.054926444,-1.3241637,0.65583694,0.34269193,0.012006514,0.9170495,-0.05659108,-0.027426181,0.43178442,-0.82707983,-0.22540765,0.32575008,-1.0601947,1.1019442,0.44160464,0.5038504,0.4339693,0.8977956,1.053091,0.42708862,0.17229052,-0.18191744,0.45092773,0.2770308,0.69370246,0.2285924,-0.4586977,0.51752067,0.7606158,0.06044661,0.14992782,-0.640962,0.738722,-0.2755297,-0.092951156,0.01206147,1.276288,-0.4132824,0.90073895,0.7838115,-0.18535827,0.18642212,-0.024398323,0.47360316,-1.0176973,-0.8412581,0.40249327,0.25018844,0.11545059,0.70096546,-1.4952108,0.38669872,0.4046759,-1.0631194,-0.29885256
usa_53_113,0,usa,0.0049131736,-0.88382155,0.014809072,0.060132883,0.12096268,-0.08516137,0.13262443,0.94342166,0.9193735,0.55702984,-1.3770025,0.66351396,0.4886274,0.1465266,0.5962487,-0.22886452,-0.22658004,0.53876483,-1.121114,-0.42163804,0.31655526,-0.7234094,0.86899644,0.4890031,0.35234153,0.03603705,0.6093181,1.2432425,0.46723756,0.048868664,-0.16474786,0.58711547,0.10967974,0.5285555,-0.0227235,-0.19209592,0.8045762,0.40538034,0.3655698,0.23996387,-0.562304,0.25421438,-0.22493719,0.1462153,0.23239446,0.89234936,0.19091702,0.9470252,0.73212415,0.18330573,-0.21595211,0.010193147,0.42833164,-0.84371656,-0.49942464,0.33048177,0.089376315,0.520034,0.59399253,-0.8125253,0.22160794,0.13809095,-0.68734354,0.16238388
usa_53_73,0,usa,0.087820575,-0.9944689,-0.51809514,-0.031824775,-0.035489835,0.13849597,0.43530333,0.90584207,0.28884017,-0.12547119,-1.1829885,0.61566305,0.31668046,-0.09710355,0.8874295,0.004657939,0.034320053,0.25378692,-0.61766875,-0.19152972,0.21743004,-1.0029371,1.1205982,0.43930534,0.48380542,0.40866652,0.9479026,0.91043675,0.29406872,0.19509253,-0.06503743,0.32742637,0.40189466,0.5257907,0.32096213,-0.4901165,0.27119556,0.8866602,0.048053242,0.021794578,-0.6299942,0.74479795,-0.313154,-0.2142676,-0.113684766,1.2945333,-0.59547526,0.7429396,0.52055585,-0.27188972,0.29243818,0.024988601,0.38433325,-0.8896444,-0.91557926,0.2874702,0.38156676,-0.036916744,0.668505,-1.5557758,0.39980814,0.3257206,-1.1319388,-0.4533639
usa_84_92,0,usa,-0.006046169,-1.2042739,-0.45680004,-0.041798644,-0.13263406,-0.032870285,0.5149973,0.9941107,0.47064847,-0.039711267,-1.4911095,0.6855234,0.29996568,-0.03924729,1.0865383,-0.1484704,-0.062516026,0.32203385,-0.7956757,-0.165744,0.27978098,-1.0672344,1.2384075,0.45255092,0.65647084,0.3580976,1.0205011,1.0023003,0.32173654,0.21362889,-0.22046536,0.4576532,0.44428587,0.646457,0.32523242,-0.4287586,0.4014114,0.88345265,0.020811254,0.037037358,-0.56902087,0.8652795,-0.1247725,-0.1851048,-0.1360134,1.4131325,-0.5213169,0.83199066,0.72624713,-0.2889208,0.23300876,0.15712368,0.5079318,-1.0373412,-1.052762,0.3331229,0.44072136,0.15423822,0.9515519,-1.6714618,0.2783871,0.41774753,-1.2274413,-0.34094295
usa_3_29,0,usa,-0.041366123,-0.44180033,-1.2227612,-0.48462903,0.42837745,0.57963616,-0.33249882,-0.016178003,-0.1587968,-0.73412585,-0.9036602,0.26650617,-0.4747136,-0.4631098,0.6786239,0.55005795,0.7875125,-0.50202644,-0.15026629,0.8079136,-0.09213387,-1.0386627,1.1909751,-0.3700166,-0.25497842,0.77848047,1.0143979,-0.00889826,-0.38662118,0.63201886,-0.8602289,-0.51993823,0.5886856,-0.012044152,0.8193236,-1.3122125,-0.94217026,1.2457774,-0.37415996,0.12817518,-0.2535997,0.5497693,-0.586801,-0.8505057,-0.9231411,1.3512205,-1.1453323,-0.45721516,-0.3506542,-0.5627141,0.6722026,-0.33121818,0.48160326,-1.1725874,-0.9330651,-0.56446844,0.94708633,-0.4036134,-0.31173173,-1.292948,1.0387907,0.07951543,-1.1124842,-0.8530546
usa_58_104,0,usa,-0.09826593,-1.2465645,-0.23197204,-0.065138675,-0.0905807,-0.23096414,0.5533596,1.1338733,0.6522261,0.29258257,-1.4044671,0.61786056,0.47130728,0.05318296,0.8811563,-0.23023772,-0.18299325,0.56596607,-0.9526826,-0.30699697,0.2869707,-1.0721318,1.0943158,0.4412685,0.601775,0.32795897,0.8115418,1.1255822,0.54946536,0.08076516,-0.18661411,0.5216053,0.2986137,0.7276403,0.24038544,-0.22477385,0.82716846,0.6916665,0.1122458,0.0072574783,-0.70375764,0.7994057,-0.16491365,-0.041341033,0.20314732,1.3014272,-0.28229284,1.0491153,0.9445866,-0.14768857,0.12012455,0.15249869,0.44828224,-1.0483555,-0.94703853,0.6431952,0.19704673,0.2378245,0.9263807,-1.5574547,0.18763903,0.39455023,-1.0073328,-0.09587786
usa_69_104,1,usa,-0.17114072,-0.9083063,-0.14418532,0.058257006,0.1684006,-0.113145135,0.38184217,0.79942554,0.75283664,0.33389008,-1.3419728,0.48687565,0.4730986,0.26259625,0.6334664,-0.23114884,-0.25499642,0.5811046,-1.0812476,-0.51392835,0.32333988,-0.9335396,0.9025324,0.5380042,0.55873114,0.2064616,0.74445266,1.32823,0.5608877,0.05519098,-0.13151461,0.5980228,0.06566772,0.5100542,0.061640985,-0.24817517,0.7787343,0.5919118,0.28079942,0.10387502,-0.6154105,0.5709936,-0.19748937,0.10920433,0.47864196,0.9633457,0.081241235,1.0989349,0.8273619,0.086913355,-0.032666415,-0.023353312,0.30229023,-0.90819645,-0.5233783,0.4588958,-0.07816549,0.49163,0.8292357,-1.1689441,0.20407681,0.49914,-0.86906576,0.039350655
usa_87_113,0,usa,-0.022870928,-1.1675942,-0.14751185,0.10883111,-0.10102964,-0.14222547,0.59216624,1.0327518,0.6919101,0.23215969,-1.4749888,0.7501832,0.5125376,0.13683295,0.91631913,-0.32047635,-0.34490752,0.5507899,-0.94698805,-0.46635592,0.4271175,-0.97901094,1.0607847,0.46483415,0.75082576,0.18357535,0.9155259,1.3260928,0.45630577,0.010977206,0.021255894,0.64518297,0.25145614,0.6216976,0.15125252,-0.24711609,0.66138786,0.73409635,0.13713343,0.054078266,-0.58685404,0.6819947,-0.10354865,0.106284045,0.15757257,1.114931,-0.15411435,1.052033,0.8449605,-0.07467507,0.13903554,0.21546006,0.369772,-0.8968905,-0.78887093,0.49133325,0.09183586,0.32112354,1.0428691,-1.4303163,0.07493487,0.34276274,-1.0147842,-0.11329763
usa_12_28,0,usa,-0.052030176,-0.7196696,-0.7166858,0.015816575,0.33799702,-0.5149979,0.7658401,0.7874182,0.7109991,0.32260308,-0.08634906,0.63623863,0.8726295,-0.14877601,0.39652684,0.52719045,-0.007572609,0.33614933,-0.31439385,-0.7730454,0.96534306,-0.15879123,0.5553855,0.5938167,0.60000193,0.18120344,0.45288473,0.7556777,0.055593804,0.34630182,0.6507077,-0.3105552,-0.40860775,-0.3202041,-0.11804662,-0.6558715,0.71499795,1.201819,-0.061423227,-0.3834073,-0.95516837,0.15523359,-1.0907878,0.47976205,0.26475435,1.4443629,-0.88237643,0.7839658,-0.34581822,-0.04363309,0.76162744,-0.07069224,-0.44247618,0.89699864,-0.3676497,1.1128664,0.46475783,-0.47103307,-0.6024871,-1.3878353,0.030467562,-0.2115212,-0.2349126,-0.672187
usa_28_106,0,usa,0.030067928,-0.89123946,-0.54202604,-0.36044595,0.07640065,-0.03228845,-0.08575238,0.63137877,0.19906707,-0.12899666,-1.169702,0.56021357,-0.13656852,-0.1815044,0.821747,-0.07888039,0.28627497,0.12060988,-0.5024728,0.3808295,0.03490005,-0.91422945,0.87005097,0.17953673,0.27380452,0.5858931,1.069694,0.5677398,0.07187191,0.3807147,-0.60009515,0.2312062,0.44135338,0.547372,0.3065621,-0.5825618,0.11778109,0.76255244,-0.32749975,0.008869514,-0.44026887,0.5905384,-0.05656435,-0.49179325,-0.4109758,1.0118862,-0.6295234,0.61653215,0.23485956,-0.20093274,0.17468733,-0.16956092,0.6327361,-0.9891938,-0.94499946,-0.039558478,0.79343426,-0.15462206,0.1805534,-1.3056986,0.59105957,0.09888423,-1.0145062,-0.32078686
usa_97_106,0,usa,-0.14084198,-1.0629158,-0.4662049,-0.037152678,-0.15075162,-0.08938507,0.42129466,0.9494365,0.5272384,0.0843264,-1.3845973,0.69318384,0.4599659,0.00069470797,1.060467,-0.2861899,-0.09585544,0.42236507,-0.83015645,-0.3856837,0.3312876,-1.0333581,1.1636782,0.47622895,0.6326683,0.26617542,0.9808317,1.1908176,0.476576,0.12423928,-0.20560502,0.6397766,0.43629465,0.65641534,0.26176703,-0.40404204,0.36726034,0.9004717,0.012143965,0.1315257,-0.6863923,0.6539596,0.0016623009,-0.20662878,0.09034979,1.1704404,-0.45127937,0.9799468,0.7880736,-0.2404203,0.20955095,0.1019264,0.39467376,-0.99248916,-0.96549857,0.4001613,0.29085356,0.2700726,0.837535,-1.511218,0.19211416,0.268207,-1.0368394,-0.386969
usa_26_28,0,usa,-0.029919706,-0.6967548,-0.36135712,-0.29050413,0.22523457,0.22841275,0.062029015,0.4335315,-0.04967623,0.068152644,-0.58915555,0.26214907,0.0051488606,-0.18867078,0.3814392,0.26840279,0.3461007,0.14781165,-0.5396687,-0.059392326,-0.06119022,-0.8499386,0.7303297,0.44836608,0.27914402,0.40690354,0.73952246,0.75331426,0.25009224,0.31155357,-0.5330686,0.21513428,0.408634,0.44843304,0.22567196,-0.4391643,0.078722104,0.848911,-0.13322085,0.06368176,-0.17310497,0.24901265,-0.14126912,-0.39490753,-0.073969714,0.6819138,-0.6149072,0.64328986,0.14119467,0.08437581,-0.04630843,-0.010885459,0.33224174,-0.72840005,-0.53761685,0.33865157,0.3069727,-0.36919057,0.2952065,-0.94478875,0.72345287,0.5434849,-0.8415315,-0.45537385
usa_28_104,0,usa,0.2571956,-0.70651764,-0.78292865,0.19479649,0.7594901,1.2946583,-0.07974286,0.22677815,0.46100566,0.41254035,-1.7979732,-0.28491384,-0.5200518,1.0159757,0.4450629,1.0429459,0.16687569,0.20209642,-0.5420959,0.93056697,-0.23694809,0.037260946,0.15845129,0.3514336,0.80555505,-0.86938226,1.142053,0.677383,-0.5407577,0.6870228,-1.7440813,-0.38407215,1.5708734,-0.82377744,-0.075667396,-0.26289082,-0.36751848,0.4889659,-1.2400725,-0.101555444,1.7257081,1.7808334,-0.588715,-0.8787795,-0.71916884,1.6794547,-0.30947447,-0.47520658,-1.0824203,-0.8257459,-0.47173333,-0.4902071,0.5935782,0.17841141,-1.2965245,-1.2996173,0.9375412,0.48193347,0.52415866,-0.29800057,0.7894237,1.206909,-1.2103014,-0.49897563
usa_28_47,0,usa,0.054723628,-0.843923,-0.6890923,0.27936307,0.49968243,0.87120897,-0.3329466,0.82879096,-0.12455758,0.12734601,-0.7141949,0.09496508,-0.34333003,-0.4181493,1.4083569,1.1034693,0.29679435,0.036322072,0.23868766,0.8335698,-0.67214847,-0.41731614,0.5829118,0.20423616,0.24700552,-0.35408312,1.0070869,0.03862773,-0.73837477,0.24403019,-0.7135358,-0.0063756863,1.0707392,0.1123327,0.11177635,-0.21790388,-0.52455205,0.5449134,-0.7163345,0.84545016,1.2896419,1.3873973,-0.30028504,-0.6135533,-0.44226688,0.80868,0.24623008,-1.255264,-0.6253399,-0.005348784,0.2741232,-0.4830886,0.66938597,-0.49233952,-1.0265479,-0.7803366,0.85242397,-0.552837,-0.28776643,-0.4983181,0.9839721,0.66528225,-0.44450998,-0.33118957
usa_103_104,1,usa,-2.5490494,-1.698687,1.0958352,1.7641256,-2.0322397,-2.1036286,1.676918,1.2140701,2.5294938,2.4659142,-1.3701727,1.6517744,1.5444038,1.3212001,0.73759013,-1.8082737,-2.2214615,2.0064108,-0.31509194,-2.7299526,1.272898,-0.2128049,0.36418402,0.1649479,2.403237,-0.8768163,-0.35714427,3.4430184,0.69756716,-1.3601445,0.75814164,2.478766,-1.2085418,0.74139225,-1.5586222,1.5308589,3.2542682,-0.32557124,0.6976645,-1.719835,-0.7239677,0.45494458,0.6777573,1.7249459,1.049719,-0.2263799,0.67991555,2.5549629,1.8595237,1.4579829,-0.7458525,1.4133143,-0.51405966,-1.1376536,1.4819856,2.4137967,-0.9976287,1.011594,2.0623882,-0.11129189,-1.6231114,-0.08246374,0.49849284,1.2518463
usa_73_87,1,usa,-0.18169564,-1.2074745,-0.30901542,0.18678987,-0.16625643,-0.46005023,0.6128423,0.9541261,0.7044216,0.38339728,-1.4251392,0.7896896,0.5603673,0.051973835,1.0247056,-0.48777074,-0.19029017,0.7515178,-0.82917184,-0.39634353,0.31240445,-1.0165834,1.0393618,0.3681396,0.7056412,0.15836732,0.70350534,1.0678086,0.31804216,-0.0879812,-0.09829298,0.4882643,0.023786519,0.7739991,0.020629494,-0.30186045,0.6531834,0.5668968,0.20485395,-0.15705906,-0.70764524,0.9102973,0.0003526667,-0.044117987,0.058101207,1.1807241,-0.1915169,0.891399,1.0037552,0.002941575,0.00349586,0.11399711,0.42094904,-0.9809234,-0.7997704,0.5636196,0.21384393,0.24246,0.8920509,-1.4895123,0.029328674,0.09225276,-0.89244676,0.0402275
usa_53_87,0,usa,0.41500616,-0.5291211,-1.2473335,-0.7876127,0.643588,1.2702577,-0.5089624,0.36838594,-0.11220108,-1.0427629,-1.3196292,0.16869973,-0.5468752,0.27153295,0.85973257,1.0333914,0.45107055,-0.8282522,0.0075967163,1.5485456,-0.1258905,-0.91341823,1.2533243,-0.13568564,-0.075216584,0.52217954,1.8466338,0.10031945,-0.5545952,0.6784805,-1.2819965,-0.6451517,1.1266841,-0.50689566,0.97801125,-1.1682293,-1.0777429,1.0885864,-0.9612242,0.46932548,0.5458633,1.1648022,-0.22279368,-0.79427767,-1.3570336,1.741598,-1.0683854,-0.77877563,-0.78892654,-1.1639955,0.5510348,-0.2172751,0.5805109,-0.9901039,-1.5324634,-1.3064039,1.4598044,-0.049899947,0.10049647,-1.2787806,1.3054473,0.47655442,-1.6237179,-1.2688922
usa_12_87,1,usa,-0.3617913,-1.1880141,-0.09393568,0.19176576,-0.04315275,-0.23328103,0.6102598,0.9336038,0.8213021,0.42810115,-1.4292936,0.7233985,0.6717708,0.27873313,0.9435996,-0.34102228,-0.34090757,0.7257019,-1.0495586,-0.68121976,0.39560157,-1.0299289,1.0951428,0.5376945,0.6869672,0.103232756,0.7623348,1.520717,0.73083544,0.06461517,-0.096806906,0.67339617,0.21885425,0.6310201,-0.050714485,0.031360347,0.82635266,0.6467571,0.037857343,0.0933208,-0.5701044,0.61178803,-0.042261224,0.021501385,0.3733855,0.97501665,-0.10200576,1.206996,0.99717516,0.05904871,-0.118692175,0.08352816,0.38956648,-0.87651336,-0.6269293,0.5936488,-0.1349994,0.48292693,0.7874388,-1.3152269,0.14215972,0.461219,-0.86927444,0.051110607
usa_10_15,0,usa,0.015755195,-1.0997922,-0.47257406,-0.03689397,-0.10531741,0.0444019,0.442133,0.9645976,0.3746678,-0.06978686,-1.3354713,0.67483723,0.26637787,-0.061383642,0.95197976,-0.04064887,0.0021905862,0.33486295,-0.71246946,-0.17069656,0.2620227,-1.0364596,1.2082516,0.43801415,0.56938,0.40330255,0.9957088,0.9783869,0.334998,0.192463,-0.14584762,0.43225682,0.38597298,0.64833486,0.27791348,-0.47023278,0.33688033,0.8690126,0.009196679,0.042250276,-0.57388633,0.7972116,-0.21655102,-0.17714964,-0.1129687,1.2894645,-0.5580322,0.8076726,0.64499265,-0.2786821,0.26108152,0.081448644,0.47965994,-0.9522902,-0.9361408,0.30319193,0.3790934,0.03425278,0.8045492,-1.5625472,0.33980307,0.36520872,-1.1263492,-0.41266972
usa_28_84,0,usa,-0.045701772,-0.9215926,-0.0059707453,0.0109565845,-0.0055652857,-0.16265523,0.24823451,0.8448893,0.5497006,0.31740424,-1.2851449,0.6465174,0.32579958,0.09116794,0.65143263,-0.33204666,-0.21776372,0.55704224,-0.9046836,-0.45399278,0.35963497,-0.76610273,0.74430406,0.47970152,0.64568484,0.22776277,0.8009846,1.3241066,0.4178365,0.052085966,0.04235708,0.70897,0.020999543,0.56235105,0.05664342,-0.17706124,0.6063294,0.55756694,0.19933924,0.056416415,-0.42416114,0.30392,0.03261038,0.12009878,0.22385256,0.6041302,0.0936924,1.0683241,0.7130841,0.2929055,-0.20638822,0.17739955,0.2652097,-0.74537516,-0.5225787,0.31647867,-0.06839285,0.32214344,0.954076,-1.0163883,0.10003426,0.47172707,-0.80279297,0.0015019141
usa_92_112,0,usa,0.11286072,-0.5289041,-0.86516374,-0.55086476,0.32848918,0.39899737,-0.34789085,0.39325574,0.13826637,-0.24336036,-1.0570049,0.19025095,-0.4436931,-0.50148064,0.6649157,0.2667018,0.51077944,-0.34792322,-0.28250036,0.55304724,-0.3455554,-0.78644514,0.81463736,-0.2611181,0.1087455,0.6150044,1.1377239,0.32757747,-0.18105915,0.78379405,-0.9628645,-0.1748807,0.70908463,0.12480667,0.5216923,-1.0776592,-0.11830445,1.0244635,-0.25903055,0.13506956,-0.33573735,0.59728086,-0.30226827,-0.6537002,-0.73330927,1.022434,-0.84468013,0.27422583,-0.12492939,-0.502836,0.38500684,-0.24234885,0.63693273,-1.1659069,-1.0133849,-0.0084243715,1.0645982,-0.35996345,-0.102304146,-1.1587751,0.8804016,0.17104268,-1.0003383,-0.558991
usa_3_46,0,usa,-0.14571501,-1.0507356,-0.23001306,0.14434329,-0.093952835,-0.06983018,0.43498424,0.9270013,0.6472394,0.058278427,-1.4705875,0.67769134,0.39570978,0.1535649,0.94193536,-0.18505062,-0.19568925,0.4592348,-0.92368066,-0.35161766,0.39209235,-0.9677511,1.2178106,0.48591396,0.51270294,0.24134845,0.89408284,1.2808079,0.43275207,0.16430795,-0.11181704,0.609365,0.22521178,0.57600355,0.14857586,-0.21260668,0.4596574,0.74901766,0.11079489,0.16750267,-0.5621544,0.6336607,-0.094911225,-0.043995205,0.040049102,1.1801518,-0.24981636,0.8636132,0.78036743,-0.13248158,-0.032970533,0.1599848,0.441055,-0.85996383,-0.80096287,0.3218375,0.15342642,0.38429165,0.8128059,-1.3606777,0.18726496,0.39479807,-1.0296941,-0.1395317
usa_28_92,0,usa,-0.2289841,-1.141266,-0.44742858,0.10666873,0.05777424,-0.069240734,0.48938876,0.7996342,0.6799376,0.20284636,-1.5664859,0.756838,0.40137944,0.18127993,1.0918975,-0.03206429,-0.17088683,0.6261014,-0.8013887,-0.0586083,0.20990284,-0.91009045,1.3288668,0.45589906,0.5826328,0.12193153,1.0534455,1.0019596,0.28614542,0.09665423,-0.34555224,0.34713468,0.34572425,0.46893993,0.1559285,-0.4864261,0.49699357,0.65066594,-0.011891049,0.21815957,-0.35996747,0.801016,-0.37798178,-0.21691294,-0.17338322,1.3009995,-0.2983166,0.8600792,0.73562425,-0.18956658,0.032170232,-0.20033781,0.5887705,-1.0221937,-0.92656004,0.2665175,0.27135453,0.31731012,0.8223129,-1.3990176,0.3516986,0.39216742,-1.0741572,-0.07301689
usa_35_79,0,usa,-0.01400252,-0.9419458,-0.27364045,-0.10379048,-0.114782006,-0.38975158,0.44630837,0.8861381,0.50500584,0.3596367,-1.080001,0.463512,0.5544604,-0.10498741,0.68949,-0.4685579,-0.17073566,0.6018327,-0.77505034,-0.27202177,0.1879147,-0.8305025,0.8622086,0.36056522,0.60252994,0.32710734,0.8293941,1.0304705,0.4871794,-0.04672045,-0.099105336,0.5549625,0.34308773,0.68881714,0.1191196,-0.2619267,0.75655603,0.691961,0.06699859,-0.05647084,-0.67623097,0.5552449,0.06757649,-0.18833946,0.26668018,0.9329233,-0.065330125,1.135987,0.7645745,-0.059268575,-0.06071618,0.05452772,0.4330999,-0.914878,-0.92628795,0.6067514,0.22528721,0.30645344,0.8021318,-1.274616,0.0013686819,0.080872945,-0.6879758,-0.04663484
usa_53_79,0,usa,0.85360914,0.76901805,-0.05096319,-1.3655797,0.4636144,1.0772365,-0.6568027,-0.18494388,-0.73303676,-0.7753794,-0.6704699,0.14814518,-1.0398636,-1.0596267,0.54508495,0.9923108,1.2300652,-1.3651255,0.97511667,0.8926963,-0.5518989,-0.42668578,1.2636077,-0.68806434,-0.9842637,1.0816588,0.9042298,-0.16558988,-0.8611408,0.40361017,-0.3197192,-0.90981823,0.7567634,-1.8020376,0.53481793,-1.4843457,-0.6861571,1.5543141,0.042037025,0.4823155,0.22842386,0.111715004,-1.1250067,-0.7394326,-0.908106,1.2366054,-1.2373605,0.023564996,-0.9144207,-0.5815878,1.282754,-0.60570174,0.8802124,0.13461135,-0.45342425,0.19171481,1.2322255,-0.98267734,-0.005986633,-0.13199861,1.4703472,-0.78144586,-0.49066517,-0.8467566
usa_38_64,1,usa,-0.2598988,-1.25383,-0.2310972,0.053828783,-0.1567603,-0.15927148,0.600214,1.0247726,0.52034336,0.20381774,-1.3670353,0.7822604,0.50778145,0.15673651,0.8986914,-0.23408224,-0.25053704,0.5930054,-0.86696774,-0.5023191,0.44457275,-1.0916296,1.112831,0.59454906,0.7382207,0.2282197,0.95216143,1.2591258,0.55064666,0.052881323,0.061221607,0.6383904,0.12952042,0.75081944,0.08557219,-0.081841946,0.583156,0.74600595,0.015421041,-0.08225572,-0.6558685,0.69659734,-0.074508965,-0.061713163,0.23014374,1.0284593,-0.37902522,1.0569645,0.88644314,-0.042232573,0.0909996,0.26129964,0.38442418,-0.90846187,-0.6966963,0.55146694,0.0852771,0.2525486,0.95632136,-1.492364,0.14157185,0.3270954,-0.9947857,-0.16020249
usa_60_97,0,usa,-0.1309006,-0.97919106,-0.35701844,-0.050017044,-0.116885394,0.008065488,0.4882192,0.85272735,0.4734079,0.1310695,-1.1545222,0.4798826,0.3797376,-0.021779682,0.7334696,-0.1613019,-0.054343987,0.44678667,-0.8530527,-0.3933199,0.25877422,-0.9781468,1.0206604,0.5182819,0.6354833,0.31298918,0.84263206,1.2124716,0.5877978,0.0997857,-0.12824976,0.54679155,0.34738103,0.71275765,0.21931605,-0.36932305,0.43798563,0.8413496,-0.06995655,0.04605311,-0.5270659,0.5547945,-0.1395334,-0.18616842,0.25088537,0.96021473,-0.38519007,1.0680785,0.6026751,-0.14066598,0.12043707,0.11675771,0.36700442,-1.004686,-0.7780629,0.57682437,0.19321862,0.18659443,0.70954156,-1.3046535,0.17279884,0.2973974,-0.9722732,-0.39272562
usa_77_116,1,usa,-0.061379176,-1.2475281,-0.35330895,0.030063165,-0.17819783,-0.12630238,0.5954313,1.0653368,0.53023833,0.05567543,-1.4911985,0.71913624,0.37492198,0.06461291,1.0200958,-0.2000303,-0.16492024,0.4484459,-0.85013926,-0.27850708,0.3158121,-1.0696981,1.2445682,0.47187313,0.68064743,0.27699253,0.97963065,1.096397,0.42936385,0.114632934,-0.12724434,0.5095789,0.38308388,0.7173307,0.26009366,-0.3064092,0.51913136,0.8296382,0.0745579,-0.01610081,-0.6080302,0.84548753,-0.11170752,-0.11297591,-0.002013852,1.3556316,-0.46646577,0.8983874,0.83741504,-0.23875439,0.1979835,0.21372993,0.47725356,-1.0252589,-0.9929743,0.43585387,0.33734164,0.1828326,1.0359861,-1.6516703,0.1798626,0.39205414,-1.1484234,-0.2682573
usa_89_101,1,usa,-0.0496648,-1.242607,-0.38770038,0.0011695968,-0.15744309,-0.091108814,0.578155,1.0356143,0.5143376,0.030928623,-1.492215,0.7142676,0.36277106,0.046763483,1.0456147,-0.17311883,-0.15361713,0.41101587,-0.83822715,-0.24208568,0.31509557,-1.0699434,1.2677189,0.46486387,0.6747589,0.28161457,1.003778,1.067425,0.40633056,0.11802615,-0.15192853,0.48803768,0.40776068,0.7030305,0.28457662,-0.33022594,0.4691529,0.8416111,0.057215344,-0.0023276517,-0.60392964,0.8638186,-0.12651739,-0.14405939,-0.03831441,1.3683739,-0.47429165,0.8773993,0.80173767,-0.2763565,0.22084624,0.19284974,0.48897427,-1.0443921,-1.0086399,0.4064831,0.3641374,0.18571737,1.0135295,-1.6562196,0.20350723,0.3971609,-1.1722263,-0.29887864
usa_79_113,0,usa,-0.082309015,-0.93709207,-0.54425097,-0.19195065,0.0847448,0.1794981,0.22644585,0.85671777,0.59032243,-0.22298504,-1.4430792,0.6094007,0.10941606,0.16007726,0.9637458,-0.026233448,0.015704531,0.2590901,-0.7490618,0.15740494,0.18544367,-0.95325744,1.0995419,0.25801456,0.35963315,0.407458,1.0856967,0.8940462,0.21864432,0.3983787,-0.42202848,0.29638034,0.46773842,0.44513792,0.4532366,-0.57714045,0.4277437,0.7716422,-0.029838178,0.27892807,-0.4889754,0.5691656,-0.32958803,-0.20295209,-0.32097253,1.4216505,-0.49269566,0.7394289,0.5857747,-0.23272492,0.05390668,-0.092052825,0.5864053,-1.0777307,-0.98879194,0.14547592,0.559567,0.1813711,0.6927264,-1.4126976,0.56163925,0.3074472,-1.1684996,-0.18868041
usa_12_40,0,usa,0.066773884,-1.1206456,-0.11485755,0.12820914,-0.06235739,-0.12102177,0.4882084,1.0023828,0.734334,0.28512958,-1.4270535,0.6987165,0.55000687,0.13793045,0.8775716,-0.31530508,-0.3798713,0.5661407,-0.99530923,-0.49785197,0.45018017,-0.93468577,0.9787347,0.47679526,0.7098108,0.15937078,0.87246597,1.2957562,0.4636029,-0.049291596,0.055769008,0.6102823,0.24852869,0.537746,0.13342246,-0.24862379,0.6700976,0.6896922,0.18568228,0.07325707,-0.6097406,0.5847941,-0.09379365,0.12956469,0.19983594,1.0772039,-0.032535873,1.0365632,0.73569393,-0.064224705,0.08959139,0.1204478,0.32563418,-0.81933194,-0.76535875,0.40030807,0.06763133,0.40036383,0.92114794,-1.3358172,0.117123574,0.32792518,-0.90639514,-0.06696777
usa_64_87,1,usa,-1.1812018,-2.801471,0.9925714,1.5426927,-1.2372262,-2.6560886,2.3725836,1.0846534,2.7248912,1.207586,-0.16873424,2.052318,1.5649099,1.1230695,0.36659727,-1.9829531,-1.6443341,3.0152233,-0.0689411,-1.6929971,0.22563384,0.772924,1.8560301,0.8499974,1.7214773,-1.349148,-0.7447415,2.3744469,0.438327,-0.7925067,0.8322602,1.683785,-1.0806134,1.8559809,-1.6392851,1.9834087,2.5117135,0.6350985,0.2958967,0.398539,0.003319608,0.2936457,-0.17395326,1.0407822,1.9787202,-0.29568943,0.24411495,1.4724914,2.2579894,2.5610578,-0.09911006,1.7752297,-0.551246,-1.3905625,1.3468101,1.6334696,-0.5224382,1.0252745,1.9158047,-0.34298363,-0.9114584,-0.66801673,-0.09442824,1.5594413
usa_12_112,0,usa,-0.46221614,0.15479945,-1.2560376,-0.3485782,0.7448075,0.47977927,-0.57188666,-0.18664524,-0.0020516217,-0.6312554,-0.8497518,0.25988105,-0.37328008,-0.8948215,1.2072592,0.49108934,0.77296615,-0.14298047,-0.3397159,0.47393343,-0.23234913,-0.9670027,0.99323606,-0.07808538,-0.27047,1.053609,1.1464847,0.20282896,-0.4563767,1.2664127,-0.84275633,-0.24655592,0.29858047,-0.07944819,0.18403302,-1.7678674,-0.553522,0.96986026,-0.40691128,0.9864251,-0.15587373,0.21925184,-0.84006166,-0.71330345,-0.7627521,1.1475009,-0.6385467,-0.05164215,-0.33589292,-0.41310775,0.108454615,-0.8553742,0.66998076,-0.6769429,-0.47876766,-0.24720529,0.6822192,-0.2891526,-0.8328346,-1.0809563,0.8738112,0.3302328,-0.8673527,-0.46419898
usa_69_92,1,usa,0.060555093,-1.2033362,-0.013866483,0.07179067,-0.13222812,-0.20657709,0.5912302,1.0981684,0.66062987,0.34421772,-1.3852477,0.7067163,0.5157955,0.03591545,0.8327149,-0.44086868,-0.40390986,0.6050025,-0.97960407,-0.46944663,0.38682482,-0.9170873,1.0141984,0.4174976,0.7662963,0.22707124,0.823228,1.3219177,0.5033908,-0.062257793,0.03216698,0.7380594,0.28127685,0.6123942,0.15338413,-0.09616324,0.7819961,0.65915316,0.16899131,-0.0049107247,-0.58081144,0.64461577,0.042916477,0.13955621,0.26362258,1.0225382,-0.012058511,1.146112,0.8311386,-0.010375961,0.059159495,0.24665844,0.35661373,-0.8721725,-0.83443314,0.6019123,0.015192938,0.342953,1.1253825,-1.3652048,-0.012784539,0.35842732,-0.94247776,0.0035567223
usa_40_112,0,usa,0.07412408,-0.9588859,-0.40570453,-0.104003035,-0.06701221,-0.036509447,0.17966804,0.7233452,0.24659956,0.094614595,-1.2692431,0.5918593,0.18063167,-0.27109712,0.826411,-0.19998237,0.10058813,0.3446264,-0.7432848,-0.13754189,0.20195737,-1.0025975,1.0104758,0.28877622,0.46237406,0.5210538,0.7022138,0.94600976,0.20916708,0.08625474,-0.32254598,0.4499577,0.2220943,0.4336332,0.2517131,-0.28526956,0.23085754,0.62376857,-0.016302653,0.041324005,-0.5428768,0.5947484,-0.11858309,-0.18923049,-0.053375766,0.94667906,-0.4293967,0.6818229,0.45163828,-0.04050359,0.04112921,0.10387533,0.40081885,-0.95578367,-0.777116,0.3227173,0.21135694,0.12338126,0.50399303,-1.2771873,0.32014868,0.2976891,-0.9644588,-0.22441386
usa_12_24,1,usa,-0.54068625,-0.78820765,0.43354496,1.8382384,0.15599255,-0.1147332,2.4041166,1.3066556,2.1683052,2.5099802,-2.0699584,1.4964355,1.0373509,2.9746795,-0.11908677,-0.7017225,-3.1922235,1.551711,-0.9475592,-1.5610076,1.2653847,0.848191,1.0188054,1.5894113,1.7314539,-2.0806077,0.7001015,1.7038769,0.75066394,-0.39324972,0.16929698,1.2611456,0.38701895,0.09998428,-0.670273,0.99772483,1.7037503,-0.94257003,1.1344914,-0.726035,-0.09218746,0.7213236,0.08499324,1.9665242,1.6098806,-0.23400703,1.4665878,1.7082043,0.48013702,-0.09740085,-1.0677669,-0.13266465,-0.42341763,-0.2927585,1.1672255,1.0515327,-1.5883968,2.3362663,3.2128584,2.037136,-1.0380558,-0.75988364,0.028665818,2.0069304
usa_24_104,1,usa,-0.37145296,-1.2454062,-0.1227326,0.27496725,-0.08591977,-0.20926808,0.653941,1.1197227,0.72891,0.37274483,-1.3132775,0.70193046,0.6242532,0.36322004,0.7720278,-0.4113491,-0.49650633,0.7918733,-0.7219175,-0.76419014,0.52501446,-0.9687874,0.97652435,0.58975977,0.83924013,0.07852231,0.79920644,1.3473011,0.56756586,0.034968387,0.33838883,0.89776075,0.06797075,0.789251,0.061504744,-0.08029622,0.8470803,0.3814945,0.18992062,-0.13027027,-0.63114315,0.51914555,0.009010709,0.23916589,0.37091357,0.80622274,-0.04706528,1.184859,0.95275974,0.0004206905,-0.01215778,0.23303439,0.34586108,-0.8250839,-0.45880476,0.7727057,-0.05448372,0.4514204,1.0724281,-1.1097889,-0.10437032,0.1687246,-0.79168695,0.13151081
usa_15_40,0,usa,-0.045443848,-1.183126,-0.3727008,-0.011789868,-0.067910306,-0.106526546,0.5069318,0.8986515,0.48312417,0.056308437,-1.4408957,0.7141689,0.31335407,0.07944363,1.0228329,-0.2848376,-0.16966642,0.48587802,-0.8860174,-0.27455887,0.30908915,-1.0299819,1.1798475,0.42727074,0.61547786,0.29181153,0.94012094,1.0828037,0.36507294,0.06691805,-0.19946334,0.49817422,0.29942283,0.60109246,0.2405721,-0.34788886,0.48735407,0.7909473,0.08889861,0.05498349,-0.5389953,0.7139306,-0.12079988,-0.106895275,0.049709372,1.1837574,-0.35171133,0.9370944,0.7321584,-0.25713265,0.15102771,0.08759166,0.4871073,-1.0467027,-0.91405946,0.36874518,0.30180767,0.23821191,0.93064797,-1.4807471,0.23000377,0.44744655,-1.0528104,-0.19794755
usa_12_15,0,usa,0.029425059,-0.57703096,-0.697475,-0.5753278,0.06927016,0.19851485,-0.1945602,0.21774666,-0.075453654,-0.18104209,-0.76223147,0.084707856,-0.40108287,-0.16784437,0.6030198,0.16952606,0.52397925,-0.12492819,-0.5081234,0.35026366,-0.030431177,-0.9581701,0.620265,-0.13661316,0.15129909,0.486613,0.9184006,0.69318104,-0.006658961,0.400638,-0.6902848,-0.05890629,0.54397434,0.37071416,0.50103694,-0.79596585,-0.35752738,0.87494695,-0.32830945,0.23370777,-0.13412581,0.40149388,-0.13939838,-0.47502443,-0.41760972,0.73082215,-0.6903042,0.15127945,-0.19381529,-0.105390474,0.207567,0.0511636,0.56079334,-1.0540435,-0.7406383,0.040438414,0.8193305,-0.40685746,0.0009658858,-0.97998106,0.79929256,0.18442799,-0.76961297,-0.7323273
usa_64_104,1,usa,-0.1912677,-1.1001465,-0.14008959,0.05665095,-0.046231844,-0.4567865,0.566939,0.70749915,0.63677335,0.4785548,-1.2654203,0.74173325,0.43594506,0.045507696,0.94878715,-0.37629735,-0.2836169,0.67205536,-0.8432887,-0.3660968,0.19911231,-1.0581043,1.0058068,0.49020973,0.7573448,0.19985868,0.9043897,1.1589984,0.38940647,0.078872986,-0.23045336,0.575339,0.079412356,0.79553425,-0.17633003,-0.18555757,0.67705554,0.64954686,-0.058192827,0.056542337,-0.4763595,0.7101476,-0.018263351,-0.08791724,0.18964976,0.8644213,-0.12525466,1.2604353,0.92596346,-0.0336283,0.017471634,-0.03733188,0.46974275,-1.0322083,-0.68611944,0.68793607,0.09284,0.1853401,0.8063391,-1.277519,0.046233736,0.2802979,-0.8657326,0.108759195
usa_73_94,0,usa,-0.057575464,-1.2517008,-0.35821882,0.023011481,-0.17787915,-0.12024836,0.6010938,1.062939,0.5279113,0.04714949,-1.4967225,0.7254803,0.37807402,0.06044521,1.0400252,-0.19434029,-0.16373901,0.44669148,-0.8500748,-0.27820772,0.31962228,-1.073326,1.2530107,0.47238398,0.69106627,0.28544638,0.9911128,1.1021038,0.42369378,0.11725564,-0.12908627,0.51144266,0.3863253,0.71830875,0.26075768,-0.31338242,0.51490647,0.84009457,0.06646976,-0.008794739,-0.6113104,0.8569814,-0.11611492,-0.11395653,-0.0072311796,1.3631911,-0.47304472,0.90046805,0.82816434,-0.25187948,0.21273968,0.21315646,0.48387262,-1.0316068,-1.0004563,0.43940878,0.34389848,0.1816795,1.0401407,-1.6604122,0.17887259,0.39295602,-1.1581886,-0.27834097
usa_26_72,0,usa,-0.05322636,-1.2437313,-0.36634928,0.0020006169,-0.1706108,-0.11797804,0.594879,1.0499266,0.5121706,0.031977214,-1.5071374,0.72918403,0.37618336,0.05981047,1.0528603,-0.1722457,-0.14536634,0.4291584,-0.8556598,-0.2658982,0.3189762,-1.0749063,1.2626054,0.4802125,0.687119,0.30062178,1.000219,1.0971862,0.42672962,0.12754326,-0.13869081,0.50585395,0.3895712,0.72442526,0.27059564,-0.33107525,0.5009403,0.8396723,0.07126703,-0.0081043765,-0.61014897,0.85306084,-0.11953958,-0.1285301,-0.01796756,1.3686506,-0.47803366,0.9057971,0.82239205,-0.26442277,0.22097749,0.20209938,0.48115394,-1.0345069,-1.0144371,0.42769912,0.35590613,0.17595778,1.0246572,-1.6657566,0.18077204,0.41313374,-1.1648027,-0.29435003
usa_104_112,0,usa,0.19920762,-0.90989846,-0.7009136,-0.3549378,0.08196788,0.32646492,0.12940231,0.6550061,0.10326967,-0.32566634,-1.1209486,0.43233788,-0.13432772,-0.30585563,0.82366127,0.06910631,0.35462713,-0.0558267,-0.5165092,0.20564164,0.003923166,-0.94497406,1.0882819,0.24015357,0.3223095,0.59985787,0.98860687,0.58215106,0.11626799,0.43235576,-0.44582185,0.19733205,0.5425567,0.39536598,0.5597241,-0.74315506,0.037474833,0.9704187,-0.12637016,0.062088035,-0.40762222,0.59932876,-0.29104856,-0.49275836,-0.42020804,1.3065808,-0.8557274,0.50914615,0.11343025,-0.27427176,0.22995149,0.069420666,0.5107441,-0.9757721,-1.0610534,0.061696902,0.7034913,-0.24793988,0.44571248,-1.4440551,0.6181442,0.49836943,-1.2602115,-0.5736497
usa_73_86,0,usa,-0.17656481,-1.1818603,-0.026925094,0.29532737,-0.101827554,-0.14849971,0.59706146,1.0127249,0.8863682,0.3473376,-1.5969733,0.81249505,0.5367969,0.23925287,0.99105996,-0.46064147,-0.5013089,0.6136059,-0.97654337,-0.565692,0.43612665,-0.8887183,1.0860652,0.42889568,0.86716104,-0.028295938,0.83996534,1.4285759,0.35730058,0.0052148374,0.022008326,0.86990917,0.26340848,0.5793009,0.010875767,-0.12501192,0.6492162,0.4533664,0.17792591,0.15619338,-0.5529753,0.5784967,-0.08446697,0.23230681,0.10438118,0.9265011,0.12984507,1.1204476,0.8270369,0.09904235,0.10486032,0.079554126,0.37774482,-0.94044185,-0.59134823,0.55752754,-0.10827521,0.5611544,1.1259183,-1.1817836,-0.076303326,0.048878662,-0.9469118,0.13047364
usa_53_104,0,usa,0.18956877,-0.9379107,-0.8309237,-0.44351432,0.031734034,0.3598541,-0.0015913136,0.65155464,0.10957811,-0.52034634,-1.3421345,0.4144948,-0.3516477,-0.07979744,0.8960442,0.10414984,0.31638414,-0.16006796,-0.572613,0.5374252,0.013237447,-0.9927928,1.193203,0.05767113,0.30024934,0.59057814,1.2412065,0.44713175,0.0002557747,0.5131295,-0.7029031,0.041792534,0.68519014,0.2810761,0.6863359,-0.79916817,-0.12174311,1.0259792,-0.18904611,0.09988707,-0.31717736,0.7358091,-0.26150018,-0.5247297,-0.7044716,1.5199451,-1.0631564,0.28136393,0.14796814,-0.42759377,0.36273605,0.017537333,0.6412179,-1.1435783,-1.2496917,-0.15193136,1.0503043,-0.22653446,0.65007186,-1.6023823,0.788776,0.34517524,-1.3726854,-0.63293356
usa_60_92,0,usa,0.017574169,-1.0039976,-0.5858506,-0.062128633,-0.026325267,0.1719532,0.45940498,0.9027953,0.3499361,-0.082605146,-1.2955631,0.559386,0.25832745,-0.071940936,0.87326324,0.01620492,0.067990154,0.23366852,-0.66947466,-0.17628051,0.23468895,-1.0587734,1.2067583,0.35754144,0.5153418,0.37090915,0.9014056,1.0284919,0.32630816,0.23521227,-0.1774119,0.30243218,0.42557514,0.4939269,0.3792317,-0.57442874,0.23516199,0.9542438,-0.0101791965,0.011384128,-0.5046144,0.7687456,-0.3484712,-0.16788055,-0.09035653,1.1966356,-0.6094456,0.7336433,0.5122568,-0.2960022,0.3017547,0.16354793,0.4123523,-1.0068246,-0.8922157,0.31474987,0.3618834,0.0732575,0.6731573,-1.502169,0.39046684,0.37393227,-1.1171842,-0.5048847
usa_28_40,0,usa,-0.44514838,-1.1031234,-0.32109526,0.032385666,0.111693546,0.012817413,0.51967114,0.72392976,0.51371545,0.10865176,-1.4504691,0.7022401,0.4170086,0.19966972,0.99181384,-0.0042595826,-0.20183842,0.46200523,-0.95643955,-0.34328538,0.3570439,-1.0642982,1.1752567,0.56695414,0.5995574,0.21882425,1.0340608,1.1915764,0.52637166,0.21159439,-0.25949886,0.490545,0.15743868,0.6134868,0.15024118,-0.21440822,0.3617793,0.68670386,-0.0031476682,0.04350999,-0.49952525,0.6922649,-0.18879329,-0.15883857,0.113874935,1.0450741,-0.44177648,1.0082558,0.6977539,-0.1480974,0.013403267,0.011194292,0.40796894,-0.956482,-0.6131451,0.41999486,0.11452081,0.32118148,0.7572505,-1.3828129,0.3479029,0.47297594,-1.1156243,-0.19488347
usa_28_112,0,usa,-0.29607633,-1.1422951,-0.012828668,0.015979065,0.00716812,-0.32873964,0.6024089,0.89166754,0.64386374,0.5251561,-1.3153822,0.62922525,0.61479235,0.28345424,0.74855787,-0.303457,-0.3544296,0.6908562,-1.008656,-0.5429517,0.33119595,-1.0661342,0.91004527,0.5353425,0.6562392,0.23550685,0.6548339,1.3925035,0.70043296,-0.029137168,-0.17494178,0.68203497,0.09327626,0.57950777,0.054257594,0.10261041,0.9358897,0.43259612,0.06949115,0.042528167,-0.5261584,0.5765618,-0.081538446,0.14974238,0.44162226,0.8753085,-0.044771723,1.2360764,0.9947642,0.08860145,-0.113182634,0.13241878,0.39158943,-0.86726534,-0.6448614,0.7849892,-0.27635586,0.3800755,0.8679844,-1.1885669,0.12649502,0.55554885,-0.8183117,0.12784138
usa_69_112,0,usa,-0.104570255,-0.8806024,-0.52941394,-0.043565765,-0.11462129,-0.013395898,0.3570124,0.8923048,0.3936959,0.026164953,-1.208668,0.61979985,0.3093478,0.021152116,0.72479826,-0.0417115,0.06954865,0.3582664,-0.8013284,-0.3531618,0.3252705,-0.9773367,0.91301614,0.4267529,0.52182883,0.39408612,0.87568825,1.1059384,0.4919986,0.11414841,-0.06044273,0.42185158,0.2799189,0.7299466,0.24584013,-0.5284967,0.32885373,0.8437725,0.052540414,0.027664235,-0.6093149,0.5823501,-0.16486189,-0.11997962,0.111659154,0.9969553,-0.4896114,0.8848498,0.700429,-0.20664667,0.15619756,0.05128477,0.3146402,-0.91367805,-0.7624262,0.41858584,0.24473755,0.0947242,0.6291058,-1.3412546,0.31872818,0.30215696,-0.93726695,-0.46849084
usa_3_81,0,usa,-0.059499964,-1.2555171,-0.35130447,0.03076448,-0.1802527,-0.12932065,0.6060585,1.0711473,0.5368339,0.058917303,-1.4933217,0.72971207,0.3822063,0.068956055,1.0321803,-0.20451716,-0.171229,0.46030098,-0.8530276,-0.2884218,0.3203916,-1.0730278,1.2495687,0.47369555,0.68982404,0.27319142,0.98427844,1.1066203,0.43227246,0.10979931,-0.121427014,0.5142217,0.38217947,0.7218887,0.25434706,-0.30397478,0.5295824,0.83402216,0.071574,-0.014375506,-0.6156833,0.8517497,-0.11528626,-0.11112729,0.006203415,1.3586129,-0.46517944,0.9075483,0.84000564,-0.24617563,0.20645553,0.21611333,0.47869146,-1.0305253,-0.9914366,0.44515392,0.33449638,0.18554778,1.0448973,-1.657102,0.17133036,0.38771915,-1.1480502,-0.26663813
usa_27_36,0,usa,-0.05092514,-1.256069,-0.36237383,0.01670241,-0.17206961,-0.11229362,0.5933838,1.0672805,0.5294119,0.04306721,-1.4916898,0.71398175,0.3802224,0.060513943,1.0362599,-0.192487,-0.15992267,0.44179055,-0.8543133,-0.2710779,0.31750315,-1.0716906,1.2516398,0.47393835,0.6881239,0.28122815,0.9885804,1.0922801,0.4232453,0.12123196,-0.1360139,0.50714064,0.39299363,0.72247595,0.26766735,-0.3195993,0.5132296,0.8380464,0.06767188,-0.015247999,-0.61117446,0.8568184,-0.120387785,-0.12197308,-0.010938128,1.369693,-0.4682288,0.89888996,0.82734853,-0.25708652,0.21047264,0.21267128,0.476694,-1.0427837,-1.0048887,0.43278065,0.35271654,0.18843469,1.039492,-1.6579388,0.18161331,0.3966009,-1.1632514,-0.27916068
usa_40_110,0,usa,-0.14394602,-1.165308,-0.2606188,0.008236382,-0.14168775,-0.12129161,0.51485556,1.03305,0.4361777,0.13221198,-1.3025856,0.7060053,0.42195624,0.054152675,0.8598913,-0.21665522,-0.15136197,0.52270794,-0.8348465,-0.3611341,0.39122146,-1.0437642,1.1050913,0.57324165,0.6905245,0.34402972,0.94580835,1.118301,0.50358534,0.077401325,0.023937725,0.6378283,0.26065078,0.7524957,0.14956099,-0.17149405,0.56930715,0.6763568,0.006373639,-0.018723812,-0.6342523,0.7199798,-0.05483542,-0.082891345,0.13938148,1.0427642,-0.35788625,1.0171895,0.81487584,-0.10403799,0.12439306,0.16464242,0.41259235,-0.8828677,-0.7848739,0.42472225,0.15333574,0.23116778,0.91161233,-1.4693027,0.16898522,0.35276166,-0.9924049,-0.18790051
usa_6_46,0,usa,-0.13015938,-1.1679078,-0.4593754,-0.025639938,-0.09703249,-0.08587645,0.57334673,0.93476486,0.46626222,-0.01821623,-1.4932379,0.70204914,0.30062014,0.056877345,1.0382526,-0.20937915,-0.088874325,0.39789906,-0.8261184,-0.25245792,0.29889572,-1.08398,1.2183257,0.41683778,0.6125119,0.30236885,0.97125286,1.0445276,0.43958148,0.138301,-0.17423472,0.4358082,0.3435313,0.6628621,0.27980205,-0.3663211,0.42683277,0.8671442,0.07712421,-0.015172838,-0.60295737,0.79083824,-0.14941637,-0.1648192,0.017755363,1.3475432,-0.54068106,0.8931215,0.79544514,-0.29683217,0.18360962,0.14473274,0.45172775,-1.0730007,-0.9198407,0.3888503,0.35063565,0.16495295,0.9253382,-1.6237177,0.26898873,0.42160323,-1.1234294,-0.2658985
usa_92_103,1,usa,-0.25013423,-1.2144343,-0.36087775,0.19525929,-0.1324656,-0.39262953,0.57753,0.8917371,0.73776805,0.33159736,-1.5314529,0.79531264,0.4853911,0.053937692,1.1289058,-0.41773015,-0.21424825,0.6933532,-0.7941926,-0.32583055,0.34068003,-1.0001683,1.1283478,0.30932283,0.69412065,0.18181339,0.83873534,1.0959045,0.25554633,-0.042431455,-0.15251265,0.4773837,0.09772548,0.702128,0.014702421,-0.36033744,0.6014219,0.643636,0.09141581,-0.042397045,-0.62667406,0.92660826,-0.058243264,-0.07046053,-0.069822654,1.1988772,-0.2166455,0.8785494,0.9439884,-0.042186193,0.046457715,0.0990564,0.4818052,-1.0236754,-0.7963158,0.4612685,0.22896098,0.25655892,0.8581707,-1.5007085,0.09502596,0.16912447,-0.95799005,0.0074987877
usa_6_12,0,usa,0.17462888,-0.84231126,-0.5820773,0.079887256,0.0248669,-0.43404788,0.9448184,0.79597044,0.87383634,0.42609286,-0.42942548,0.55207974,0.75169545,0.0057886676,0.8458923,0.6360786,-0.16323423,0.4587249,-0.40038317,-0.5652869,0.62264854,-0.3194678,0.6903032,0.70087,0.77474916,0.12258873,0.4964113,0.9317781,-0.08389136,0.24543805,0.64711744,-0.10260889,-0.21544869,0.08764247,-0.22539198,-0.76133996,1.0952463,1.0972162,0.13768053,-0.3815651,-0.9359874,0.66866606,-1.070896,0.2164945,0.23319168,1.7256907,-0.8536042,0.9179636,-0.13804168,0.028689995,0.75463843,0.153581,-0.0018610383,0.2422257,-0.8452141,1.1262127,0.6039381,-0.515664,-0.14158271,-1.8714722,0.03123751,-0.1902302,-0.5096309,-0.55461574
