pair_key,label,country,emb_0,emb_1,emb_2,emb_3,emb_4,emb_5,emb_6,emb_7,emb_8,emb_9,emb_10,emb_11,emb_12,emb_13,emb_14,emb_15,emb_16,emb_17,emb_18,emb_19,emb_20,emb_21,emb_22,emb_23,emb_24,emb_25,emb_26,emb_27,emb_28,emb_29,emb_30,emb_31,emb_32,emb_33,emb_34,emb_35,emb_36,emb_37,emb_38,emb_39,emb_40,emb_41,emb_42,emb_43,emb_44,emb_45,emb_46,emb_47,emb_48,emb_49,emb_50,emb_51,emb_52,emb_53,emb_54,emb_55,emb_56,emb_57,emb_58,emb_59,emb_60,emb_61,emb_62,emb_63
usa_21_47,0,usa,0.7977272,0.2514773,-0.2341435,-0.40333214,0.692372,-0.034574218,-0.7036062,-0.72912246,-0.7457956,-0.5623394,-0.27711147,-0.50293267,-0.20224866,-0.20661712,0.21396893,0.464132,0.66172546,-0.48582864,0.22609647,0.55365986,-0.20557624,-0.44515172,-0.018422484,-0.6863951,-0.35350046,0.59361506,0.8477043,-0.36656338,-0.08466939,0.89788675,-0.49695933,-0.29382312,0.47361243,-0.38384634,0.28757828,-0.22217512,-0.6474475,0.34600383,-0.26742208,0.52734303,0.06443398,-0.021044433,-0.32708538,-0.63814765,-0.1966232,-0.014806375,-0.66206336,-0.56246585,-0.13303441,-0.1831113,0.4548006,-0.9145768,0.5648408,-0.46303013,-0.73539853,-0.57636863,0.5062579,-0.2548459,-0.44530722,-0.72896343,0.50962406,0.7190795,-0.6468768,-0.7915058
usa_26_47,0,usa,0.9034654,0.40845793,-0.30934075,-0.524232,0.6337271,0.12410557,-0.82690907,-0.81478745,-0.70821756,-0.6893705,-0.57258743,-0.5081701,-0.3574376,-0.15114942,0.24708839,0.5482959,0.53974146,-0.64940876,0.32011575,0.54303175,-0.34669864,-0.34666604,0.25289512,-0.735954,-0.43979174,0.56325173,0.8573986,-0.48051578,-0.19025485,0.96000206,-0.75920206,-0.566608,0.54877955,-0.45412362,0.43488082,-0.19224553,-0.76278394,0.48959613,-0.45036694,0.70133305,0.24802284,-0.13880853,-0.42837337,-0.58559674,-0.28088033,0.090616785,-0.6730541,-0.78249776,-0.1180545,-0.12168076,0.5010605,-0.93948436,0.518598,-0.45453587,-0.6215064,-0.68171185,0.551957,-0.47968906,-0.60450965,-0.7311508,0.5488559,0.70354927,-0.61279833,-0.76952857
usa_47_49,0,usa,0.40586662,-0.02573616,0.26644522,-0.11494509,0.35917878,0.011054337,-0.25403136,-0.27812988,-0.37410975,0.14095703,0.07508476,-0.029027835,0.22758347,0.093538426,-0.07008894,0.17405248,0.27712977,-0.19229546,0.23865935,0.19957939,0.19944549,-0.20885086,-0.28299725,-0.39716458,-0.08559336,0.29347253,0.5697193,-0.04007239,0.19889113,0.4616532,0.06903344,-0.05932389,-0.0053987578,-0.03958883,0.09604647,0.42784435,-0.5189443,-0.20430504,0.266422,-0.03162548,-0.3901652,0.20869724,-0.030163433,-0.33696824,-0.059377663,-0.34864378,-0.28191292,-0.121482775,0.018271573,0.26758698,0.02044703,-0.43896285,0.22886193,-0.09770319,-0.43851015,-0.3164518,0.029093694,0.055530347,-0.17513487,-0.46712184,0.34703887,0.22378494,-0.28834885,-0.042066287
usa_47_104,0,usa,0.9278985,0.576644,-0.74673826,-0.75422764,0.83419573,0.14055619,-1.0494285,-0.81744605,-1.064086,-1.3241035,-0.7920934,-0.9485079,-0.6887493,-0.24200511,0.5171401,0.8335232,0.82640475,-0.90983725,0.62700784,1.1334078,-0.569188,-0.82365555,0.3160805,-0.9123792,-0.61068875,0.9296726,1.0557425,-0.54844606,-0.55972636,1.2023896,-0.978381,-0.7105041,0.8261636,-0.6803953,0.5797498,-0.59801626,-0.7277331,0.8438967,-0.76076746,1.045411,0.6027034,0.06747173,-0.6266749,-0.76455456,-0.30379358,0.2125408,-0.8091928,-0.946146,-0.16182601,-0.42153078,0.6944375,-0.95826215,0.74093467,-0.6505437,-0.9705383,-0.80457395,0.7541704,-0.8733244,-0.62628156,-1.016686,0.87077254,0.96787286,-0.9462819,-1.159762
usa_21_49,0,usa,0.46927816,-0.21760595,0.45339134,0.113276884,0.30944812,-0.13652162,-0.034229275,-0.108607166,-0.3276298,0.3879618,0.13373704,0.28719464,0.47237882,0.106113724,-0.15971972,0.04590504,0.28567094,-0.10426722,0.1547919,-0.1836109,0.2656915,-0.07986464,-0.30874878,-0.2325944,-0.12692267,0.14520574,0.39141688,0.12313735,0.42303994,0.19660726,0.12814271,0.10870885,0.051617444,0.1293982,-0.031282045,0.8301343,-0.3763981,-0.27305013,0.567167,-0.20063068,-0.438078,0.17489226,-0.041710168,-0.2757959,-0.009130858,-0.4153733,-0.15267646,-0.0029382631,0.09802659,0.3186454,-0.1263531,-0.28287446,0.03161143,-0.014683828,-0.36139584,-0.27259052,-0.08225115,0.20275882,-0.09224472,-0.19940785,0.1263052,0.113947935,-0.2377745,0.03939209
usa_21_104,0,usa,1.0888959,0.284947,-0.3829276,-0.669075,0.82511836,-0.08870859,-0.68214315,-0.8624358,-0.90288967,-0.99432755,-0.67899466,-0.6719034,-0.4334415,-0.54835343,0.492873,0.870984,0.67606235,-0.6019494,0.5544572,0.8598911,-0.39536515,-0.71444005,0.27075517,-0.9956167,-0.6650004,0.8716087,1.1816403,-0.73555285,-0.34841737,0.9676506,-0.54119503,-0.81098396,0.61921215,-0.49905235,0.64009446,-0.52117157,-0.86318266,0.64963925,-0.51269853,0.69097567,0.5991135,-0.16547182,-0.5445751,-0.65583134,-0.40129134,0.30185723,-0.75121796,-0.8390264,-0.35406482,-0.55466086,0.55555785,-1.0197229,0.86093074,-0.52880424,-0.9745536,-0.917978,0.8662827,-0.7626916,-0.63857406,-0.93834794,0.67021805,0.9772082,-0.8938887,-0.93463975
usa_26_49,0,usa,0.2291731,-0.35314023,0.45438978,0.13145882,0.1146926,-0.030016236,0.100214824,-0.061210543,-0.14213726,0.6424894,0.26232713,0.28427273,0.59611666,0.21318367,-0.28230345,-0.04692293,0.11377008,0.04520061,0.0206935,-0.09042686,0.3335317,-0.13857017,-0.30200458,-0.0763367,-0.04154467,0.05524881,0.20635936,0.06642947,0.4600568,0.19119345,0.25047103,0.26242697,0.017889015,0.16140155,-0.110449634,0.6812042,-0.15090735,-0.5745839,0.61844844,-0.39796907,-0.64776236,0.2385139,0.07515232,-0.27068713,0.005764663,-0.44943234,0.009283431,0.09838503,0.039940894,0.40140554,-0.2203254,-0.22154388,0.013269752,0.021414429,-0.20117179,-0.20568036,-0.094432145,0.32379588,-0.06600502,-0.1577065,0.079064965,0.019956224,-0.119552866,0.24011314
usa_26_104,0,usa,0.9119716,0.43261975,-0.28357202,-0.6277977,0.8393808,-0.21008438,-0.75528145,-0.8748665,-0.9688036,-0.88354665,-0.5972321,-0.6384257,-0.4620528,-0.4027081,0.40364647,0.69641083,0.7772427,-0.6978976,0.39151844,0.6933541,-0.23193437,-0.54984415,0.33755898,-0.8324997,-0.45426103,0.73140407,1.0111057,-0.5675191,-0.17772597,0.9823252,-0.6577445,-0.67480874,0.53109026,-0.39661014,0.56822366,-0.34640688,-0.95970744,0.60110706,-0.3700902,0.71532685,0.24870872,-0.07664558,-0.5514666,-0.6005718,-0.3094396,0.20216797,-0.7231904,-0.7532601,-0.1592468,-0.22253498,0.48634315,-0.8677605,0.64817,-0.546954,-0.67981017,-0.7593711,0.56607294,-0.65069443,-0.713488,-0.9181958,0.66761136,0.97035056,-0.7855947,-0.8453192
usa_49_104,0,usa,0.4481308,-0.09420142,0.29376644,-0.05202291,0.4055658,-0.10761903,-0.15324932,-0.26609033,-0.34705558,0.26655805,0.16361916,0.033193067,0.39001805,0.124684356,-0.11698662,0.098096676,0.38456383,-0.16805921,0.07576767,0.09369928,0.23910108,-0.28282443,-0.28351992,-0.3436976,-0.15475026,0.25724387,0.4778283,0.030073814,0.21204904,0.30684227,0.084509246,-0.07296912,0.016618073,0.003203459,0.12241699,0.61632055,-0.48039997,-0.26084048,0.38586083,-0.019262165,-0.39298403,0.17576961,-0.02000679,-0.38772124,-0.07204543,-0.28255734,-0.22001454,-0.078483246,0.028501585,0.25371227,0.02131518,-0.44914323,0.17241392,-0.10278249,-0.4187277,-0.31275773,0.036607694,0.17202303,-0.16746065,-0.2904647,0.28799105,0.03316755,-0.40869907,0.016586423
usa_47_84,0,usa,0.76962644,0.34853068,-0.27413386,-0.48179755,0.72813374,-0.010099076,-0.74258363,-0.8169763,-0.8257735,-0.4346915,-0.33284506,-0.58395904,-0.2385785,-0.25454655,0.24528039,0.5156411,0.81862557,-0.6766114,0.35690394,0.5884651,-0.33386245,-0.5258112,0.13256562,-0.6858953,-0.4766158,0.62764156,0.92696726,-0.43988252,-0.20386907,0.97215015,-0.6078772,-0.518212,0.5388566,-0.5267321,0.44669566,0.03623411,-0.771942,0.42099983,-0.21433134,0.6239585,-0.016925007,-0.056442596,-0.42990968,-0.72294736,-0.22353117,0.079797044,-0.7086184,-0.63244987,-0.15585937,-0.07096093,0.42804307,-0.90333515,0.5115509,-0.47533306,-0.80752933,-0.8037912,0.45782995,-0.32060263,-0.55378604,-0.77682984,0.6652325,0.6557838,-0.64477265,-0.6694699
usa_84_104,0,usa,0.8629713,0.32618856,-0.26759037,-0.39662108,0.5932292,-0.06890482,-0.69479537,-0.7500274,-0.75055385,-0.6127549,-0.44132942,-0.5385494,-0.29181686,-0.28088614,0.36753595,0.58081335,0.7247315,-0.63121355,0.3995228,0.6174634,-0.24848732,-0.6380142,0.20546094,-0.6870861,-0.4243014,0.5597484,0.9497467,-0.502207,-0.15607996,0.9693566,-0.4873594,-0.5236114,0.4329639,-0.3528564,0.52159256,-0.28838593,-0.7322982,0.36021495,-0.32630008,0.5450008,0.1840623,-0.052720867,-0.44181913,-0.6451519,-0.25887823,0.170956,-0.63434637,-0.5859566,-0.07339552,-0.1857287,0.39596987,-0.8993924,0.51039135,-0.35988843,-0.8161542,-0.6518025,0.5590961,-0.44528097,-0.54622924,-0.6870777,0.58194673,0.7512785,-0.66833174,-0.7006327
usa_73_106,0,usa,0.49751875,-0.03211751,0.14231965,-0.10728992,0.453346,-0.15980546,-0.3299446,-0.36890066,-0.28418395,0.08001025,0.1807073,-0.11804429,0.23291746,-0.019410469,-0.08635563,0.032139853,0.43042827,-0.3682096,-0.13279605,0.17023918,0.16613671,-0.25149992,-0.09235276,-0.34314698,-0.11504888,0.32032138,0.43621463,-0.06933914,0.18565777,0.5991823,0.07086594,-0.14201403,0.19260007,-0.17389664,0.15653668,0.37622118,-0.43237504,-0.16909166,0.20961046,0.20328018,-0.18153234,0.09367822,-0.13223326,-0.60593224,-0.13408834,-0.029489405,-0.19294894,-0.08106163,-0.006095901,0.1477021,0.21655805,-0.56116664,0.24479136,-0.11421024,-0.52715844,-0.48598558,0.37212986,0.053724878,-0.31769595,-0.1686207,0.3289605,0.17163345,-0.52252984,0.057045065
usa_92_106,0,usa,0.8121352,0.39760092,-0.29694894,-0.5267662,0.6847476,0.06389624,-0.7261221,-0.7814734,-0.88033086,-0.7351499,-0.38326374,-0.5168135,-0.21801135,-0.15857634,0.39352214,0.55643356,0.6515097,-0.638569,0.37797087,0.5770521,-0.2774809,-0.4814338,0.1432775,-0.6853157,-0.44643745,0.550678,1.0318971,-0.3569708,-0.24165723,0.8321717,-0.46434754,-0.52686864,0.48957595,-0.4162506,0.5058989,-0.107143484,-0.8113657,0.35409266,-0.36371607,0.5017443,0.046501722,-0.056752816,-0.36309698,-0.6334467,-0.3090979,0.099808216,-0.64267635,-0.5848967,-0.07796322,-0.12523568,0.39996254,-0.84895575,0.5631706,-0.5325184,-0.69123405,-0.7063905,0.4589496,-0.3945533,-0.44149348,-0.6101985,0.6516583,0.6013323,-0.6817429,-0.605639
usa_3_67,1,usa,0.05775845,-0.6171354,0.918274,0.48601142,0.060050294,-0.07876913,0.25096077,0.19876018,0.23830518,0.7336301,0.32546788,0.6136447,0.93591326,0.4892992,-0.4391055,-0.30947217,-0.23829028,0.19921005,-0.1329138,-0.62407446,0.616305,0.34850234,-0.52153826,0.09624822,0.3427814,-0.050908558,-0.0034007058,0.47127765,0.51159656,0.06073869,0.45773178,0.45480624,-0.5068567,0.36789727,-0.35483274,0.9695922,-0.023660012,-0.6542163,0.8211861,-0.49716008,-0.8830241,0.47738248,0.47692603,0.21117476,0.21686506,-0.6369801,0.41361228,0.41038978,0.39167053,0.67053616,-0.5048456,0.11182675,-0.27522156,0.24919984,0.25481603,0.18737558,-0.36853126,0.60165095,0.2656577,0.14939259,-0.20504081,-0.4319054,0.11663142,0.5229339
usa_12_67,1,usa,0.09194924,-0.36348808,0.6875001,0.21322939,0.23268197,-0.12284925,0.15234587,0.06414909,-0.016216964,0.63155204,0.4694297,0.38472167,0.7604474,0.3125907,-0.44401038,-0.06798234,0.023109972,0.055762134,-0.2519746,-0.29291987,0.43231118,-0.0017072111,-0.47946376,-0.16347584,0.15499529,0.09716278,0.13543777,0.33126375,0.4856166,0.07806453,0.46895242,0.26016855,-0.28143588,0.27245522,-0.23732638,0.67916113,-0.18742888,-0.60023624,0.65478384,-0.43149716,-0.60201627,0.3620879,0.35491157,-0.1686999,0.048477545,-0.5746924,0.06515783,0.25504935,0.19012333,0.53545845,-0.17596532,-0.11153737,-0.023900606,0.123753846,-0.16897011,-0.05976454,-0.3547655,0.44024345,0.076685235,-0.17611995,0.020197175,-0.17140308,-0.051229656,0.33813635
usa_43_67,1,usa,0.37964398,0.016368277,0.31258422,-0.10564612,0.39955807,-0.21363303,-0.23140316,-0.35903344,-0.31300786,0.12921503,0.11955874,-0.014493316,0.28833178,0.10972177,-0.11591965,0.16007242,0.36633244,-0.23359087,0.045450237,0.09720235,0.1584228,-0.30406928,-0.20914926,-0.42116776,-0.17571348,0.33656794,0.5347927,0.029570282,0.21894199,0.4395632,0.09384174,-0.10110734,0.049063306,-0.024210036,0.1741122,0.32638174,-0.5062665,-0.14662416,0.30081075,0.017018147,-0.33852047,0.1280334,0.08061203,-0.37526777,-0.13689065,-0.2694159,-0.2901095,-0.08964776,-0.00037451088,0.23437497,0.16162956,-0.5079146,0.23353782,-0.071942516,-0.43723828,-0.2732079,0.06398299,0.12689844,-0.18535945,-0.32094646,0.25772202,0.15606047,-0.41216826,-0.12770069
usa_3_12,1,usa,-0.22414073,-0.8223077,1.00782,0.7893268,-0.08814588,-0.08246691,0.6446056,0.65753543,0.35110548,1.0542717,0.5663737,0.9666364,1.0417742,0.539917,-0.5783702,-0.4270702,-0.049375556,0.47782385,-0.4211799,-0.9269854,0.94955516,0.63681,-0.5664383,0.23409197,0.49637082,-0.35999823,-0.11389999,0.703542,0.83687234,-0.25521323,0.6757668,0.7674941,-0.5467262,0.6092263,-0.5565756,1.6516519,0.14539376,-0.86699337,1.0144724,-0.76618904,-1.0441233,0.5078167,0.6892755,0.19509661,0.36025122,-0.8135696,0.30194253,0.5798768,0.45923924,0.88782495,-0.7215325,0.43575233,-0.38767007,0.43320447,0.21071163,0.10819441,-0.736706,0.7112826,0.43025798,0.24429326,-0.36079583,-0.4445951,0.2645436,0.7877241
usa_3_43,1,usa,0.24187905,-0.36291197,0.5596952,0.25725344,0.19524941,-0.0057616234,0.12481597,0.038166516,0.05262681,0.6209448,0.2572734,0.5135406,0.6254457,0.3131007,-0.31347626,-0.15157384,0.12433791,0.018645085,0.05815588,-0.3353033,0.53122365,0.053799994,-0.4495499,-0.0934436,0.10543836,0.08877883,0.25664672,0.31734857,0.4359375,0.3067252,0.36812925,0.336679,-0.2152803,0.19937153,-0.11535973,0.90398,-0.19498596,-0.4540627,0.6807257,-0.29771817,-0.68484414,0.23627324,0.2928542,-0.05843609,0.057435557,-0.4835029,-0.008701913,0.18113637,0.1178654,0.44555727,-0.24154164,-0.12618007,-0.0087962,0.09462391,-0.10901875,-0.1485661,-0.25728175,0.4653503,0.13606486,0.0400666,-0.044849567,-0.0966301,-0.09981303,0.2837798
usa_12_43,1,usa,-1.380928,-1.1742758,0.4959812,1.1497704,-0.9424389,-0.020282894,1.5534061,1.0453327,1.1138014,1.457816,0.683694,1.5285442,0.77636254,1.0980057,-0.8280125,-1.0019871,-1.3372606,0.9318587,-1.0755203,-1.4592818,0.85210437,1.0923277,-0.46227813,0.8971971,1.0714593,-0.87751645,-1.1457324,0.8282264,0.41502437,-0.83472896,1.6078514,1.0476878,-1.0806472,0.9002148,-0.78305143,1.168663,1.3397787,-1.099111,0.8032608,-1.293906,-0.9035353,0.5767128,1.2874639,1.1630365,0.2457493,-0.6240794,1.0511109,1.2713374,1.147034,0.8950443,-0.7539582,1.5542493,-0.9906323,0.9415421,1.1979977,1.2265084,-1.0387509,0.8350578,1.0622852,1.4094578,-1.2899611,-1.4109275,1.3547955,1.2453517
usa_73_83,0,usa,0.8380957,0.33416742,-0.26639116,-0.55142605,0.63331443,0.00016910583,-0.75480145,-0.7796521,-0.86871046,-0.60301125,-0.44641766,-0.6109617,-0.1729455,-0.09159233,0.33461046,0.45869014,0.7384547,-0.6184186,0.4267739,0.57233846,-0.27231205,-0.6794196,0.031069055,-0.71478856,-0.564794,0.61881644,0.89429677,-0.47887012,-0.18337294,0.85512483,-0.5416634,-0.49750668,0.4127266,-0.45158368,0.49474573,-0.06692055,-0.68820155,0.29143727,-0.27349678,0.5559158,0.015243098,-0.08509907,-0.42670837,-0.764121,-0.27327096,0.074599065,-0.6677661,-0.48554203,-0.0354751,-0.07252986,0.34759945,-0.8938964,0.52138597,-0.49182624,-0.7588358,-0.79853153,0.5697903,-0.3070185,-0.5408586,-0.7983481,0.6738392,0.71674585,-0.7599846,-0.6379978
usa_22_43,1,usa,0.30196238,0.05560751,0.285889,0.113067895,0.2484112,-0.058587432,-0.33012682,-0.14203045,-0.05117435,0.20912321,-0.09664161,-0.150837,0.13940313,0.23883834,-0.009847604,0.108268395,0.21476418,-0.054658834,-0.057560436,-0.23095943,0.05914796,0.016602218,-0.114788994,-0.30468366,-0.03336981,-0.05395227,0.105024494,-0.030084915,0.34889066,0.23281896,-0.23861313,-0.07579608,0.13573691,-0.056440312,-0.054939695,0.23433584,-0.16560076,-0.1559997,-0.038326874,0.14204544,-0.114298046,0.23370828,0.25616953,0.13237599,0.112095594,-0.26083562,-0.30547643,-0.062164966,0.07617721,0.40005574,-0.06898835,-0.2319163,0.0878258,-0.12093197,-0.216091,-0.285884,-0.0034227371,0.11709883,-0.11842113,-0.12283182,0.2795785,0.20943755,0.13778046,-0.23799601
usa_43_64,1,usa,-0.2888363,-0.44694018,0.23462501,0.29323864,-0.20348884,0.27009323,0.23470344,0.109172665,0.3264108,0.4670539,0.12663935,0.27926713,0.607831,0.5037192,-0.24484192,-0.508981,-0.47707593,0.35192692,-0.13556369,-0.46871948,0.38291693,0.45405123,-0.35831398,0.051919498,0.1485399,-0.4290558,-0.4922004,0.20612833,0.58482945,-0.25298172,0.34126914,0.57839614,-0.28684413,0.45914638,-0.013710365,0.74633056,0.4552647,-0.45903105,0.19828042,-0.27525204,-0.33617562,0.31377548,0.80159247,0.5211476,0.4033786,-0.4310877,0.18908197,0.36467633,0.38611734,0.5876798,-0.33568954,0.32653004,-0.119022824,0.13876554,0.25696787,0.083640695,-0.4079297,0.65241784,0.17434242,0.28612113,0.04138848,-0.06740561,0.463572,0.06963184
usa_43_119,1,usa,-0.089994945,-0.34152463,0.47019854,0.32206666,0.059725195,-0.20895869,0.20942633,0.01177682,-0.14687012,0.47964233,0.48170832,0.3917277,0.5370188,0.070971854,-0.42806315,-0.109372936,0.013322704,0.15591514,-0.13156022,-0.31707382,0.44790894,0.046783976,-0.35089016,0.121373616,0.0011564642,0.0026686564,0.106975265,0.15264514,0.46475175,-0.062067352,0.5533964,0.2665366,-0.03690859,0.34272492,-0.101370074,0.6555637,0.003108725,-0.57315046,0.4625443,-0.42743683,-0.47400624,0.25070632,0.5442379,-0.14867374,0.05068116,-0.7188348,0.0024389848,0.44572926,0.113626495,0.52176917,-0.26513493,-0.072497904,-0.10591409,0.21852478,-0.24690402,-0.18867938,-0.4626043,0.5111684,0.100914,-0.05541682,0.0690217,-0.23767969,-0.1334835,0.41538247
usa_22_64,1,usa,0.006335266,0.15300846,-0.008788601,0.2757839,0.057393797,0.1398172,-0.24352276,-0.017777346,0.16312814,-0.10263662,-0.19388647,-0.14379506,-0.5778601,0.09884227,0.12558542,0.1116245,0.1574352,-0.1520406,-0.26645392,-0.012564361,0.1764383,0.35987356,0.12960395,-0.20566784,0.28346252,0.033271402,0.2079776,0.20990369,-0.25833398,-0.05877962,0.21901417,-0.3618539,-0.023537971,-0.29202062,0.03870198,-0.14734614,0.21791819,0.09041233,-0.7888114,0.14360541,-0.07378678,-0.02734781,0.0031970069,0.23118827,0.0731405,0.27193084,-0.07536316,0.048033632,-0.15912238,0.29669738,0.48263735,0.007878065,0.17514908,-0.06503323,-0.33649516,-0.2797835,0.24206425,-0.088003494,0.031749345,0.19383426,-0.1687288,-0.038281992,0.37095493,-0.3495413
usa_22_119,1,usa,0.22099343,-0.36595282,0.29774716,0.1596045,0.18505572,0.39591712,-0.061032206,-0.0049701706,0.008632384,0.45120746,0.26297963,0.07762051,0.37768704,0.10200865,-0.26920336,0.111430906,0.093173176,-0.11437318,-0.04057064,0.042328674,0.3244934,-0.1637911,-0.28425622,-0.051891953,0.024817757,0.13715887,0.110450625,0.15588313,0.34035155,0.14774504,0.21705362,0.11998627,0.12532435,0.22131817,-0.23556843,0.46178758,-0.22152373,-0.5488854,0.49872038,-0.18343212,-0.38441128,0.19096018,0.26976007,-0.26442015,0.13095123,-0.4601777,0.08621405,-0.03481527,0.18719871,0.31266296,-0.048171103,-0.263596,0.009114206,0.05445148,-0.22695118,-0.16408496,-0.104364276,0.3246063,0.088394165,-0.039744314,0.10317298,-0.118140936,-0.20511016,0.015901037
usa_64_119,1,usa,0.3392673,-0.2528534,0.39710158,0.05308187,0.25768363,0.2818455,0.08013867,-0.2240291,-0.11840568,0.48487002,0.16651705,0.20283708,0.44573095,0.18897095,-0.09031579,0.050844487,0.1770593,-0.08793108,0.122155786,-0.27044332,0.3444658,-0.16776852,-0.26988965,-0.15088658,0.04248161,0.28106207,0.28041255,0.16955015,0.13656257,0.26982397,0.20227313,0.28599823,0.08658542,0.1877952,-0.060690887,0.5431206,-0.23002306,-0.44203877,0.4513497,-0.35635936,-0.6011664,0.105378285,0.14593512,-0.20844719,-0.047885146,-0.5313054,0.032962784,-0.052354414,-0.030333549,0.21746346,0.034778457,-0.17934124,0.14284174,0.000957191,-0.13812436,-0.1847113,0.0040539876,0.21137312,-0.03832767,0.072503164,0.08380557,0.099082045,-0.22002012,-0.078040674
usa_43_99,1,usa,0.14491986,-0.13801038,0.15784326,0.30932447,0.08935181,-0.008919671,-0.044424836,-0.058490835,-0.08244939,0.13224986,-0.00063179433,-0.044346254,0.23284969,0.077502154,-0.023740485,-0.12705159,-0.043722294,0.22418779,-0.22240227,-0.4012305,0.038007714,0.04680442,0.10466795,0.01957751,0.0070946366,0.16484691,-0.03525693,0.13986874,0.2589323,0.26282614,0.08227659,-0.07524586,0.010251291,0.15004687,0.1345602,0.31480628,0.12833032,-0.23548345,0.2526447,-0.11645332,-0.24561523,0.15274726,0.38032156,-0.0095562115,0.13905345,-0.4077687,-0.0356912,0.1747655,0.14529634,0.22850087,-0.11726868,-0.21189265,0.0047354475,0.08528291,-0.17839967,-0.15904653,-0.24231979,0.21720707,0.01840157,-0.052803934,0.01910393,0.14115149,0.1231578,0.10609489
usa_64_99,1,usa,0.19729519,0.22534797,-0.07781937,-0.42094493,0.3674116,0.14736952,-0.40229815,-0.1852333,-0.22722444,-0.05257397,-0.0828649,-0.10914297,-0.15020218,-0.3492008,0.11470333,0.16326514,0.5470305,-0.25878516,0.21355459,-0.038303122,-0.022117764,-0.3088731,0.12621187,-0.34189853,-0.28859204,0.356257,0.41127244,-0.032657396,-0.29216525,0.5006906,0.02439949,-0.24853957,0.28192523,-0.27605304,0.264166,0.21616727,-0.46761918,0.007265024,-0.3269011,0.27040476,-0.12947209,-0.16469532,-0.10093793,-0.31131935,-0.27654558,-0.058933176,-0.36764315,-0.3004081,-0.14553432,-0.03342326,0.29503018,-0.50607455,0.27336484,-0.22277975,-0.16683553,-0.33186203,0.33947676,0.019737318,-0.2925387,-0.25710258,0.2707439,0.34797007,-0.13925792,-0.24978772
usa_8_83,0,usa,0.6576792,0.22148517,-0.0031008348,-0.2558879,0.556636,-0.17585163,-0.37478423,-0.5732257,-0.6945029,-0.20262551,-0.1689643,-0.33184385,-0.08201436,-0.1709214,0.06548895,0.34538892,0.5446708,-0.49116832,0.218006,0.26783198,-0.05934341,-0.49639088,0.055492282,-0.5453094,-0.35453248,0.38077262,0.708177,-0.19233596,0.092544064,0.6092552,-0.22094461,-0.3840186,0.33389217,-0.21659902,0.3535374,0.3446717,-0.6712232,0.12747058,0.03806878,0.27657396,-0.09541707,-0.0048134252,-0.35172763,-0.60874075,-0.23059474,-0.054262497,-0.502059,-0.38558322,-0.13920322,-0.0436973,0.24338034,-0.65537685,0.39255735,-0.24822044,-0.5717697,-0.4906125,0.34200668,-0.15022747,-0.3787067,-0.50758153,0.5022059,0.4460527,-0.6355982,-0.3195132
usa_83_104,0,usa,0.48092577,0.21730337,-0.090562105,-0.32878986,0.6153222,-0.07292121,-0.5343873,-0.5795812,-0.5267315,-0.23097421,-0.15398708,-0.4108855,0.016398065,0.06273202,0.10710006,0.2674133,0.4860623,-0.4372762,0.12326375,0.31700957,0.05001151,-0.5047364,-0.07409233,-0.61836934,-0.4680193,0.3632046,0.63934517,-0.19295332,-0.007731572,0.6084797,-0.34305412,-0.28051192,0.30947077,-0.29028136,0.37917694,0.18179777,-0.588542,0.032253724,-0.07543391,0.30495864,-0.13273081,-0.021801405,-0.32746089,-0.49631995,-0.13181658,-0.09369741,-0.5038804,-0.2775827,-0.09623971,0.10573805,0.3199954,-0.75101787,0.3888219,-0.2636861,-0.6807352,-0.42010874,0.28980044,-0.07490653,-0.44811258,-0.61479586,0.5757752,0.35616222,-0.65532136,-0.34397042
usa_8_73,0,usa,0.39361012,0.11692928,-0.015853986,-0.15548939,0.5252031,-0.07887923,-0.22130643,-0.35758832,-0.52888715,-0.2669012,-0.1545867,-0.188768,0.020392425,-0.05322352,0.07264162,0.25687096,0.3278923,-0.32212847,0.11105837,0.13369176,-0.058539916,-0.28124383,0.08255227,-0.4655614,-0.21629846,0.44928402,0.5789502,-0.056086287,0.07504915,0.46742526,0.024831071,-0.27498963,0.16113372,-0.05834522,0.22751412,0.2762012,-0.38700724,0.12510641,0.040735222,0.12633564,-0.094208,0.115698665,-0.099675745,-0.4100301,-0.2625389,-0.27579942,-0.29246062,-0.104724094,-0.13820823,-0.010524839,0.30997974,-0.56238735,0.3165079,-0.20927826,-0.3944738,-0.494875,0.16540238,-0.079774916,-0.24986236,-0.26796126,0.41256773,0.3199785,-0.5476824,-0.26414478
usa_8_104,0,usa,0.65214723,0.3597036,-0.12031531,-0.26270807,0.5797335,0.08871956,-0.5595791,-0.6885465,-0.605327,-0.46440697,-0.27508575,-0.33722794,-0.205264,-0.061001524,0.19468805,0.44925812,0.56560034,-0.6106536,0.1445151,0.39312845,-0.21336481,-0.48574355,0.04689207,-0.54399645,-0.35442522,0.5451717,0.84344673,-0.17186761,-0.1141516,0.6771491,-0.2732044,-0.31774163,0.46335202,-0.24419549,0.41698965,0.0554355,-0.7303761,0.25957155,-0.21104956,0.44699454,-0.065016374,-0.036441907,-0.2100477,-0.57072896,-0.25238466,-0.042648993,-0.5386299,-0.50488204,-0.30298644,-0.116914816,0.4242838,-0.75744027,0.52425337,-0.31640017,-0.6677263,-0.6266138,0.4046666,-0.16734129,-0.42077684,-0.5695265,0.5833856,0.62197465,-0.6894982,-0.4788942
usa_73_104,1,usa,-0.20421264,-0.7077201,1.2449825,0.71764743,-0.098651856,0.083094135,0.65750515,0.43003336,0.6128352,1.165803,0.5880128,0.89116144,1.2029078,0.6188257,-0.7244415,-0.5002301,-0.36822864,0.35571608,-0.36883754,-1.2020035,0.78128177,0.5263218,-0.61834794,0.4231334,0.58491987,-0.367584,-0.3609506,0.71866345,0.6601224,-0.17555884,0.8670669,0.6810232,-0.48799112,0.7346179,-0.759942,1.201474,0.45007658,-1.0844916,0.89284927,-0.8197422,-1.0902667,0.555671,0.7322,0.2257218,0.36494207,-0.8393252,0.5947865,0.728794,0.38242143,0.8584241,-0.5540905,0.34113538,-0.4149205,0.40675414,0.68568337,0.5933323,-0.5700387,0.96612006,0.41201407,0.4848783,-0.4983763,-0.74233943,0.56248546,0.70954394
usa_39_112,0,usa,0.53774476,0.018872567,0.2384041,-0.14528197,0.39893752,-0.12061986,-0.25897908,-0.4145932,-0.40156147,0.19871579,0.040021405,-0.01978387,0.26762196,0.091514386,0.02404686,0.158078,0.47147366,-0.34302774,0.23384549,0.097909555,0.21057662,-0.33786967,-0.16519631,-0.40796137,-0.22819042,0.29333484,0.6282017,-0.03293671,0.13226885,0.42372814,0.09859941,-0.15457955,0.11212252,-0.02148071,0.26055047,0.47211426,-0.5799076,-0.09534806,0.29052243,0.043829687,-0.4144072,0.063185185,-0.08670541,-0.3613847,-0.1406383,-0.28786644,-0.3031034,-0.15977341,0.0041764826,0.2338795,0.0860619,-0.5998502,0.24772835,-0.13892418,-0.48617315,-0.37890512,0.15397242,0.12251031,-0.1967975,-0.34852713,0.28881803,0.12706007,-0.4235016,-0.11570774
usa_110_112,0,usa,0.573028,0.053743448,0.0099790245,-0.2871396,0.45663536,-0.0074223205,-0.32300672,-0.50738114,-0.55381936,-0.081621975,-0.26635283,-0.16432898,0.021555819,-0.09420716,0.24795152,0.29143888,0.43937144,-0.41214764,0.29179186,0.14798452,0.023864761,-0.4919861,-0.0140462965,-0.43144864,-0.36206383,0.49992645,0.66507006,-0.24475253,-0.053221177,0.5992128,0.04816062,-0.39497006,0.16216509,-0.15231772,0.16152236,0.087690465,-0.5783193,0.16452572,0.089811526,0.13101771,-0.26857764,-0.01962097,-0.3334623,-0.54694265,-0.08323707,-0.16650155,-0.2153796,-0.25954115,-0.1242439,0.06386306,0.23810996,-0.64949244,0.32069817,-0.3115443,-0.5268282,-0.38688073,0.3791153,-0.23329356,-0.21713205,-0.42125696,0.2658317,0.2739135,-0.36390615,-0.2597598
usa_33_47,0,usa,0.5316789,0.036951214,0.16401333,-0.2195503,0.47812885,-0.13078356,-0.3224303,-0.4242547,-0.40895897,0.07934666,0.029113524,-0.060434654,0.25125033,0.08744291,0.004103601,0.14805557,0.47870204,-0.32198903,0.22513404,0.2102005,0.14350191,-0.31585228,-0.1862209,-0.44489124,-0.20035931,0.36340764,0.6407883,-0.0027982816,0.1162786,0.49991748,-0.06176129,-0.21706104,0.14343779,-0.10399619,0.2726986,0.44483584,-0.6547214,-0.042923287,0.25862786,0.13827187,-0.31539726,0.08535464,-0.05532801,-0.4186829,-0.17176053,-0.1848073,-0.33950147,-0.22572914,-0.037791643,0.17698121,0.14751011,-0.5871146,0.2594373,-0.16639966,-0.4774509,-0.41928622,0.17391686,0.04946021,-0.22207536,-0.38620222,0.37520996,0.13436863,-0.5199343,-0.13992903
usa_12_22,1,usa,0.10835423,-0.3421276,0.651667,0.27195713,0.10701811,0.13351688,0.27486777,-0.100907736,0.078227706,0.63155174,0.24230003,0.5709958,0.6691601,0.29083535,-0.37701827,-0.12070655,0.08436528,0.10471179,-0.04830675,-0.31497186,0.36924613,0.022675686,-0.36376077,-0.16577968,0.16267684,0.10335343,0.22198935,0.23739836,0.4779134,0.12471008,0.5077217,0.23729113,-0.23622432,0.2155288,-0.3261525,0.7074714,-0.20704657,-0.39369518,0.74287754,-0.39868063,-0.8765537,0.2311161,0.19004214,0.0387175,0.023550116,-0.4962717,0.09523846,0.30343756,0.14435762,0.5069614,-0.3495245,-0.12180507,-0.1361891,0.08592373,-0.03652274,0.104460284,-0.24453393,0.5851837,0.21327165,0.100994065,-0.17201659,-0.30001402,0.04076588,0.4509664
usa_12_64,1,usa,0.28350455,0.18939759,-0.22458535,-0.23544766,0.36168718,0.15643162,-0.33296788,-0.49782184,-0.030116517,-0.3871317,-0.16066566,-0.22563325,-0.118923195,-0.27818224,-0.05737385,0.08320747,0.48176387,-0.48837027,0.19733115,0.11253428,-0.17772871,-0.43545058,0.08784712,-0.49216717,-0.20960334,0.51410043,0.2520343,-0.081475824,0.15960813,0.8824623,-0.21181591,-0.29132903,0.040067587,-0.27169853,-0.10411652,0.21575874,-0.16822784,0.10860358,-0.076082334,0.53193116,0.06823042,-0.085354574,0.012835383,-0.3601073,-0.0019357428,-0.037973523,-0.46336156,-0.31552422,-0.010258958,0.1861904,0.3965354,-0.55480134,0.11028711,-0.197846,-0.21765894,-0.19117866,0.26688173,-0.0703885,-0.39272645,-0.28845227,0.11655943,0.25951263,-0.25122368,-0.30076164
usa_12_99,1,usa,-0.6125551,-1.019701,0.3863653,0.64043105,-0.6646962,-0.093742564,0.93972105,0.67518806,0.890616,1.200393,0.38577062,1.0565171,0.5487421,0.5389149,-0.3814851,-0.6918165,-0.6336511,0.6332896,-0.2825951,-0.79634297,0.74533296,0.73039955,-0.18409084,0.49742302,0.8263192,-0.75783557,-0.5874413,0.46798074,0.25496644,-0.44272292,1.1259197,0.71137375,-0.6342887,0.6121128,-0.35711205,0.91305393,0.8122146,-0.59642833,0.27648786,-0.8490208,-0.53182757,0.26563698,0.8931546,0.769801,0.3787238,-0.5379936,0.5584518,0.8586313,0.40711296,0.7179545,-0.5522535,0.983457,-0.79886067,0.55054754,0.61305,0.6234265,-0.86877227,0.6420354,0.6876486,0.80998796,-0.7827026,-0.81230813,0.9120889,1.0941133
usa_22_99,1,usa,-0.05859802,-0.26529506,0.6441509,0.48898295,0.0781235,0.07438198,0.18721376,0.106343634,0.1699608,0.7461472,0.2892544,0.4903607,0.56094205,0.38387382,-0.27745843,-0.32480675,-0.08254602,0.17880142,-0.108591065,-0.6442004,0.58635354,0.21699953,-0.3111182,0.01570557,0.12057725,-0.12657565,-0.027516924,0.24586278,0.60929275,0.08431552,0.38051596,0.23199421,-0.038863793,0.4359278,-0.005971551,0.8075867,-0.024941407,-0.5543785,0.44527003,-0.39004624,-0.6192994,0.07652202,0.42290044,0.16226313,0.23734677,-0.62375396,0.02768799,0.49787593,0.37597877,0.56342286,-0.38368255,-0.12556002,-0.16134629,0.24806356,0.07030288,-0.19632037,-0.5217004,0.6888856,0.109358266,0.0004011914,-0.1186573,-0.2819611,0.13965844,0.351273
usa_10_69,1,usa,0.26358014,-0.17139995,0.36838916,0.009988107,0.2231808,-0.0061306953,-0.15773691,-0.15007848,-0.08260543,0.24523084,0.18904325,0.16678542,0.41299728,0.32856768,-0.18057157,-0.035785593,0.19604002,-0.1544212,0.09229298,-0.0027254224,0.33826944,-0.16405784,-0.3253075,-0.24636537,0.022103317,0.06909524,0.4641469,0.16204464,0.29059172,0.3526438,0.22838625,0.13496506,-0.10989422,0.036761805,-0.035317063,0.52555305,-0.43885317,-0.33125818,0.33188164,-0.0677364,-0.56886834,0.26045293,0.09404515,-0.2555473,-0.028859138,-0.41514578,-0.18608752,0.014150567,0.108976245,0.40296707,0.015001506,-0.39237797,0.1295946,-0.04173152,-0.2413654,-0.27418724,-0.040513597,0.25469851,-0.054068852,-0.27913368,0.10943894,-0.02609434,-0.22504014,0.05586379
usa_58_69,0,usa,0.42066017,0.030805971,0.23399523,-0.08467866,0.4469331,-0.09259735,-0.33093584,-0.33907136,-0.300901,0.18245356,0.10062423,-0.08270282,0.24742201,0.10078051,-0.113946274,0.17414658,0.31607425,-0.3166189,0.1198259,0.15547165,0.12806025,-0.27589083,-0.23918141,-0.42318806,-0.13531336,0.33651623,0.5249906,-0.01776889,0.14623687,0.5378298,-0.13436311,-0.08864301,0.10095608,-0.16250566,0.13507324,0.30272508,-0.5616323,-0.14992465,0.27488938,0.08421901,-0.39856797,0.16129519,-0.042555857,-0.41840187,-0.063039735,-0.24201944,-0.31409222,-0.17755608,-0.03271035,0.18642527,0.06327904,-0.55178845,0.2682654,-0.16308458,-0.4324747,-0.32507473,0.16202936,0.14694661,-0.20579979,-0.440767,0.27015528,0.16160417,-0.34304395,-0.14387496
usa_10_58,0,usa,0.31253085,-0.09671653,0.34008476,-0.014812976,0.35022217,-0.078419544,-0.14488252,-0.24704793,-0.19785298,0.30256218,0.1982716,0.111027464,0.43964913,0.22296762,-0.15758418,0.025719523,0.24034232,-0.1804553,0.13235717,0.00889083,0.27179343,-0.20037577,-0.32738322,-0.3192345,-0.03991538,0.20266563,0.42851323,0.14365053,0.22815704,0.38864297,0.10988646,0.04347069,-0.008039601,-0.0047235414,0.077531666,0.46549886,-0.48507142,-0.2726041,0.40842912,-0.07305531,-0.52471995,0.22385688,0.100851774,-0.30765668,-0.06532635,-0.38069198,-0.17683509,-0.047914352,0.03944713,0.2937781,-0.0045274124,-0.41843694,0.15361941,-0.046373993,-0.31094304,-0.2536648,0.020645797,0.252546,-0.0822887,-0.2742426,0.16451848,0.023553167,-0.3199824,0.008097969
usa_73_92,1,usa,-0.0655675,-1.1440121,1.1038055,1.0097531,-0.4680795,0.37932175,0.8263511,0.41997078,0.6299195,1.0121331,0.9825202,1.1481442,1.1502062,1.0017613,-0.587121,-0.83501333,-0.3763883,0.6682748,-0.024438307,-0.9896177,0.8407374,0.6981032,-0.83433867,0.58764756,0.7133275,-0.86844814,-0.3489923,0.67829734,0.7505491,-0.47627056,1.074942,1.5072508,-0.44342825,0.61110276,-0.75608355,1.5551604,0.6580851,-1.302381,0.9542827,-0.79788375,-1.2862386,0.24103884,0.79172504,0.42766568,0.5464668,-1.1198847,0.69669163,0.679099,0.89180374,1.0279092,-0.6267518,0.62502253,-0.6297366,0.6805782,0.4938074,0.5603804,-0.64777184,0.81096727,0.6861605,0.9673325,-0.75916135,-0.525121,0.930295,0.83831906
usa_92_104,1,usa,0.41136,0.22224808,-0.016849868,-0.14598091,0.41159427,0.02223868,-0.51311857,-0.60973614,-0.32932884,-0.17479943,-0.17811541,-0.2404306,-0.19589229,0.0493941,0.13981913,0.299982,0.30428454,-0.35296604,0.3487433,0.3768736,-0.104677714,-0.13981456,0.13927048,-0.39376798,-0.07569551,0.16300154,0.5076926,-0.14431243,0.06014408,0.69363725,-0.35832587,-0.20099345,0.24832663,-0.21236855,0.20703408,0.12907356,-0.52999234,0.15246177,-0.14035365,0.38689315,-0.016951881,0.1077217,-0.12106217,-0.32476065,-0.11142131,-0.201164,-0.3680442,-0.45295832,-0.011370018,0.105794095,0.2630997,-0.46158862,0.32251418,-0.17553572,-0.42136696,-0.50452185,0.21097933,0.07370276,-0.3258328,-0.36998963,0.32911137,0.509245,-0.30441487,-0.3586293
usa_10_12,1,usa,0.3795925,-0.29321903,0.5715502,0.14417596,0.25343478,-0.099249884,-0.077989124,-0.10950494,-0.10202769,0.51424503,0.31440654,0.28061712,0.6386738,0.266743,-0.2689758,-0.1349915,0.24248448,-0.086051375,0.17017305,-0.20835091,0.40902638,-0.011683792,-0.43092722,-0.2238239,0.060070924,0.027033791,0.3373482,0.3094568,0.41160944,0.35348463,0.19705147,0.1331135,-0.051363386,0.052294433,-0.02281247,0.7785192,-0.2722045,-0.37342238,0.48093954,-0.21641786,-0.5642317,0.25586277,0.15406178,-0.22163695,0.05363886,-0.49205348,-0.07409841,0.10746061,0.15628912,0.5557996,-0.106767535,-0.31023324,-0.07507632,0.15322989,-0.23990172,-0.14230444,-0.10052571,0.28678977,0.060367346,-0.14280483,0.11590985,-0.10159427,-0.14065604,0.11227719
usa_10_99,1,usa,0.44246772,-0.10045529,0.37666836,-0.067309864,0.35974985,-0.1300083,-0.14659521,-0.25075495,-0.23952195,0.28515935,0.13060045,0.14165644,0.46467665,0.23311564,-0.17046054,-0.0029358864,0.3069828,-0.13407907,0.16665459,0.056181204,0.27596673,-0.25468248,-0.301152,-0.33717412,-0.09341884,0.22044131,0.47796768,0.12644419,0.27189893,0.34119812,0.14508054,-0.024578445,-0.015311301,0.06615144,0.12651208,0.57939637,-0.45854354,-0.23416041,0.41586778,-0.04667242,-0.5091187,0.20168848,0.074619725,-0.27910358,-0.069920436,-0.32961074,-0.18935451,-0.031891678,0.06142503,0.32535368,0.004677698,-0.41461337,0.12600249,-0.04572019,-0.34081936,-0.2641546,0.036680963,0.24973956,-0.091261245,-0.24755527,0.2223469,-0.026244596,-0.36592293,0.051013924
usa_32_109,0,usa,0.51024055,-0.009775221,0.22726029,-0.17117155,0.4402516,-0.091187365,-0.29110533,-0.385334,-0.38750932,0.108163804,0.058113396,-0.047444638,0.32051826,0.13238502,0.0003209412,0.13230743,0.40806386,-0.2873611,0.23340075,0.19118193,0.17977464,-0.36192137,-0.19599052,-0.42877474,-0.18176046,0.31621164,0.61139965,-0.012054272,0.1243694,0.46680933,-0.038296003,-0.15052745,0.124450326,-0.061667155,0.22457919,0.4461056,-0.5933207,-0.11627281,0.27202258,0.10288069,-0.39673096,0.09510644,-0.038287576,-0.4102155,-0.15017399,-0.22766286,-0.3006215,-0.1634509,0.04383686,0.18719783,0.13526022,-0.5492082,0.21257408,-0.14360388,-0.41010985,-0.37183478,0.1800019,0.10799406,-0.19382197,-0.33098474,0.32436574,0.13343076,-0.4590014,-0.1086003
usa_73_109,0,usa,0.82490015,0.41517738,-0.1893622,-0.48286253,0.7248971,0.02096393,-0.76005363,-0.77916807,-0.78118384,-0.39424556,-0.28624004,-0.4785055,-0.12356816,-0.015992027,0.20002589,0.4593177,0.75900173,-0.64350545,0.4095334,0.5534632,-0.17037967,-0.63571054,-0.028181568,-0.66378796,-0.5126562,0.5925118,0.9764563,-0.34070897,-0.16876696,0.85244405,-0.435774,-0.5502209,0.4960498,-0.40446413,0.4837556,0.07337346,-0.7617718,0.25468683,-0.28681648,0.5314748,-0.06159921,-0.0941546,-0.4145901,-0.68383455,-0.22724311,0.13493702,-0.6162708,-0.5581219,-0.107179426,-0.15880764,0.44460714,-0.9873961,0.4643034,-0.44314364,-0.7222054,-0.7096501,0.5197334,-0.19369414,-0.5197856,-0.59689826,0.6217888,0.50623435,-0.7371036,-0.5528822
usa_32_73,0,usa,0.4922062,-0.039446272,0.27906242,-0.14001511,0.43111897,-0.098871954,-0.27835384,-0.37237963,-0.3742861,0.11403255,0.037476517,-0.033328015,0.27863312,0.07626102,-0.01961369,0.09219477,0.40470448,-0.2686038,0.22547758,0.16278759,0.21286097,-0.3149118,-0.1991375,-0.44690478,-0.1275235,0.30658466,0.6325016,-0.015310273,0.15788412,0.48204052,0.015520729,-0.15196472,0.077036776,-0.047415257,0.24381974,0.45380884,-0.5790306,-0.1046128,0.26712787,0.08422679,-0.39435482,0.14294283,-0.023122013,-0.36281338,-0.1282149,-0.20440134,-0.2984773,-0.13996328,0.02935233,0.21468055,0.12219386,-0.56006813,0.23207572,-0.11583541,-0.40749478,-0.34217015,0.16334248,0.082012005,-0.18292366,-0.34134102,0.32851085,0.14265807,-0.44316655,-0.10101246
usa_10_103,1,usa,0.2769579,-0.24247983,0.50345665,0.09928949,0.25236642,-0.062173683,-0.026373863,-0.09667788,-0.05689678,0.43113053,0.26178056,0.2529872,0.57261217,0.3010756,-0.21039535,-0.103116386,0.20614988,-0.07471214,0.13059637,-0.077425614,0.43970436,-0.07462232,-0.3893891,-0.23581281,0.066740505,0.09285103,0.35376078,0.28489372,0.34028342,0.26047462,0.2771446,0.1548501,-0.1131955,0.1627516,-0.0034862682,0.6924016,-0.4046963,-0.3808226,0.5193214,-0.21796848,-0.62978685,0.27232867,0.19804072,-0.18888202,-0.02071692,-0.4493725,-0.06440842,0.107081555,0.14418083,0.44458303,-0.062585264,-0.32310233,0.059803873,0.047426045,-0.20405123,-0.17143247,-0.09151591,0.3497461,0.061364576,-0.18729612,0.13238527,-0.134366,-0.22608788,0.14056027
usa_10_83,0,usa,0.44944313,-0.054017164,0.29549977,-0.13821456,0.4466455,-0.11201365,-0.2394543,-0.30941632,-0.349701,0.12519519,0.048705563,-0.014647946,0.32593128,0.076960616,-0.04687375,0.08868327,0.38213146,-0.23850912,0.1866066,0.15168516,0.19108573,-0.3099942,-0.23210852,-0.4078283,-0.1794142,0.29784146,0.5661444,0.0144418925,0.19646904,0.41811988,0.09567738,-0.15187879,0.013641976,-0.011224955,0.22376171,0.40813443,-0.5836704,-0.15202872,0.3292506,0.03797569,-0.40572923,0.16026907,-0.037958156,-0.3595854,-0.10268374,-0.25059897,-0.24381362,-0.123516485,0.026876204,0.23072618,0.102034055,-0.55086213,0.20069799,-0.11596204,-0.38571948,-0.34128,0.11384175,0.10677024,-0.1476039,-0.2843932,0.30651328,0.051565405,-0.40230727,-0.064082764
usa_30_73,1,usa,0.013867237,-0.51384604,0.97613853,0.41471407,-0.0204001,-0.0018006936,0.30811512,0.25018734,0.33290043,0.96650654,0.6030606,0.6731312,0.98410136,0.50174874,-0.5110068,-0.3683293,0.009007454,0.23944944,-0.12275523,-0.52985936,0.60461265,0.16991624,-0.5823526,0.023988761,0.37467423,-0.19058675,0.045019977,0.5213357,0.6818304,-0.014986366,0.6679247,0.48176953,-0.4423912,0.3562144,-0.42159307,0.9639605,0.022617742,-0.7705735,0.96025807,-0.5185597,-1.0293968,0.45102143,0.4802884,0.048797823,0.24242786,-0.76330745,0.20579499,0.60762405,0.3637414,0.8114574,-0.36190438,0.0054977164,-0.27788287,0.35878828,0.093402736,0.13705102,-0.38242143,0.79029495,0.32475573,0.17383753,-0.2067537,-0.46957767,0.22796527,0.5226333
usa_47_63,0,usa,0.49736825,-0.09455264,0.28733748,-0.04504658,0.39350045,-0.11692075,-0.14672649,-0.24749145,-0.27689385,0.27805132,0.13460977,0.080045894,0.40781543,0.15947235,-0.16057079,0.023227923,0.3444636,-0.17845246,0.18439314,0.07751444,0.29500353,-0.2473386,-0.2835616,-0.34772676,-0.10268065,0.2350975,0.48718637,0.07924304,0.2579579,0.38618308,0.094756685,-0.054791093,0.06442789,0.020607203,0.14849941,0.5333489,-0.49749234,-0.1995079,0.44006786,-0.07940495,-0.47986686,0.15709119,0.01272244,-0.27452758,-0.09242114,-0.3053356,-0.2085526,-0.07302858,0.028629303,0.28645876,0.0154988095,-0.47608292,0.122341245,-0.07644509,-0.36992884,-0.27422917,0.0282383,0.24130842,-0.112192065,-0.272048,0.24559131,-0.05415891,-0.367728,0.033332534
usa_12_73,1,usa,-0.79950297,-1.2161735,0.7467084,1.1465868,-0.946588,0.024863526,1.2867537,1.1729817,1.1175857,1.6173536,0.89128053,1.5629123,1.0331548,0.679485,-0.8772554,-1.022049,-1.2061502,0.89084786,-0.16138332,-1.4424165,1.0104938,1.2846948,-0.48358262,0.726844,1.289816,-1.0992197,-0.7936392,1.0702572,0.46929684,-0.8898091,1.7872759,1.4044598,-1.0394363,1.0691383,-0.78878665,1.3726296,0.88780487,-1.3023218,0.72716963,-1.2766972,-0.6500258,0.47351825,1.3650763,1.4265609,0.4121793,-1.2365263,0.8184707,1.0599062,0.80035126,1.2353206,-0.805358,1.3773158,-0.8783148,1.0659988,0.63814914,0.8671641,-1.4093183,0.9991701,0.98872393,1.0827016,-1.2654891,-1.0355972,1.3563612,1.4645011
usa_12_30,1,usa,0.24205455,-0.35647228,0.63874453,0.26881218,0.1357646,0.033820778,0.19217922,-0.004490532,0.084023155,0.67625886,0.27925983,0.45829323,0.76659864,0.43581888,-0.3592142,-0.2601631,0.03205082,0.09275914,0.04659658,-0.32304865,0.5593347,-0.03580796,-0.439766,-0.11347559,0.06755001,-0.08792833,0.1597355,0.28969046,0.5260972,0.086516894,0.45817578,0.30828544,-0.17423737,0.26496446,-0.17101485,0.8996464,-0.07629629,-0.5833524,0.81120306,-0.44019789,-0.82757413,0.35120857,0.23936191,-0.09405839,0.19083184,-0.5695566,0.05932969,0.28781503,0.28199208,0.59949887,-0.2684896,-0.34209222,-0.09357075,0.13772416,-0.064945124,-0.016953733,-0.20042989,0.5180062,0.116310686,-0.016694829,-0.07251138,-0.31068838,-0.021968842,0.34145075
usa_55_112,0,usa,0.5271804,0.07442408,0.12271083,-0.19946806,0.39697564,-0.19975501,-0.31661007,-0.46068707,-0.5413673,0.12280962,-0.06508367,-0.035192583,0.079858266,-0.046551287,0.084683284,0.1897335,0.5848702,-0.38200015,0.28750634,0.047055993,0.108360134,-0.31821913,-0.0858763,-0.39080194,-0.26454335,0.29653797,0.6672704,0.04614558,0.09174234,0.4988266,0.062005557,-0.28348386,0.16569677,-0.13579398,0.2805213,0.50868875,-0.67135745,0.012617156,0.11579161,0.14023663,-0.24596666,-0.06988917,-0.17318743,-0.34105995,-0.16517258,-0.23829126,-0.29526252,-0.3297306,-0.06422151,0.18133232,0.16311066,-0.5724671,0.24707174,-0.17518292,-0.52083945,-0.3497643,0.24927752,-0.052703444,-0.19592394,-0.37553418,0.3729699,0.151061,-0.41319382,-0.12261448
usa_45_106,0,usa,0.21371832,-0.2819863,0.542192,0.16076726,0.20383477,-0.048663262,0.032069057,-0.016170613,0.029979348,0.48514926,0.30384257,0.30303425,0.6477481,0.3579332,-0.22987114,-0.14190266,0.15146598,-0.036502194,0.063267656,-0.14448741,0.5107924,-0.047634665,-0.44329232,-0.17396033,0.10309345,0.014666989,0.2998203,0.33583987,0.38656965,0.20456833,0.36922073,0.21016401,-0.1522297,0.20228447,-0.05667121,0.75615597,-0.36005256,-0.4743566,0.5392151,-0.24699064,-0.7005462,0.29883236,0.2293643,-0.15475209,0.028669104,-0.52166873,-0.014437288,0.17881045,0.19178404,0.49800906,-0.09246768,-0.29639173,0.017984703,0.08305958,-0.16291484,-0.14805403,-0.14724039,0.4107196,0.10515393,-0.14896245,0.0806962,-0.18126309,-0.13770632,0.18636471
usa_45_112,0,usa,0.26753107,-0.15506917,0.49260512,0.04368277,0.3123271,-0.030483857,-0.07818934,-0.09932757,-0.1600033,0.35780048,0.25231832,0.19404745,0.5528736,0.24561271,-0.12120733,-0.053455196,0.24236989,-0.13327914,0.20651017,-0.08303128,0.38810313,-0.0558941,-0.3428343,-0.23557729,0.01393199,0.111179985,0.45851314,0.28055272,0.30964607,0.26244003,0.23984605,0.14403287,-0.08318939,0.09754464,0.04515665,0.7184181,-0.40531236,-0.35585648,0.4442403,-0.17226051,-0.63179123,0.2060828,0.18843141,-0.21083716,-0.035218965,-0.51483256,-0.10506762,0.09433875,0.1821702,0.41074982,-0.00717894,-0.35034037,0.10367112,0.016479135,-0.1824053,-0.20558377,-0.0680453,0.34349558,0.019274645,-0.17306608,0.1991193,-0.10940723,-0.23460302,0.1130204
usa_106_112,0,usa,0.9140553,0.32675987,-0.09569363,-0.40280136,0.77015287,-0.12662457,-0.6868418,-0.70681053,-0.7289019,-0.50001454,-0.37520555,-0.47078204,-0.24550766,-0.28386578,0.18765114,0.54523104,0.71866393,-0.59366715,0.13487169,0.5355702,-0.260416,-0.5062756,0.091283076,-0.711106,-0.36635625,0.61526173,0.92760706,-0.29177183,-0.11034082,0.8434974,-0.5431398,-0.4050133,0.46376878,-0.4251169,0.4271227,0.022969194,-0.8480905,0.29299667,-0.2438936,0.6098895,0.099347815,-0.009527765,-0.27585134,-0.6576506,-0.23190881,0.17194337,-0.60861945,-0.5970421,-0.11121158,-0.17100464,0.40233928,-0.9592177,0.5293757,-0.44334367,-0.6834206,-0.63831794,0.5025529,-0.28680897,-0.4696743,-0.63900423,0.6234499,0.61391133,-0.6689348,-0.5439895
usa_40_106,0,usa,0.61089534,0.57557917,-0.27750233,-0.40339762,0.916962,-0.062169965,-0.6865569,-0.7413699,-0.64231074,-0.47300464,-0.39282432,-0.53164494,-0.14888129,-0.51654774,0.35627735,0.7260161,0.66176593,-0.61122286,0.56233025,0.37339163,-0.5496404,-0.5081495,0.28553683,-0.84405804,-0.56361794,0.6399805,0.7494054,-0.3430972,-0.16675618,0.7951734,-0.5255687,-0.4998967,0.7112648,-0.4440195,0.49426436,-0.20686044,-0.78365093,0.41036028,-0.2619552,0.716382,0.17658034,-0.18449982,-0.3163167,-0.580328,-0.485184,0.08420905,-0.6067126,-0.89379615,-0.1769858,-0.378155,0.6139886,-0.9618964,0.5716892,-0.44742745,-0.5464669,-0.50595206,0.51359344,-0.2847196,-0.5798632,-0.5667894,0.86222935,0.5560497,-0.59475017,-0.6179709
usa_12_35,1,usa,0.5270661,0.026860014,0.24649659,-0.16022003,0.44328296,-0.0782011,-0.2972017,-0.34024373,-0.36999154,0.13778345,0.057171643,-0.008472651,0.31391928,0.1568715,-0.02728638,0.11283836,0.40683618,-0.27446023,0.26568598,0.15480936,0.16149566,-0.30328014,-0.2645877,-0.3917989,-0.16473794,0.28393593,0.6485847,0.04827448,0.14001611,0.46529207,0.06146636,-0.15794858,0.06549428,-0.071968146,0.2326375,0.4966678,-0.5788986,-0.10124077,0.29412985,0.06361,-0.4207551,0.13041493,-0.027492486,-0.35738403,-0.12991646,-0.24185818,-0.26879406,-0.17229807,0.026194453,0.25027087,0.09379168,-0.5308883,0.1853264,-0.11730297,-0.41854113,-0.35438108,0.15784499,0.10317264,-0.15450312,-0.3019448,0.35246444,0.06975271,-0.45426297,-0.048403006
usa_12_113,0,usa,0.29161966,-0.21744761,0.48171726,0.08204523,0.2778626,-0.085781015,-0.05311429,-0.121514626,-0.08737958,0.41626787,0.24945885,0.23490524,0.55554235,0.2823252,-0.19876884,-0.086707465,0.22498253,-0.08929003,0.13940585,-0.06158048,0.4124726,-0.09300442,-0.37580556,-0.24246591,0.042902194,0.109176785,0.37291583,0.2631853,0.32555804,0.273597,0.26269165,0.12844506,-0.10622414,0.1409412,0.019348562,0.6777721,-0.42265883,-0.36583376,0.514273,-0.19780274,-0.61057615,0.26026577,0.18513939,-0.19881506,-0.031182878,-0.43403628,-0.0791141,0.08529841,0.13468063,0.43185475,-0.057642028,-0.34134406,0.066101916,0.035625443,-0.22529444,-0.18201295,-0.08009638,0.3300584,0.0433601,-0.20497583,0.15231349,-0.12618814,-0.25371182,0.13614196
usa_35_113,0,usa,0.2756795,-0.21784231,0.5582621,0.094566956,0.24579015,-0.059727013,0.024402834,-0.10213146,-0.147651,0.53096664,0.31774133,0.2471726,0.6666775,0.27372825,-0.30693465,-0.0626464,0.19141936,-0.061492905,0.033961155,-0.09274094,0.32676697,-0.10640862,-0.38137197,-0.22942856,-0.0049068704,0.083238654,0.31453094,0.22349787,0.3737248,0.18276247,0.26137248,0.13023752,-0.12758034,0.13529484,-0.05270172,0.7825777,-0.35211584,-0.47189337,0.6558507,-0.20945318,-0.68983257,0.2808687,0.16604847,-0.21927974,0.05013436,-0.5021819,-0.059742656,0.0883723,0.19165476,0.47206345,-0.10513583,-0.26921523,0.042598117,0.021178424,-0.17368531,-0.22361058,-0.14066665,0.41257927,-0.009568609,-0.09463588,0.12168277,-0.15912256,-0.15155216,0.21029675
usa_73_96,0,usa,0.5373644,-0.021624193,0.25235534,-0.14278688,0.42721725,-0.114887044,-0.26560014,-0.35550556,-0.38658282,0.13255545,0.051288188,0.004480459,0.30719304,0.13098869,-0.021130465,0.09556343,0.42216069,-0.26461783,0.21618083,0.14282572,0.2224563,-0.29614627,-0.24369432,-0.40551382,-0.16288021,0.30102992,0.61070347,0.041216917,0.16932231,0.44055942,0.035587214,-0.14532655,0.080220215,-0.04577743,0.2314918,0.49758756,-0.6030247,-0.102944404,0.3052845,0.06619656,-0.3894087,0.12603821,-0.027353972,-0.35978386,-0.13686736,-0.23434451,-0.2937252,-0.14920345,-0.0006364882,0.2315971,0.08077719,-0.5414971,0.19801551,-0.10922241,-0.44889683,-0.35553765,0.1383142,0.1133307,-0.16321473,-0.33728236,0.32510778,0.08046935,-0.4710101,-0.061199177
usa_12_14,0,usa,0.30095953,-0.040585138,0.52081436,0.05476968,0.28949964,0.101297274,-0.12056713,-0.095649466,-0.12006943,0.22635193,0.11135119,0.18077639,0.4440212,0.23509485,-0.060450822,-0.0030511543,0.16775346,-0.069735125,0.17225912,-0.016758129,0.32950953,-0.03381696,-0.29214597,-0.31778005,0.10666927,0.11631088,0.5816828,0.21096209,0.21595037,0.29313985,0.16684783,0.117310025,-0.07509398,0.08412406,0.027358927,0.6308639,-0.4287842,-0.25408316,0.25295216,-0.08797529,-0.6458854,0.28489578,0.09694654,-0.170531,-0.04539796,-0.45453027,-0.12556294,0.037388667,0.18915628,0.38015813,0.10807936,-0.33382595,0.16632918,0.037142158,-0.1729055,-0.21808122,-0.025518686,0.3683755,-0.007803142,-0.094458334,0.18682575,0.0033479854,-0.12063537,-0.0038484558
usa_14_106,0,usa,0.6605806,0.20885187,0.1980184,-0.2590382,0.5019176,0.015486971,-0.37986177,-0.4303718,-0.44315732,-0.085354336,-0.03901342,-0.17124707,0.23540574,0.14754415,0.11810891,0.20114085,0.42677805,-0.3773076,0.29821017,0.17887338,0.01183632,-0.37779757,-0.19147308,-0.4529769,-0.18856794,0.31936893,0.82097137,-0.10793755,0.06458676,0.55392826,-0.07314453,-0.23735681,0.19051084,-0.15793526,0.30161774,0.2935615,-0.58715075,-0.01102408,0.088052906,0.17983483,-0.42876226,0.08129959,-0.15189782,-0.40868235,-0.13524267,-0.24522614,-0.36357418,-0.2733739,0.082147524,0.17202348,0.22552906,-0.6810325,0.27073145,-0.21264979,-0.3665707,-0.36683694,0.18460932,0.00628981,-0.28714508,-0.36502367,0.42246795,0.27376646,-0.3890338,-0.22654647
usa_12_106,0,usa,0.48549578,0.18409589,0.18874577,-0.09853452,0.39918393,0.25000155,-0.42876494,-0.40010747,-0.31852794,-0.17668703,-0.11643858,-0.16605881,0.18609756,0.108261354,0.039984804,0.21514866,0.35038438,-0.35771778,0.13560905,0.19526267,-0.022812136,-0.08164931,-0.07912709,-0.46524295,-0.003794752,0.31353012,0.7703122,-0.0074871927,0.016262107,0.49156368,-0.09663219,-0.041805923,0.17629245,-0.1015793,0.07065512,0.29758298,-0.50013125,0.12801456,-0.015004247,0.31648862,-0.40271723,0.12897786,-0.0052521154,-0.24187508,-0.06872394,-0.29110253,-0.30386004,-0.15786767,0.07695319,0.1860531,0.2883044,-0.55828154,0.30779648,-0.14867125,-0.2991638,-0.4529309,0.21655428,0.15948313,-0.18198371,-0.20961988,0.32791996,0.24633808,-0.24648881,-0.34752792
usa_8_97,0,usa,0.49553183,0.050093982,0.3598216,-0.14615941,0.46238077,-0.110291086,-0.29174817,-0.3870162,-0.47284913,0.07800743,0.022291347,-0.037527084,0.2707493,0.03401368,-0.029679313,0.08864188,0.41840523,-0.28823507,0.230007,0.16382396,0.17531383,-0.35772288,-0.22231854,-0.42154318,-0.19055685,0.32495123,0.714005,-0.04322034,0.1321703,0.47162855,0.100133784,-0.18235719,0.04857395,-0.07064613,0.28750822,0.45570344,-0.5960062,-0.12714471,0.27268612,0.0749982,-0.44503206,0.15283702,-0.028238531,-0.33621523,-0.097854376,-0.2573056,-0.30030546,-0.17123856,0.019517109,0.2348971,0.06754461,-0.5496969,0.25720087,-0.121210195,-0.40592024,-0.37795556,0.121392354,0.05945369,-0.17238581,-0.31020987,0.33118773,0.16824582,-0.38407433,-0.08465374
usa_97_104,0,usa,0.60610986,0.24956065,0.05483491,-0.29685235,0.5602704,-0.072792284,-0.5102479,-0.6334532,-0.5170463,-0.24338236,-0.15038642,-0.29457462,0.03972315,0.026166543,0.0772898,0.3253602,0.618332,-0.42073697,0.033707496,0.35724038,-0.1195622,-0.40611404,-0.05184664,-0.5143378,-0.30905834,0.5641265,0.7527813,-0.12271872,0.029604726,0.6385419,-0.2741305,-0.2126872,0.30778378,-0.22609264,0.29094154,0.20955709,-0.66411304,0.13450386,-0.1436248,0.46822828,-0.22912388,-0.0429276,-0.22609226,-0.5279852,-0.13974735,0.0031260252,-0.49788943,-0.40516704,-0.19521359,0.055111803,0.24796195,-0.6121736,0.45800975,-0.27528644,-0.5352051,-0.5051382,0.35056087,-0.05313707,-0.37182358,-0.5822625,0.4808018,0.42031398,-0.6676024,-0.36915284
usa_73_99,1,usa,0.051884264,-0.6767232,0.66559047,0.34959143,-0.062632605,-0.069891855,0.16215602,0.06824427,0.38798752,0.69432104,0.39806455,0.5416186,0.56641483,0.40313724,-0.31144357,-0.37833315,-0.0033802837,0.5233665,-0.14654496,-0.51120114,0.42662013,0.37509823,-0.38347065,0.18501547,0.4916382,-0.5490732,0.16779625,0.44343555,0.3634637,0.0078561455,0.87777185,0.8255239,-0.24855721,0.1455578,-0.35963744,0.73664033,0.31325477,-0.75965154,0.41081664,-0.30978477,-0.7185994,0.24544968,0.588986,0.028753266,0.13371825,-0.5461243,0.17675638,0.37003648,0.47383755,0.7579243,-0.05559139,0.17560855,-0.17793527,0.34437013,0.014602996,-0.034861904,-0.30713257,0.5172958,0.26096654,0.15459718,-0.31615022,-0.17683181,0.57803774,0.52220553
usa_22_116,1,usa,0.39922035,-0.11464537,0.13997972,-0.008685298,0.20775753,0.049231037,-0.04314919,-0.24800187,-0.29312333,0.22936307,0.031509712,-0.11791635,0.17836744,0.19046101,0.09010179,0.090463325,0.4711511,-0.22201684,0.17467728,0.005035378,0.37038156,-0.21048737,-0.22061409,-0.24454555,-0.1284022,0.13809353,0.43352687,-0.064208195,0.2914128,0.3137328,-0.030840833,-0.025955543,0.15578657,-0.09620055,0.05810687,0.53213936,-0.3918798,-0.13787515,0.28528106,0.07280421,-0.32908124,0.120737135,-0.06382713,-0.37347388,0.0038882196,-0.32958144,-0.26231328,-0.043022458,0.17071892,0.26193503,0.026403047,-0.49087894,0.1342941,-0.06351401,-0.41299766,-0.44295204,-0.023899645,0.114747606,-0.1439734,-0.29878038,0.2683963,0.23211078,-0.17980358,-0.1936625
usa_43_116,1,usa,-0.52012825,-0.78719014,1.0296396,0.7496691,-0.25572395,0.29365307,0.75421023,0.48365685,0.61309385,1.1375527,0.7940241,0.8151398,1.0653471,0.5453749,-0.7475571,-0.56148595,-0.4207586,0.42665285,-0.45142773,-0.9334303,0.99957025,0.5133678,-0.5925457,0.56995136,0.34518793,-0.529104,-0.47876677,0.6345887,0.9941009,-0.4502645,1.1063269,0.9656386,-0.37836996,0.76513374,-0.5484866,1.1398338,0.45063174,-0.92300004,0.99354,-0.9104637,-0.884676,0.30611312,0.8616019,0.29076847,0.4533163,-1.0832438,0.5564529,0.9704096,0.6059236,0.9661367,-0.62655085,0.44016457,-0.51153105,0.60513514,0.31854144,0.5147635,-0.817389,1.0286655,0.53943074,0.35094404,-0.30579737,-0.74760646,0.59955955,0.80815756
usa_64_116,1,usa,-0.3505115,-1.0935158,1.0667652,0.9432707,-0.5236088,0.50625837,0.87138015,0.76727086,0.62663555,1.4099667,0.6840862,1.176166,1.1666081,0.42780027,-0.62653,-0.7377637,-0.40462673,0.5300112,-0.49733743,-1.1678548,1.2019755,0.65210545,-0.60710514,0.5756801,0.6418842,-0.61708134,-0.44311908,0.74784255,1.0165352,-0.3542367,1.0846088,0.95073813,-0.6165358,0.8575012,-0.75090367,1.3452568,0.41898388,-1.0812428,1.048274,-0.8980864,-1.1771113,0.36736822,0.75050807,0.5912971,0.4749824,-1.1846414,0.5596987,0.87798387,0.53246015,1.0162703,-0.7588527,0.3844626,-0.6572995,0.60439426,0.53108877,0.38436875,-0.81727684,1.0086643,0.70643204,0.4869401,-0.65440214,-0.72479737,0.74912584,0.75503325
usa_6_73,0,usa,0.44704282,0.17675367,-0.10178204,-0.3354489,0.56085587,0.40501526,-0.53042674,-0.54578865,-0.58771664,-0.5210607,-0.39130124,-0.40114844,-0.18258129,-0.066009045,0.15022165,0.3422749,0.2812391,-0.41861603,0.3992437,0.4767316,-0.034319066,-0.3624453,0.02834335,-0.53951716,-0.33149233,0.37499362,0.66526675,-0.38303116,-0.15059824,0.5592536,-0.4615433,-0.24807596,0.34421635,-0.33819044,0.17625892,0.04636141,-0.44192085,0.1218815,-0.16058497,0.20305346,-0.19440888,0.07514492,-0.1318657,-0.411977,0.03079734,-0.09733877,-0.38959345,-0.34768474,-0.07111211,-0.0142994,0.16015548,-0.71318066,0.45051402,-0.32372773,-0.476566,-0.476483,0.29270107,-0.1799775,-0.3020087,-0.41580462,0.47013795,0.54282117,-0.1695692,-0.6249447
usa_39_73,0,usa,0.31885672,-0.13815832,0.40706494,-0.0022571906,0.30352658,-0.03159456,-0.1024794,-0.18318516,-0.13958137,0.3265686,0.16692808,0.20309824,0.49710146,0.29209298,-0.16039415,-0.04581473,0.24740526,-0.14736533,0.23175713,-0.016443022,0.34485865,-0.13307521,-0.2987014,-0.27884212,-0.00019898266,0.13538574,0.4725903,0.1950976,0.27379346,0.30913705,0.22506595,0.07871374,-0.03874881,0.092712134,0.059644006,0.6679263,-0.4441658,-0.31428564,0.4357991,-0.13115753,-0.59559333,0.22011639,0.1410497,-0.18713309,-0.054479927,-0.42265984,-0.12796299,0.030846514,0.12722541,0.38790637,0.009757906,-0.39536962,0.13213754,-0.020032704,-0.22232866,-0.28606015,-0.020218156,0.28046355,-0.02573879,-0.20268941,0.20527329,-0.054239437,-0.27350008,0.07787778
usa_8_109,0,usa,0.5597782,0.0533639,0.16931817,-0.207885,0.46757674,-0.068977416,-0.37765598,-0.42579943,-0.4172182,0.10311289,0.020702727,-0.091181055,0.25537443,0.13432306,0.028544024,0.1927711,0.45133975,-0.32769027,0.2584382,0.25731957,0.088604145,-0.38341182,-0.20508428,-0.44400734,-0.20315982,0.34449154,0.66714334,-0.029725451,0.10311893,0.5215319,-0.048013125,-0.20560795,0.12887059,-0.1117536,0.23200953,0.4072114,-0.6013929,-0.070765615,0.20444101,0.15338434,-0.37466514,0.07986252,-0.08634213,-0.44069847,-0.16518493,-0.14818507,-0.30887038,-0.2164681,0.01745908,0.16916505,0.16876867,-0.5760114,0.22220942,-0.16475622,-0.4441054,-0.36184862,0.22336955,0.08998331,-0.20908625,-0.3468113,0.37307188,0.15106139,-0.5005377,-0.11679888
usa_104_109,0,usa,0.43074292,0.0036694333,0.37840238,-0.1018134,0.40885782,0.05088161,-0.25141865,-0.31045035,-0.31673488,0.16955914,0.05355768,0.026853502,0.36966234,0.13623512,-0.03929086,0.04252495,0.31162557,-0.22655424,0.24787933,0.034756362,0.19405052,-0.15599898,-0.23218961,-0.37359765,-0.004610665,0.21464843,0.679152,0.115752436,0.14953107,0.43492928,0.10162828,-0.06556332,0.003568314,-0.07445893,0.13359377,0.45413262,-0.48358318,-0.09008251,0.24789757,0.010610327,-0.48034823,0.22403993,0.046286866,-0.2570681,-0.07311703,-0.35611394,-0.22373663,-0.08030563,0.11182101,0.32449996,0.06974237,-0.4588031,0.15640181,-0.04383275,-0.29111442,-0.2557884,0.047063135,0.16406873,-0.0932776,-0.25921762,0.27696392,0.08851394,-0.27289096,-0.073977955
usa_35_53,0,usa,0.54161644,0.19247474,0.08540533,-0.2637089,0.44038272,-0.106786415,-0.24489556,-0.49873105,-0.4386051,-0.061861917,-0.1135084,-0.17853925,0.12918678,0.06632819,0.069067776,0.2300086,0.5169678,-0.4405369,0.24520749,0.23762016,0.1490066,-0.4706917,-0.05696942,-0.4252459,-0.33710325,0.3810766,0.65164185,-0.14987747,0.062648654,0.4978013,-0.1387958,-0.3220699,0.32276776,-0.15861101,0.32460052,0.36228368,-0.6565497,0.073589325,0.08756205,0.086963125,-0.3043779,-0.086543016,-0.27789807,-0.5072924,-0.18155852,-0.05484175,-0.37141958,-0.25671345,0.037133515,0.10301148,0.21656266,-0.5674041,0.30099016,-0.30398494,-0.5284052,-0.42910048,0.12799163,0.061277814,-0.33859795,-0.54530686,0.39972475,0.1633029,-0.56254077,-0.1732482
usa_36_69,0,usa,0.65257883,0.27849022,-0.023455843,-0.39841655,0.69535935,-0.27365005,-0.48144644,-0.6537923,-0.74060756,-0.17290282,-0.096565336,-0.29191816,-0.080206335,-0.25869814,0.11970729,0.345665,0.6513674,-0.5399013,0.31092215,0.16638097,-0.0670464,-0.48385274,0.17654192,-0.532692,-0.41531077,0.41846734,0.77670956,-0.2068631,-0.07120522,0.6479841,-0.20967221,-0.38991198,0.38720363,-0.30596253,0.4496909,0.24927366,-0.7665906,0.16588137,-0.047956806,0.32713294,-0.02649033,-0.11758667,-0.27706385,-0.6086434,-0.3323707,0.045929495,-0.4953888,-0.49726182,-0.2470377,-0.041518323,0.24875876,-0.6848072,0.4465212,-0.3711545,-0.6267482,-0.5592819,0.34880847,-0.16891968,-0.43861225,-0.64708763,0.54463094,0.4379536,-0.5995673,-0.2434406
usa_36_73,0,usa,0.666287,0.090123,0.068832345,-0.24868724,0.50596184,-0.1770005,-0.41604215,-0.52253246,-0.5519152,-0.082598686,-0.071558915,-0.21699561,0.095899306,0.00035391748,0.10511002,0.24245915,0.55414456,-0.43448377,0.22421871,0.3158062,0.09501774,-0.47668755,-0.10476366,-0.5225427,-0.29591396,0.4303937,0.7684932,-0.1719505,0.047380447,0.6197156,-0.16820508,-0.34071416,0.20002303,-0.16981952,0.32866207,0.2936025,-0.74494934,0.028557185,0.1422733,0.26174527,-0.24398892,0.032558754,-0.19495595,-0.50783217,-0.18567914,-0.08351765,-0.41450953,-0.32581195,-0.04322772,0.12347538,0.21902563,-0.73115015,0.30144793,-0.2581486,-0.5710701,-0.46901307,0.29830027,-0.08119468,-0.31833702,-0.4732538,0.41228306,0.25934204,-0.5798731,-0.25553167
usa_69_73,1,usa,0.51274943,-0.055723988,0.2522635,-0.10685904,0.42458695,-0.16534933,-0.25386667,-0.31912017,-0.3592519,0.1436201,0.093449846,-0.033523466,0.31076205,0.099037595,-0.065802455,0.09515409,0.4392342,-0.30634597,0.16091715,0.16481836,0.19598466,-0.31368712,-0.22394659,-0.42142627,-0.16291966,0.30073592,0.5853535,-0.014177561,0.17805558,0.4687546,0.0031351,-0.17528287,0.0629413,-0.06675874,0.2226888,0.4926057,-0.58800966,-0.14337252,0.3547041,0.06359932,-0.38822222,0.13367413,-0.042620912,-0.38703677,-0.095725566,-0.22878712,-0.29122728,-0.16014688,0.018302746,0.25653398,0.07032552,-0.5588999,0.1994986,-0.13451816,-0.4276249,-0.34739712,0.1552993,0.07774914,-0.17869097,-0.35089087,0.31611842,0.0618697,-0.41179505,-0.056950796
usa_15_110,0,usa,0.47439495,-0.030129574,0.31920072,-0.12606095,0.36526024,-0.0122960135,-0.14959037,-0.37603322,-0.3458004,0.22757109,-0.02252084,0.041759238,0.36310259,0.1026449,0.0118214935,0.077881865,0.3879899,-0.29532343,0.2059408,-0.036866724,0.20676798,-0.26523232,-0.13892312,-0.3465695,-0.18752047,0.23489484,0.58691823,0.08423836,0.15068167,0.3526739,0.01602929,-0.09726043,0.14792323,-0.03038425,0.1644892,0.54763275,-0.5754912,-0.09909211,0.2924629,0.06326198,-0.48541737,0.074813396,-0.0646054,-0.30512944,-0.08783579,-0.37939018,-0.20144084,-0.1374237,0.046796203,0.30904564,0.120041266,-0.5733212,0.18384433,-0.14051677,-0.3223886,-0.3510703,0.13253814,0.12428764,-0.14829272,-0.26186168,0.27716696,0.10210374,-0.2918469,-0.09293522
usa_15_112,0,usa,0.5995297,-0.053991877,0.30280074,-0.046027508,0.33571237,-0.041581016,-0.13412157,-0.35930172,-0.29995346,-0.003579028,-0.077178575,0.108346105,0.2295863,0.03265865,0.048562113,0.06312111,0.48280478,-0.23805285,0.15542531,-0.011069104,0.10793481,-0.13030753,-0.11334877,-0.35554528,-0.062165238,0.1873771,0.5274026,-0.07937883,0.09387323,0.49971873,-0.0558029,-0.06331835,0.18535003,-0.14689273,0.1669414,0.36542532,-0.52077925,-0.08444387,0.16768557,0.145735,-0.43935627,0.14723028,-0.037985194,-0.27445313,-0.05190617,-0.25682354,-0.3039468,-0.20862871,0.14849487,0.37323245,-0.010408826,-0.53002274,0.22501498,-0.09149837,-0.33728093,-0.43904078,0.0887286,0.021933787,-0.10451498,-0.329198,0.16790086,0.34935623,-0.18434325,-0.12460879
usa_15_73,0,usa,0.526149,0.07256739,0.40327835,-0.01849655,0.4685204,-0.18484162,-0.24562025,-0.3334471,-0.34319255,0.23670755,-0.033798847,0.019737087,0.38725895,0.14585504,-0.004362941,0.08903076,0.3535488,-0.22451583,0.115617484,0.07813674,0.18989992,-0.21125641,-0.2477747,-0.38819903,-0.17093657,0.33529744,0.4442169,0.11427971,0.19687873,0.4703188,0.036695667,-0.1375762,0.12425843,-0.09545598,0.2320531,0.53509325,-0.4690573,-0.07444371,0.32082486,-0.030322656,-0.4014095,0.1390429,0.11528021,-0.28594336,-0.059710853,-0.2352179,-0.21559855,-0.022976756,-0.025133751,0.22241867,0.0005603656,-0.37080324,0.1726709,-0.021676749,-0.3434817,-0.252818,0.030002732,0.119254954,-0.09491932,-0.14160906,0.3677634,0.05547055,-0.42770603,0.13750553
usa_78_101,1,usa,0.49406925,-0.069241665,0.29567096,-0.109065376,0.40432906,-0.10219507,-0.23189983,-0.29673144,-0.35168597,0.1327413,0.07180998,-0.008339815,0.34220988,0.12405086,-0.038033918,0.06475168,0.37956187,-0.2492199,0.19667737,0.1326866,0.231486,-0.29797608,-0.26412207,-0.39092574,-0.13487223,0.2709151,0.60671794,0.03981792,0.18565565,0.43664384,0.09049202,-0.13619497,0.026386987,-0.02197083,0.21714523,0.50159997,-0.58244073,-0.13707611,0.32858142,0.04216515,-0.40684646,0.16325234,-0.0025316626,-0.3580676,-0.110757194,-0.2760516,-0.25825763,-0.12811904,0.039659128,0.26633132,0.080709726,-0.53756225,0.18803376,-0.0915339,-0.40207446,-0.31961673,0.123735696,0.11145779,-0.13936695,-0.29365534,0.29643065,0.06424756,-0.43064988,-0.047238354
usa_8_12,0,usa,0.5117399,0.09605099,0.12504497,-0.21552233,0.4688422,-0.08395706,-0.2809888,-0.4400272,-0.4629933,-0.0045066997,-0.07305354,-0.108363464,0.20475125,0.05285737,0.06472165,0.16031428,0.4464933,-0.30167615,0.28054714,0.16345099,0.10581606,-0.31638652,-0.110813215,-0.42473128,-0.21610048,0.34923384,0.66614103,-0.015443809,0.1459971,0.45730388,-0.11763721,-0.20604932,0.2090702,-0.061617475,0.2765874,0.408421,-0.6427304,0.023178142,0.19141257,0.12748432,-0.26939428,0.068397775,-0.045799773,-0.421302,-0.17361477,-0.24630451,-0.3602824,-0.23517522,-0.0077802464,0.14405805,0.25036556,-0.61930233,0.2636842,-0.18571371,-0.4304456,-0.44152868,0.11223318,0.056925423,-0.23893157,-0.35441482,0.39816466,0.15511823,-0.5331956,-0.19345534
usa_12_104,1,usa,0.32080737,0.07365306,0.33799005,0.0055947304,0.43409193,0.05211544,-0.27383834,-0.26554805,-0.14735079,0.26147282,0.17713249,-0.039614875,0.49247167,0.26872396,-0.16971631,0.18349472,0.3018462,-0.17021984,0.07783839,0.0043255314,0.16401035,-0.1115283,-0.31874168,-0.3654818,-0.07972278,0.10117879,0.3441211,0.13960129,0.25442097,0.32519835,-0.07907923,0.18883836,0.13018239,-0.0008556396,-0.050124295,0.44372362,-0.24024779,-0.28801262,0.25341824,-0.033051744,-0.40280074,0.15465622,0.08519921,-0.3925847,-0.11954168,-0.2825618,-0.16093534,-0.09731474,0.1306355,0.20461944,0.13560256,-0.35537022,0.13729483,-0.03812363,-0.2949213,-0.2335532,-0.027322046,0.4397265,-0.06519808,-0.2539072,0.35012677,0.027420286,-0.13151081,-0.01189056
usa_12_62,0,usa,0.5012921,-0.041438945,0.25947583,-0.14533111,0.43155533,-0.14295925,-0.27010316,-0.34650865,-0.38951117,0.11190598,0.038511664,-0.03582771,0.2900846,0.093272574,-0.012804516,0.095125526,0.41779423,-0.27910733,0.21459007,0.15088013,0.20925125,-0.315126,-0.22612597,-0.4242452,-0.15527323,0.31109926,0.6397748,0.0027851388,0.16376504,0.46527287,0.05240815,-0.18741103,0.05467394,-0.042034615,0.25280815,0.49024075,-0.60627925,-0.091168895,0.2970442,0.07526586,-0.3616615,0.15102018,-0.021202594,-0.37038308,-0.13203827,-0.22531766,-0.28953743,-0.15085286,0.008421101,0.23126385,0.11236191,-0.5700512,0.21940938,-0.11387694,-0.43640047,-0.34752208,0.14600688,0.06362363,-0.17473714,-0.33048385,0.3355205,0.10601303,-0.46943074,-0.084252864
usa_8_103,0,usa,0.53750235,0.0074857995,0.19196409,-0.17978674,0.45087272,-0.14939351,-0.28466535,-0.3882725,-0.39320037,0.12429258,0.03138963,-0.03550619,0.2816407,0.09881108,-0.019782603,0.124614865,0.43885484,-0.2943121,0.22613919,0.17894322,0.18648025,-0.33100945,-0.19792797,-0.42772323,-0.1945422,0.32888925,0.61072254,-0.0017847568,0.14878614,0.47060102,-0.009213403,-0.18115854,0.11418095,-0.057356708,0.2586781,0.4607535,-0.6200259,-0.07885328,0.29793698,0.08870345,-0.34555936,0.10889763,-0.052488342,-0.38842946,-0.15410638,-0.19352573,-0.30156657,-0.18164888,-0.01321619,0.20239353,0.12504363,-0.57161444,0.22372589,-0.15258832,-0.46308118,-0.37988734,0.15434259,0.079767354,-0.19476768,-0.36321718,0.34822345,0.10235073,-0.49495113,-0.105792515
usa_40_92,0,usa,0.6626734,0.39767843,-0.32245988,-0.47480708,0.82053834,-0.03579194,-0.67146873,-0.73884714,-0.5536104,-0.51174504,-0.32690516,-0.45548207,-0.24819958,0.00080519915,0.23185734,0.5100169,0.5742026,-0.58100206,0.23723526,0.6183714,-0.22732121,-0.5304548,0.12840682,-0.60332704,-0.52060854,0.5153667,0.74895597,-0.2362423,-0.12728833,0.67866004,-0.61915565,-0.3583583,0.46954045,-0.39095914,0.41718498,0.16273028,-0.7545721,0.23279373,-0.30492026,0.53749186,0.12817615,0.0027812421,-0.26875007,-0.5619596,-0.21022823,0.024938073,-0.5957843,-0.62580574,-0.1685743,-0.17868382,0.50727934,-0.88996273,0.52611303,-0.35953808,-0.71678454,-0.52046424,0.3121994,-0.16787212,-0.44918105,-0.5860635,0.66522163,0.4993611,-0.8068222,-0.49809796
usa_104_106,0,usa,0.75898904,0.17150414,0.009937488,-0.17163414,0.5318038,0.24423152,-0.35539943,-0.488608,-0.5730062,-0.13684851,-0.16447377,-0.17174128,0.08064028,-0.18052778,0.2059936,0.3912558,0.49462482,-0.48341718,0.28963646,0.08260043,-0.0774792,-0.25466874,0.010837905,-0.36934754,-0.2706744,0.3730359,0.6829171,-0.12032509,-0.14666592,0.63522357,-0.31786716,-0.28994775,0.3434157,-0.18858695,0.25916034,0.24142766,-0.47774747,0.00811851,-0.0321412,0.27850395,-0.08297926,-0.1627669,-0.15853795,-0.48648,-0.16681817,-0.05002234,-0.28153053,-0.46085292,-0.03707415,-0.09571402,0.28099382,-0.66180384,0.2951889,-0.31212866,-0.42635486,-0.4420281,0.36693847,-0.005998008,-0.30140394,-0.3260931,0.41665193,0.34009862,-0.41320446,-0.34824002
usa_3_83,0,usa,0.42300612,-0.121670194,0.33019686,-0.08862509,0.32640973,-0.14210966,-0.09361732,-0.3281579,-0.3619706,0.1846957,0.067665234,0.06411828,0.41774008,0.14670163,-0.04699841,0.05925755,0.39486152,-0.28513825,0.11658548,0.007232316,0.3042962,-0.2300553,-0.28431135,-0.4216519,-0.18048084,0.21255547,0.47985187,0.10888591,0.34324282,0.31585637,0.058341227,-0.10088751,0.094533496,0.030996226,0.1609986,0.68855774,-0.51332843,-0.20286225,0.42336336,-0.03520657,-0.4379735,0.18541522,0.032863043,-0.31761676,-0.010234036,-0.37193698,-0.228269,0.016289726,0.09419483,0.29078475,0.0283195,-0.52404803,0.18486607,-0.081760824,-0.41380295,-0.38564616,0.08205079,0.17409158,-0.09182713,-0.22540368,0.22279999,0.14418794,-0.34222415,-0.07320373
usa_3_7,0,usa,0.52529544,-0.0027696267,0.21764836,-0.15534538,0.43498546,-0.14584702,-0.26464072,-0.3597736,-0.3885033,0.13556512,0.052459866,-0.021430247,0.30396515,0.105326794,-0.030444741,0.10772002,0.41724423,-0.2778253,0.22122075,0.16728535,0.20565099,-0.3339033,-0.21521537,-0.42114505,-0.18499987,0.31843257,0.6042775,-0.0035773292,0.15344165,0.4549054,0.018585235,-0.16735598,0.09017487,-0.040843908,0.24867314,0.4614402,-0.60553336,-0.09745078,0.31581327,0.059035406,-0.37367016,0.119088665,-0.0341643,-0.37565058,-0.14714327,-0.21175614,-0.29308838,-0.15970036,0.0016516969,0.22300196,0.108059034,-0.55392087,0.21418567,-0.13411595,-0.44989416,-0.35878703,0.13661185,0.096492566,-0.1798902,-0.34888268,0.32629353,0.07806926,-0.4790471,-0.07967074
usa_3_73,1,usa,0.85506004,0.41355386,-0.4290385,-0.60665286,0.6145641,-0.0068245903,-0.85648096,-0.8284365,-0.9090349,-0.77743745,-0.59068096,-0.6128018,-0.39703673,-0.21630523,0.3239158,0.47890532,0.7876232,-0.65539134,0.5174093,0.6418984,-0.31982273,-0.5573978,0.2704606,-0.6521495,-0.43386012,0.5865779,1.0695295,-0.51394933,-0.2709458,0.9490112,-0.6100938,-0.57606083,0.5042348,-0.48138964,0.52023286,-0.1404975,-0.72221947,0.3238324,-0.47448143,0.6351626,0.15433791,-0.10143807,-0.48871118,-0.7084726,-0.33929962,0.10866216,-0.7672156,-0.70457006,-0.08010745,-0.17616856,0.45821697,-0.9782071,0.5295066,-0.60999334,-0.7326112,-0.9226446,0.6650015,-0.41260284,-0.55600935,-0.74152154,0.6479525,0.7735132,-0.6972983,-0.7114535
usa_3_6,0,usa,0.36215627,-0.07047968,0.5326924,0.22142896,0.2553362,0.18487483,0.046696544,-0.07213571,-0.18801181,0.43606973,0.085817486,0.317785,0.6306055,0.31356546,-0.20334171,-0.09446741,0.1073873,-0.17747477,0.2754677,-0.34944165,0.45211446,0.03803646,-0.4547189,-0.14621475,0.09394758,0.005890049,0.38388982,0.09468899,0.21670985,0.3696599,0.20955768,0.3376647,0.089555085,0.14344065,-0.0354131,0.768075,-0.1991449,-0.44652182,0.5480725,-0.18588082,-0.78596324,0.150876,0.18122303,-0.0009067282,0.034473248,-0.6661201,-0.049109723,0.13428202,0.19772567,0.37974966,-0.12749992,-0.21387585,0.16953322,0.09753333,-0.14895603,-0.15677795,-0.052771658,0.36541048,0.07479286,-0.03824344,-0.041675873,0.06586314,0.14999573,0.024936505
usa_12_101,1,usa,0.5305888,0.0032840967,0.20527288,-0.1570402,0.43749398,-0.14464602,-0.27957454,-0.3748501,-0.38840052,0.13390525,0.039888024,-0.031879246,0.30173248,0.11058078,-0.031627074,0.11238405,0.42679724,-0.2851319,0.22130626,0.17411332,0.19680613,-0.33931997,-0.21819936,-0.4231069,-0.19008034,0.31766248,0.60117054,-0.004866332,0.15316218,0.46318218,0.008318812,-0.16822535,0.1041387,-0.043562308,0.25375384,0.45432055,-0.6140937,-0.095154434,0.31566837,0.0735406,-0.36580443,0.11484474,-0.034699533,-0.3780771,-0.14682665,-0.21487457,-0.3013831,-0.17726833,-0.0024279207,0.20915061,0.11083703,-0.5600011,0.21802503,-0.13964085,-0.4570309,-0.37063047,0.13996935,0.09500968,-0.18492824,-0.3438295,0.33238342,0.08700155,-0.4831342,-0.08815077
usa_99_101,1,usa,0.2381477,-0.23907724,0.47247198,0.14117108,0.24038875,-0.005249448,-0.011037245,-0.103683524,-0.07046359,0.46384937,0.27200094,0.30703846,0.5916044,0.28958324,-0.1786841,-0.07224359,0.15815662,-0.07500229,0.10308674,-0.16254048,0.44590348,0.047379054,-0.36015362,-0.17725661,0.093992524,0.06481205,0.37514076,0.3538868,0.28141695,0.21752968,0.31812537,0.1961042,-0.09254553,0.11093621,-0.012757249,0.75861996,-0.3643686,-0.37160867,0.49893048,-0.19018237,-0.64385295,0.25199133,0.2027303,-0.12063174,-0.029198393,-0.51294327,-0.014509976,0.12558272,0.13233793,0.48298666,-0.040147513,-0.30757892,0.0925686,0.040039062,-0.19232662,-0.16726723,-0.12386857,0.37082565,0.09651275,-0.16342212,0.1353479,-0.14250262,-0.1922624,0.1860756
usa_26_92,0,usa,0.5717064,0.16398385,-0.0012658238,-0.22555196,0.4729892,0.0051548183,-0.37563992,-0.47782665,-0.51926935,-0.17040974,-0.14647499,-0.29663974,0.12526372,0.006446928,0.13985708,0.2790267,0.48077148,-0.37674692,0.16138378,0.2686934,0.07582428,-0.43740457,-0.08159514,-0.54054856,-0.3360486,0.33456197,0.69589424,-0.13730365,0.08471367,0.5554978,-0.17443569,-0.24072355,0.24513334,-0.17499803,0.34122223,0.29973945,-0.61340296,0.061066702,0.112833716,0.26213863,-0.21794958,0.05712281,-0.25262326,-0.4478723,-0.090633325,-0.17604908,-0.4320278,-0.28171158,0.06332582,0.13799438,0.280571,-0.7211333,0.30509773,-0.2560858,-0.51997524,-0.49645808,0.21655594,-0.06958877,-0.3416471,-0.48801738,0.48652184,0.36347264,-0.48698145,-0.30920202
usa_46_73,0,usa,0.45850468,-0.012312874,0.25458702,-0.12888354,0.4099151,-0.13688353,-0.28971514,-0.3965185,-0.36573425,0.08774184,0.02527532,-0.042759676,0.2689369,0.13930094,0.016204663,0.08046399,0.4047219,-0.31134883,0.23759398,0.15103878,0.2248354,-0.25830838,-0.19075678,-0.45986152,-0.09635202,0.30349532,0.68538165,0.057195432,0.1233917,0.48003104,0.047233053,-0.17649028,0.026098877,-0.060895488,0.2548455,0.5315017,-0.58498996,-0.08287062,0.20612004,0.114685915,-0.37720346,0.1563238,-0.008343011,-0.3501376,-0.14187607,-0.20483813,-0.2886238,-0.12141024,0.01688546,0.25552768,0.15644528,-0.5690372,0.2628213,-0.13990884,-0.38023037,-0.35026646,0.1364054,0.06657628,-0.17851388,-0.31904483,0.3470425,0.16681066,-0.44789594,-0.090918824
usa_11_64,1,usa,-0.38816187,-0.9035375,1.2199082,0.7254182,-0.3261342,0.07256544,0.61808914,0.37772602,0.5582815,1.2791005,0.76076555,1.0467674,1.2226912,0.6672521,-0.67198807,-0.5924154,-0.5450179,0.5436249,-0.27219248,-0.7985352,1.0100052,0.42517784,-0.8637152,0.34581387,0.56606704,-0.35666537,-0.110186264,0.9260159,0.84969676,-0.4047228,1.0867182,0.90813196,-0.6100079,0.8631913,-0.67694575,1.3200643,0.3320438,-0.97041327,0.9384977,-0.9348123,-1.3680412,0.7927345,0.81459606,0.33819595,0.40945333,-1.103356,0.52113724,0.82831264,0.45601827,0.8908833,-0.5194478,0.19043818,-0.2848546,0.571241,0.42380044,0.52934355,-0.63145125,1.0104656,0.6536958,0.34137255,-0.43098408,-0.6232209,0.4986755,0.5591936
usa_11_22,1,usa,0.508977,0.094538026,0.22363424,-0.201021,0.5257556,-0.07438149,-0.1950492,-0.19011246,-0.3847736,0.24396794,0.07454969,0.085748434,0.3430872,-0.046271354,-0.102401495,0.13481659,0.27257097,-0.2812906,0.36604995,0.07983998,0.13077462,-0.24479899,-0.20483531,-0.27472246,-0.12001582,0.31424075,0.54127,0.040963657,0.116136715,0.46300596,0.130209,-0.16882274,0.253936,-0.06573214,0.26385048,0.42073715,-0.45109382,-0.147025,0.2526795,-0.06462252,-0.2650116,0.0626937,-0.0076598376,-0.17099604,-0.121251635,-0.30632442,-0.2620207,-0.1954057,-0.10121081,0.062548034,0.11270091,-0.43204838,0.26013255,-0.064288124,-0.3706311,-0.3788284,0.16294596,0.04478421,-0.20053336,-0.18310072,0.26437536,0.22403003,-0.39539456,-0.030870099
usa_11_43,1,usa,0.7293834,0.17673469,-0.0905557,-0.39069712,0.6304926,-0.104190364,-0.4684307,-0.63194895,-0.6123328,-0.25041732,-0.19311377,-0.26958996,-0.054477077,-0.0785625,0.12749958,0.37656027,0.51766783,-0.53281915,0.22780658,0.3287362,-0.06412704,-0.6340508,-0.03327614,-0.52135324,-0.39712945,0.5874933,0.82052016,-0.25606576,-0.074868746,0.7086538,-0.18284494,-0.29486975,0.3377918,-0.21402226,0.3663826,0.15914348,-0.5963887,0.15329897,-0.12537658,0.38169652,-0.04207918,0.05880721,-0.28817743,-0.61988163,-0.29146472,0.018932924,-0.5304811,-0.4377196,-0.16785797,-0.009140946,0.28909615,-0.6998683,0.47352272,-0.35046554,-0.7242607,-0.69475704,0.43405524,-0.2599965,-0.44903785,-0.5721928,0.5268868,0.59433675,-0.69916916,-0.4751418
usa_8_32,0,usa,0.54862976,0.012684949,0.16958684,-0.1895189,0.45642787,-0.1347534,-0.3121206,-0.3978065,-0.41078132,0.12631708,0.040737152,-0.053724483,0.28178912,0.10299208,-0.010780707,0.1504507,0.44252193,-0.30350214,0.22836778,0.20062838,0.16259804,-0.36921415,-0.19452633,-0.43547076,-0.20626763,0.33547947,0.6024054,-0.021759912,0.12748477,0.4835814,-0.043250237,-0.17504545,0.14715518,-0.06736034,0.254118,0.43927753,-0.62121373,-0.09217307,0.26674965,0.11690741,-0.34355903,0.08016913,-0.06572526,-0.42744496,-0.17100011,-0.1800881,-0.3213111,-0.1927173,-0.011930555,0.18242726,0.14843316,-0.5721658,0.22466734,-0.15901628,-0.4749281,-0.37960705,0.18842998,0.079540856,-0.21388257,-0.36608905,0.35503915,0.12700099,-0.51037604,-0.10941526
usa_43_73,1,usa,0.4644811,0.13014291,-0.016832009,-0.04987075,0.2638499,-0.14830911,-0.35634512,-0.29282048,-0.064140044,-0.27123383,-0.4575541,-0.19117671,-0.22462794,0.055801116,0.105558366,0.079967625,0.2686567,-0.060725376,-0.09418309,0.24409778,-0.12815224,-0.111751795,0.06807953,-0.36348972,-0.033715814,0.061211474,0.52175176,-0.29488316,-0.2943592,0.27127197,-0.01623647,0.18858984,0.13611925,-0.21556759,0.16654548,-0.19246608,-0.37111077,0.15007444,-0.31598368,0.44282508,0.02303055,0.10524015,-0.07144876,-0.15362869,-0.1665144,0.19012728,-0.4402394,-0.20170352,0.2349178,0.25211912,0.2912854,-0.13752073,0.47670838,-0.1711966,-0.47131768,-0.44575658,0.27678412,-0.14708444,-0.07492441,-0.07613813,0.08898432,0.39703053,0.08705248,-0.29435632
usa_30_43,1,usa,-0.26616508,-0.76957273,1.2064239,0.686118,-0.26987356,0.029986724,0.5830871,0.42753938,0.52197367,1.1519152,0.5616523,1.0242847,1.2248936,0.7495449,-0.69708043,-0.611721,-0.13723645,0.45730144,-0.18608168,-0.9684001,0.8347247,0.50065047,-0.71536255,0.26419726,0.6390761,-0.4135906,-0.20062897,0.9157488,0.88283515,-0.22369078,0.8753518,0.722131,-0.5852313,0.58031064,-0.8463558,1.1921183,0.3069858,-0.84208924,1.0592924,-0.8059149,-1.2863443,0.5575394,0.610053,0.31568176,0.39337644,-0.9281144,0.4252815,0.9013404,0.47335875,1.0468192,-0.64313686,0.2556317,-0.54996514,0.58864003,0.38348138,0.42163545,-0.61049044,1.042432,0.5482041,0.56520426,-0.5336752,-0.83001375,0.5121243,0.8070813
usa_99_104,1,usa,0.46458757,-0.06764052,0.3577153,-0.04582232,0.42061472,-0.061579056,-0.15424043,-0.2952317,-0.29763603,0.3702379,0.13538869,0.09978792,0.385854,0.13339978,-0.17652221,0.07421721,0.3721439,-0.18316951,0.25872594,0.06483204,0.23187739,-0.23079228,-0.29434884,-0.31087762,-0.065730825,0.20671809,0.53139365,0.09753787,0.22979218,0.39928663,0.10498182,-0.1038341,0.026244339,-0.036040038,0.13733971,0.6347141,-0.46471336,-0.26719326,0.45609608,-0.049625248,-0.51837116,0.17590658,0.02261328,-0.29415026,-0.049716152,-0.32150182,-0.1875613,-0.10251679,0.05938542,0.27167082,-0.028361678,-0.4685443,0.096557006,-0.06415215,-0.31641784,-0.26084346,0.0703668,0.25028127,-0.13123265,-0.20437582,0.25091693,-0.026589997,-0.29933578,0.06951169
usa_73_97,0,usa,0.27823362,-0.23280168,0.6484689,0.1385806,0.23542765,-0.06908194,0.06555797,-0.10510144,-0.02527342,0.589752,0.29091755,0.3566464,0.6820402,0.29915518,-0.3123175,-0.15011054,0.13380465,0.016093418,0.053717207,-0.14762892,0.41817033,-0.17016393,-0.38442427,-0.1741013,0.044876195,0.04020118,0.32931075,0.20066765,0.4234257,0.18639699,0.34210426,0.1833331,-0.1301246,0.17237099,-0.086920656,0.7878198,-0.26688904,-0.50400305,0.71264887,-0.27669013,-0.8008729,0.27977592,0.24164274,-0.14390853,0.050301135,-0.5178167,-0.016678907,0.15778935,0.23134403,0.48479226,-0.21501769,-0.27788594,-0.02105686,0.090668604,-0.14236909,-0.08858193,-0.1293646,0.46987757,0.04655157,-0.053793564,0.04029373,-0.18944696,-0.095405735,0.26768315
usa_6_8,0,usa,0.49769384,0.0401779,0.21385545,-0.19644359,0.47054195,-0.1313895,-0.3182033,-0.4100755,-0.39715567,0.08828598,0.060335845,-0.082552634,0.2500376,0.09634941,-0.02385661,0.14619488,0.45389974,-0.3259675,0.2223114,0.22868897,0.1545819,-0.3188379,-0.16566153,-0.46480763,-0.20265776,0.36386403,0.6536485,-0.033887632,0.14720666,0.49657997,-0.022633173,-0.22904938,0.086651005,-0.08872065,0.264829,0.43776006,-0.61823374,-0.049516916,0.26346463,0.1066949,-0.33281076,0.114063054,-0.050526,-0.41424334,-0.15865862,-0.16629702,-0.32810208,-0.18163687,-0.008713111,0.17514148,0.13373017,-0.5808009,0.2828386,-0.17841873,-0.4421648,-0.4076262,0.16205516,0.085176416,-0.23284876,-0.3740872,0.36036837,0.14952293,-0.4922445,-0.13755943
usa_40_73,0,usa,0.54740196,0.057101954,0.12919447,-0.2172959,0.5697431,-0.043684762,-0.28999704,-0.4526496,-0.54009277,-0.016293712,-0.018584847,-0.18649149,0.16424736,-0.12791222,0.0043701828,0.22539154,0.53023946,-0.38102964,0.14063928,0.28242612,0.095527984,-0.3969311,-0.084935606,-0.5091068,-0.2872605,0.45469463,0.65528,-0.060703076,0.09085007,0.5474676,-0.15424985,-0.3044357,0.20659995,-0.1676078,0.31337652,0.37572467,-0.659823,-0.0011408702,0.22947991,0.21897289,-0.23273148,0.040663764,-0.16262169,-0.4768538,-0.20093632,-0.111246176,-0.37521043,-0.34554422,-0.06028341,0.025495224,0.19371496,-0.5977504,0.37026063,-0.29707626,-0.40072727,-0.5124793,0.27759093,-0.047052074,-0.32553828,-0.3924098,0.43377748,0.32325402,-0.48167032,-0.20844936
usa_21_84,0,usa,0.96594435,0.3592564,-0.15976445,-0.3541986,0.7358576,-0.10019099,-0.8007523,-0.69629276,-0.86002016,-0.5120876,-0.42722005,-0.4788633,-0.18683693,-0.20376673,0.25892812,0.5918111,0.726317,-0.6696442,0.24623583,0.57970273,-0.35466474,-0.5359519,0.061082393,-0.7694033,-0.6105192,0.57508105,0.8762603,-0.30435154,-0.11334636,0.7366683,-0.5442317,-0.5629689,0.58356696,-0.44189382,0.6762864,-0.096608505,-0.8827869,0.425116,-0.26730198,0.5101624,0.129849,-0.13887073,-0.29197067,-0.6103484,-0.24752575,0.23932236,-0.69631016,-0.62784857,-0.23161697,-0.2743572,0.4061839,-0.958676,0.612759,-0.48497534,-0.76665854,-0.631292,0.5206808,-0.26744604,-0.42048883,-0.6529744,0.74934024,0.5530975,-0.6643096,-0.49673197
usa_6_29,0,usa,0.5314437,0.5456268,-0.24878788,-0.35138425,0.44959766,-0.0061784685,-0.3827858,-0.6058797,-0.55838186,-0.7325456,-0.5218793,-0.35805097,-0.4786146,-0.092688024,0.37776196,0.19696987,0.3964724,-0.497306,0.26921833,0.52637994,-0.09459905,-0.46109474,0.15805471,-0.55969155,-0.35860822,0.42796776,0.7167611,-0.2311543,-0.32481182,0.6546082,-0.06052599,-0.46193868,0.52232397,-0.3688618,0.35124162,-0.07267517,-0.7053221,0.59896564,-0.37592438,0.5965977,-0.006688811,-0.07743674,-0.47280586,-0.47675332,-0.21007767,0.22678131,-0.71952474,-0.3302467,-0.39563817,-0.17402883,0.65555054,-0.6144646,0.5670717,-0.403527,-0.54746825,-0.48482293,0.42978376,-0.47530395,-0.27097577,-0.5365661,0.5032375,0.35931635,-0.7213203,-0.48965603
usa_29_73,0,usa,0.64286196,0.1064146,0.13937849,-0.1545867,0.4017346,0.010338046,-0.44031549,-0.4376622,-0.5654837,-0.43787187,-0.2891162,-0.28030223,-0.113195226,-0.06388046,0.11997762,0.26084927,0.48690972,-0.44201878,0.25557253,0.34976786,0.05938285,-0.27505156,-0.11046554,-0.53793925,-0.2166537,0.31614426,0.81623447,-0.23326182,0.16397619,0.6031941,-0.010830082,-0.3005701,0.22001153,-0.06096824,0.3189915,0.1765137,-0.69969714,0.14710483,-0.040273428,0.28783697,-0.32076406,0.091827735,-0.20638317,-0.50468916,-0.116184026,-0.13223198,-0.47636205,-0.3120241,-0.07368708,0.14597124,0.17490353,-0.60322285,0.41506234,-0.26267117,-0.553847,-0.42314488,0.34619084,-0.14996938,-0.28148305,-0.4308527,0.32994828,0.47302452,-0.4865674,-0.3842416
usa_39_99,0,usa,0.44569686,-0.02935759,0.25707802,-0.11022611,0.4183889,-0.12827185,-0.25716954,-0.33577773,-0.34585378,0.17209749,0.0997282,0.004206158,0.34593365,0.13531551,-0.037307575,0.08589611,0.40723103,-0.26630133,0.21240623,0.11113159,0.22025445,-0.25355288,-0.23871379,-0.3789175,-0.16994901,0.26548102,0.555422,0.081639804,0.18312913,0.41727525,0.028354496,-0.09958921,0.059341528,-0.044603687,0.20709209,0.5553839,-0.5643804,-0.13502939,0.33810365,0.039895624,-0.4090519,0.121135354,0.0042033195,-0.36594358,-0.12624884,-0.27639687,-0.25549304,-0.10816589,0.051794708,0.26383117,0.098844126,-0.5242697,0.17550012,-0.11432906,-0.40397778,-0.35466617,0.09716147,0.12017805,-0.13495211,-0.30561393,0.32978016,0.043667726,-0.45245335,-0.040507223
usa_15_113,0,usa,0.5963834,0.004931055,0.15841421,-0.16999513,0.45805967,-0.17523083,-0.3344609,-0.41789463,-0.45148724,0.055321604,-0.0004708171,-0.108253576,0.20482656,0.07085315,0.012354925,0.16752928,0.49190658,-0.36018038,0.18869308,0.22910462,0.17019287,-0.3880321,-0.16443138,-0.4624065,-0.22503012,0.34283715,0.6575123,-0.08232591,0.13836934,0.538848,-0.07409538,-0.2601215,0.13977388,-0.1063937,0.2557069,0.40982533,-0.6613349,-0.07545385,0.25581908,0.15458123,-0.32273656,0.08352868,-0.12649187,-0.44802132,-0.13908486,-0.15142417,-0.333785,-0.2373429,-0.021323502,0.17828879,0.12562586,-0.64754134,0.23636487,-0.20171764,-0.49522454,-0.4060613,0.23170866,0.012721233,-0.24131416,-0.39960498,0.35671416,0.15099208,-0.48984933,-0.1537467
usa_10_20,0,usa,0.49718332,-0.010608792,0.24121696,-0.1253668,0.4298973,-0.13531697,-0.26450393,-0.33531314,-0.36063945,0.14114209,0.07646097,-0.024774384,0.32158262,0.118081816,-0.033936292,0.1110428,0.41356504,-0.28031263,0.19357231,0.1501236,0.20765737,-0.325418,-0.23702763,-0.38461152,-0.17698595,0.28550324,0.5831995,0.031022027,0.1610907,0.4344361,0.0480816,-0.13627592,0.06695235,-0.039303936,0.2287781,0.5097443,-0.5916947,-0.13614573,0.31715244,0.071303934,-0.37485772,0.12578487,-0.012074925,-0.38323748,-0.13103816,-0.23390707,-0.27337182,-0.16041644,0.022895984,0.24264729,0.09767436,-0.530141,0.19783309,-0.1185713,-0.44779298,-0.34059015,0.12987773,0.10487143,-0.1590389,-0.34808505,0.32773626,0.073952824,-0.46043655,-0.06027299
usa_73_112,0,usa,0.5910948,-0.13370275,0.24821013,-0.028437909,0.289237,-0.24188522,-0.24243508,-0.26858366,-0.32151404,0.108731836,-0.023048513,-0.007951893,0.30380046,0.17614311,0.08706947,0.026308313,0.42097688,-0.33527678,0.08217901,0.12252611,0.22921032,-0.2502507,-0.1501498,-0.44431332,-0.1469782,0.20783414,0.5422921,0.062560625,0.1303274,0.5363543,-0.03633843,-0.17576665,0.12300159,-0.17488492,0.18999484,0.4722336,-0.56047344,-0.0053426325,0.2903945,0.14595464,-0.3570304,0.08069435,-0.068171635,-0.4062016,-0.110075496,-0.12665826,-0.22225241,-0.07432608,0.09021659,0.36069742,0.15759718,-0.5930651,0.11329507,-0.07354157,-0.41072956,-0.30982572,0.23645176,-0.13019587,-0.10930141,-0.29102153,0.26839465,0.11968421,-0.37173074,-0.13180846
usa_42_73,0,usa,0.51616216,-0.014163822,0.24028346,-0.15824619,0.4428376,-0.11353566,-0.27567887,-0.3803408,-0.35751075,0.12739599,0.02416119,-0.016668417,0.30168176,0.123299204,-0.031693935,0.11051305,0.41260478,-0.2578052,0.22125311,0.15390639,0.20041606,-0.31282416,-0.2139739,-0.4105154,-0.17562053,0.30828294,0.590029,0.033843905,0.16715842,0.45372903,0.03047008,-0.1654889,0.08392649,-0.055910446,0.23932081,0.47026408,-0.59556043,-0.099098384,0.30546942,0.07966404,-0.37399375,0.13362879,-0.04618521,-0.37358353,-0.14345726,-0.21889251,-0.26916274,-0.15947098,0.004313983,0.21230817,0.11220837,-0.5697695,0.21305482,-0.12946174,-0.43573585,-0.3747214,0.14645495,0.109342776,-0.17682049,-0.32415006,0.34138107,0.08200026,-0.45990384,-0.09518648
usa_73_101,1,usa,0.46597287,-0.036584087,0.370854,-0.087996416,0.3824147,-0.09228579,-0.22891577,-0.3180788,-0.3517249,0.1967311,0.1543004,0.04365617,0.3883584,0.15067893,-0.07580362,0.06277393,0.38496435,-0.25351045,0.16410318,0.0798967,0.20894477,-0.23639497,-0.27572924,-0.3603155,-0.10522866,0.26217896,0.5781342,0.093352415,0.21159312,0.40664077,0.076114304,-0.10229289,-0.012959793,-0.06460559,0.1427773,0.48799706,-0.55646706,-0.16093044,0.359952,0.01602593,-0.46695918,0.14786114,0.025313087,-0.3037456,-0.09414982,-0.35070917,-0.23184119,-0.058781542,0.06858197,0.3185518,0.057344723,-0.5036402,0.15194806,-0.073854,-0.37743855,-0.32336643,0.043643717,0.19151908,-0.1086614,-0.27123448,0.27273434,-0.0037434697,-0.36723983,-0.011948317
usa_47_92,0,usa,0.5994141,0.19051307,-0.10397194,-0.28915873,0.47623634,0.16009238,-0.36358774,-0.46862638,-0.5020104,-0.106580935,-0.2449769,-0.0586579,-0.003951162,-0.09216726,0.14453259,0.3637256,0.46188813,-0.46361965,0.39740053,0.14375135,0.029922731,-0.22913048,0.07249279,-0.43489093,-0.30374557,0.33738652,0.79088426,-0.084880486,-0.14428982,0.6730439,-0.23778823,-0.31126496,0.36060053,-0.21776861,0.2148442,0.2532417,-0.6701706,0.12730275,-0.08869448,0.30249906,-0.2015151,-0.059561405,-0.15288445,-0.47909155,-0.17768064,-0.1892235,-0.4144441,-0.33757067,-0.11014755,-0.010388024,0.21073464,-0.74945533,0.35978216,-0.33737105,-0.464414,-0.5624279,0.28661394,-0.022067934,-0.3485946,-0.505135,0.41353512,0.34721926,-0.4144542,-0.32154387
usa_14_26,0,usa,0.5598435,0.054671083,0.17438659,-0.18767905,0.4577123,-0.08572661,-0.30128324,-0.38730836,-0.39208516,0.10701752,0.01895301,-0.050236493,0.2671316,0.11452756,-0.021815814,0.12869194,0.45028046,-0.32310754,0.26051223,0.18308339,0.16780388,-0.3496195,-0.21529649,-0.43713665,-0.21589002,0.30316684,0.635499,-0.017036833,0.12636486,0.4998209,-0.014887787,-0.20342366,0.1458785,-0.07620481,0.27636245,0.4358605,-0.6216703,-0.07853231,0.26840362,0.086958945,-0.39263934,0.091503605,-0.08777304,-0.39988238,-0.1386953,-0.19551763,-0.30950388,-0.2013893,0.006871596,0.20041841,0.131828,-0.5910438,0.21680039,-0.15452406,-0.43918484,-0.39457446,0.18343149,0.07139722,-0.22001363,-0.34331852,0.36055362,0.096440285,-0.45952877,-0.119097464
usa_3_10,1,usa,0.55893713,-0.03103941,0.1566163,-0.14890154,0.4215737,-0.076260105,-0.26604897,-0.37954268,-0.4264204,0.12698705,-0.013352588,-0.106285274,0.25553077,0.0976999,-0.030858085,0.17360097,0.39844555,-0.30784816,0.15035322,0.16834916,0.15713274,-0.4034891,-0.19265117,-0.43631274,-0.23484346,0.37247753,0.58738875,-0.07200496,0.124467716,0.47058,0.018921725,-0.18279654,0.08969951,-0.08437689,0.23205608,0.3582503,-0.51528233,-0.06782441,0.31175566,0.07891434,-0.33548927,0.14955874,-0.13478701,-0.37472683,-0.101091795,-0.19738859,-0.29855144,-0.18020317,-0.023161381,0.18627915,0.08655233,-0.6166005,0.24860466,-0.19815944,-0.49170756,-0.3844729,0.12671411,0.04423877,-0.19419444,-0.39639765,0.35730055,0.17821738,-0.4465763,-0.1299254
usa_3_104,1,usa,0.7040974,0.16180494,-0.05265802,-0.33822882,0.6236172,-0.21435791,-0.5496784,-0.65802145,-0.6865371,-0.19957349,-0.15070981,-0.3572844,-0.09561519,-0.123847224,0.11381372,0.38819295,0.64453006,-0.55838364,0.17167428,0.39352125,-0.02713795,-0.56833273,0.015681162,-0.6017724,-0.3310196,0.587942,0.8837968,-0.30093426,-0.02698145,0.81281775,-0.23444769,-0.4126627,0.2857861,-0.27314818,0.44158643,0.25599825,-0.7410704,0.18244682,0.014456831,0.35423,-0.07085195,-0.009326614,-0.24352343,-0.58165723,-0.24381736,0.09385141,-0.5468135,-0.4595772,-0.17675215,-0.011523955,0.2462429,-0.7616498,0.45638463,-0.33767205,-0.73799133,-0.5408306,0.38024554,-0.211384,-0.4309528,-0.6306648,0.5481792,0.46654835,-0.70570695,-0.368504
usa_43_104,1,usa,0.14509428,-0.41749126,0.74493545,0.25509602,0.17541075,0.07502709,0.18319555,0.13778129,0.09922243,0.5951963,0.37360618,0.4617596,0.79358953,0.3197211,-0.2984988,-0.26536104,-0.004740119,0.069770165,-0.0098250955,-0.27858388,0.6567673,0.08194996,-0.5082961,-0.1029635,0.25435632,-0.10386137,0.30273786,0.41029415,0.4670432,0.112734936,0.50327617,0.3256112,-0.27779233,0.24351759,-0.2219896,0.8482936,-0.28420115,-0.5629743,0.6880821,-0.3657518,-0.8308821,0.4141851,0.30799195,0.008380093,0.05904767,-0.7111936,0.12492891,0.2711071,0.29428142,0.63095665,-0.13473678,-0.147498,-0.04871861,0.23121569,-0.040855844,-0.056000434,-0.22291207,0.48811713,0.18698362,0.09629212,-0.07150761,-0.24875727,0.030767947,0.27089235
usa_40_104,0,usa,0.84714496,0.8466404,-0.7506281,-0.7224692,1.0602553,-0.021401025,-1.0097634,-0.82656544,-1.0491503,-1.0118985,-0.5936612,-0.6663649,-0.6201855,-0.70062375,0.49092495,0.8725615,0.831552,-0.9048309,0.60985863,0.79755175,-0.8329475,-0.78298753,0.6388284,-0.9870362,-0.9044904,1.03855,0.9455942,-0.5508236,-0.5179628,0.9581081,-0.48757687,-0.8440138,0.84294695,-0.68199134,0.9022355,-0.48485738,-0.8330217,0.78168285,-0.59416324,0.958946,0.48820466,-0.330777,-0.42043617,-0.6494691,-0.71732867,0.51205766,-0.7965039,-1.1019841,-0.6198157,-0.82826406,0.67407596,-1.0111058,0.83365226,-0.6723919,-0.9306329,-0.8195096,0.873876,-0.5293413,-0.759589,-0.8094881,1.113964,0.7588653,-0.86743104,-0.56376743
usa_99_113,0,usa,0.5199283,-0.024631597,0.23237476,-0.14264558,0.43074894,-0.14624187,-0.26202327,-0.35215408,-0.37282562,0.1491723,0.060904026,-0.006382346,0.31456462,0.119421266,-0.045659572,0.093278416,0.4146912,-0.26974759,0.21839942,0.16134235,0.21319312,-0.31782028,-0.22828446,-0.41318914,-0.17216322,0.30733186,0.59249866,0.01675906,0.16892311,0.4505678,0.026576206,-0.1488054,0.07791868,-0.033208836,0.23545137,0.4755568,-0.59674466,-0.10705531,0.32531956,0.053315982,-0.38216382,0.12479682,-0.023645677,-0.3690174,-0.14045528,-0.21870941,-0.28265017,-0.15287179,0.005493611,0.22623754,0.09271144,-0.5438613,0.20263386,-0.12623715,-0.439931,-0.34972432,0.13528685,0.1057105,-0.16788608,-0.33787215,0.31754535,0.06918103,-0.47024614,-0.07025541
usa_47_106,0,usa,0.36637542,-0.003958486,0.27999866,-0.05916448,0.40997535,-0.0038943589,-0.18307602,-0.3025709,-0.24210116,0.24271648,0.086933434,0.117400706,0.36514315,0.17074472,-0.024012059,0.08097408,0.3066724,-0.19037703,0.12763622,-0.041910887,0.25069278,-0.06821739,-0.20022215,-0.31560132,-0.1124715,0.24682665,0.54388624,0.20674571,0.13711298,0.32625616,0.09651143,-0.013886929,0.062271714,-0.03543791,0.15748502,0.63190454,-0.5348597,-0.16369481,0.34146726,0.034439914,-0.4042173,0.14324932,0.1104241,-0.293133,-0.09658214,-0.37033513,-0.168989,-0.0666455,0.04131934,0.2733325,0.10178277,-0.5261004,0.23170948,-0.10177489,-0.28481036,-0.38940972,0.016683862,0.18030486,-0.086443216,-0.2528339,0.32475156,0.087516904,-0.34950867,-0.02106022
usa_10_104,1,usa,-0.12886363,-0.59824216,0.99772376,0.53101397,-0.06977695,-0.020950757,0.46648592,0.29949448,0.52655995,1.0182856,0.5996847,0.6927148,1.0513998,0.6011002,-0.50331175,-0.34421146,-0.3332568,0.38560587,-0.28418142,-0.5170173,0.85258,0.27017093,-0.7008362,0.092072,0.44061133,-0.23467061,-0.04701811,0.77827257,0.6393515,-0.14869723,0.82093894,0.649283,-0.44637367,0.5178835,-0.46401793,1.0830894,0.077631734,-0.82311004,0.9094214,-0.6102413,-1.1142908,0.5743719,0.6232472,0.106094725,0.2942161,-0.8061804,0.38978422,0.693549,0.41258752,0.8828146,-0.33899075,0.048043475,-0.23757517,0.389444,0.16430417,0.353091,-0.5122477,0.77788323,0.41433322,0.16855718,-0.26315716,-0.5056663,0.23843059,0.53170073
usa_12_92,1,usa,-0.436323,-1.1457607,1.3484936,1.0657568,-0.42285103,0.41895664,1.2137774,0.9419536,0.81078386,1.7834275,1.0522983,1.5247988,1.525985,0.68253154,-0.83196723,-0.96665186,-0.37005588,0.8013523,-0.32958877,-1.380248,1.0550594,0.83624214,-0.7808842,0.72630185,0.73604923,-0.8745909,-0.73632336,0.6659408,0.96822786,-0.4544387,1.2612411,1.252342,-0.66844875,0.95745003,-0.8363071,1.7360773,0.7038318,-1.5010353,1.1717452,-1.2562448,-1.3774526,0.24348442,1.0221941,0.65771264,0.59724796,-1.1412289,0.687376,0.9187743,0.76019037,1.1637907,-0.91971725,0.7837651,-0.7244066,0.60560966,0.66774625,0.54268557,-0.96105266,1.2113782,0.7910117,0.9924542,-0.7066202,-1.1024483,1.0629334,1.173376
usa_43_92,1,usa,-0.84927505,-1.6509871,1.6758188,1.5869081,-0.5235982,0.3998009,1.695069,1.0176849,0.8841926,1.8742532,1.2980498,1.9705613,1.9102159,0.8417185,-1.0386662,-1.248206,-1.0601802,1.066191,-0.5414678,-1.933205,1.7222785,1.172671,-0.93134964,0.98179394,1.1240679,-0.9193548,-0.76561475,0.97368675,1.2901711,-0.71712786,1.365966,1.5500505,-0.7835769,1.206089,-1.0774848,2.243679,1.0443757,-1.63894,1.5418048,-1.5726738,-1.8219551,0.6487893,1.4003704,1.2083378,0.7064543,-1.9234523,1.0329572,1.4649514,1.1907334,1.3550454,-1.4570295,0.9187733,-0.9653059,0.9554998,0.92136353,0.75388694,-1.3003219,1.2507644,1.1387272,1.2693522,-1.0805259,-1.0303173,1.3128844,1.4408722
usa_92_99,1,usa,0.045896288,-0.89347434,1.0033147,0.60563076,-0.022651657,0.26536885,0.52333283,0.2980475,0.12797296,0.8244177,0.52359784,0.7392905,1.1235816,0.5140684,-0.39847904,-0.50929457,-0.06368134,0.20867035,-0.019922331,-0.6722113,0.8637846,0.23776007,-0.62436104,0.1889633,0.2538205,-0.14305189,-0.14521602,0.61360633,0.82242,-0.084529795,0.4340973,0.7387659,-0.13692069,0.51854134,-0.3962193,1.4457791,0.2831337,-0.9207881,0.9580577,-0.63314307,-1.0204492,0.15643586,0.5476169,0.10270236,0.3301852,-0.93043673,0.26000482,0.52575576,0.46358305,0.5870623,-0.56748736,0.03658656,-0.23837894,0.30277827,0.096625395,0.0638932,-0.24717024,0.7288099,0.30230388,0.39934236,-0.23836583,-0.316048,0.3120127,0.5729693
usa_94_103,0,usa,0.526539,-0.01762084,0.22164243,-0.1501562,0.43328565,-0.14648557,-0.26617265,-0.35799986,-0.37643418,0.14269814,0.055041686,-0.014463916,0.3080111,0.11616852,-0.039835066,0.0992459,0.41905463,-0.27478945,0.21822487,0.1650521,0.21055469,-0.3257514,-0.22320636,-0.4175648,-0.17797396,0.31231666,0.5961082,0.009703353,0.16447136,0.45799765,0.0196672,-0.15609297,0.08718592,-0.036778957,0.24161112,0.4714777,-0.59932464,-0.10071896,0.3177939,0.060328737,-0.37460482,0.11930837,-0.029712018,-0.37650564,-0.14442582,-0.21235785,-0.2896561,-0.15744832,0.0010530353,0.21948591,0.09974531,-0.5505923,0.2071051,-0.12979747,-0.44559842,-0.35573304,0.14308423,0.1004292,-0.17489956,-0.3441466,0.32325038,0.07687393,-0.47609478,-0.07794131
usa_14_47,0,usa,0.34855264,-0.2131162,0.48686263,0.038151875,0.289371,-0.11310695,-0.060414568,-0.17933826,-0.16493389,0.38564897,0.23352894,0.20841277,0.530018,0.23791906,-0.20495106,-0.0668911,0.26342595,-0.08075084,0.13022172,-0.02061645,0.35627663,-0.19215435,-0.33574873,-0.29045278,0.0068275034,0.17062737,0.39527747,0.19799504,0.3475097,0.3063471,0.18248668,0.057379432,-0.10613886,0.1116301,0.013936028,0.6104484,-0.4061515,-0.35344648,0.48281303,-0.16277854,-0.5902631,0.23355044,0.12997195,-0.23183069,-0.04400131,-0.39512932,-0.08789503,0.058769368,0.12984711,0.39245197,-0.033999443,-0.35192296,0.040390227,0.012123913,-0.24345577,-0.20875794,-0.031697147,0.31286624,-0.021116018,-0.18150747,0.14233002,-0.11154553,-0.24255992,0.10893143
usa_61_112,0,usa,0.61617154,0.1948418,-0.029771112,-0.315951,0.41239232,-0.0912091,-0.41830546,-0.52922064,-0.59459364,-0.19512156,-0.17799152,-0.29787982,0.02981127,-0.030334685,0.20940515,0.2848056,0.56565624,-0.40647006,0.19089393,0.2759378,-0.03246001,-0.4687209,-0.061789706,-0.51165324,-0.40371534,0.4141401,0.7803818,-0.20999265,0.006833911,0.5761539,-0.27163184,-0.34569222,0.29671618,-0.1593518,0.3854885,0.27472204,-0.7305986,0.07769232,0.019224554,0.3319317,-0.22025411,-0.04870808,-0.23118585,-0.5358124,-0.1833267,-0.20688915,-0.44143683,-0.30612883,-0.016951226,0.07513667,0.3140868,-0.80449337,0.32454064,-0.28744456,-0.5237244,-0.52737087,0.21554455,-0.1541184,-0.3737991,-0.48171157,0.4843206,0.3539791,-0.5533949,-0.33699545
usa_99_116,1,usa,0.6507009,0.2895623,-0.03498915,-0.29918417,0.59694296,0.048989534,-0.28804585,-0.48542124,-0.5708138,0.114990875,-0.031870596,0.04945223,0.18852961,-0.15585575,0.13333654,0.17715609,0.49080518,-0.40784082,0.1951635,0.1350531,0.14727059,-0.41461766,0.1715392,-0.4816242,-0.46930516,0.54460704,0.5217419,-0.15355843,-0.051906455,0.40854043,-0.23191741,-0.19020793,0.49763927,-0.019266203,0.2549062,0.14309597,-0.6062339,0.054477118,0.107291766,-0.0074972063,-0.2204404,-0.36544216,-0.11339894,-0.41461828,-0.18833306,-0.2623039,-0.35524565,-0.19290686,-0.28310516,-0.024602845,0.26355204,-0.62522817,0.22542542,-0.38218975,-0.3470455,-0.41456112,0.32146382,-0.08429359,-0.27733564,-0.36148834,0.29983884,0.15003219,-0.50716186,-0.20755608
usa_36_104,0,usa,0.4647466,0.1159699,0.11336482,-0.16805777,0.40670413,-0.09547467,-0.26159567,-0.35859382,-0.3833651,0.05120215,-0.016628042,-0.007990167,0.23633972,0.12515974,0.02480638,0.18511039,0.3868444,-0.3229765,0.20013155,0.11961122,0.14519835,-0.30460843,-0.16229446,-0.37247843,-0.16841587,0.30281252,0.6110126,-0.023660593,0.12858634,0.45077965,0.069818385,-0.15113264,0.20012546,-0.021187738,0.2738679,0.3844893,-0.6301599,-0.1308493,0.19176686,0.093553334,-0.35467392,0.0577877,-0.032254875,-0.35163704,-0.18744133,-0.25146773,-0.30237544,-0.21044639,-0.050551455,0.16200167,0.19556755,-0.57020986,0.3356617,-0.1897121,-0.41308293,-0.47072092,0.049570724,0.08908468,-0.20389841,-0.3742336,0.354086,0.21918878,-0.4287456,-0.11325308
usa_20_91,0,usa,0.49383527,-0.0695113,0.28856263,-0.11531806,0.41354537,-0.14031747,-0.2554118,-0.3120721,-0.3773559,0.12476182,0.06092666,-0.016029924,0.3111815,0.106424995,-0.028340302,0.07012878,0.39401463,-0.26769564,0.21121359,0.13781989,0.2253671,-0.31000382,-0.2464201,-0.41496834,-0.13984814,0.29563856,0.6310427,0.011964321,0.17525366,0.45580325,0.08270445,-0.1705666,0.026630502,-0.031598307,0.23906949,0.50462765,-0.5871768,-0.10970506,0.3150954,0.05303199,-0.38612926,0.15938987,-0.0019779205,-0.35952362,-0.12143499,-0.24457201,-0.2757997,-0.12788317,0.017811194,0.2509682,0.091429025,-0.55489564,0.20522204,-0.09666604,-0.42004237,-0.32360592,0.14013988,0.078157015,-0.15291592,-0.3057322,0.31117892,0.0827785,-0.44842082,-0.054076858
usa_15_106,0,usa,0.111159965,-0.29570663,0.7037615,0.23015457,0.15885834,-0.15768094,0.18643056,-0.19227858,-0.044976998,0.4309482,0.18118072,0.42147925,0.68470275,0.41369006,-0.18795238,-0.10256379,0.0033645332,0.09768798,-0.17238453,-0.32925266,0.46225137,-0.008295424,-0.42978138,-0.06096513,0.09210976,0.17632483,0.2801404,0.44447625,0.49083397,0.10001105,0.5394793,0.3017934,-0.24498814,0.32315475,-0.26433071,0.79318744,-0.26744345,-0.42886835,0.5208837,-0.34664494,-0.63060135,0.29740864,0.42873943,-0.08258947,0.15610696,-0.63842416,0.10054776,0.3195162,0.21990858,0.58818513,-0.21027328,-0.18958887,-0.048278578,0.13361275,-0.07615216,0.15222733,-0.25746995,0.30073023,0.19206864,-0.07251872,-0.022494838,-0.2027443,-0.20124981,0.22871599
usa_12_53,0,usa,0.2376537,-0.2775743,0.46996722,0.15012053,0.1919171,0.13123634,-0.12316563,-0.04923856,-0.083475485,0.26031446,0.23300678,0.07473382,0.42875716,0.117723875,-0.23952101,0.036874056,0.20625126,-0.059205126,0.048072256,0.050739218,0.3271604,-0.07591668,-0.34283203,-0.22160149,-0.0718263,0.14298643,0.2858812,0.18234569,0.27553558,0.18620138,0.34909466,0.12726894,-0.0423064,0.10857701,0.05710788,0.45334893,-0.3553012,-0.31023675,0.4603357,-0.23150621,-0.42699724,0.24996783,0.31764716,-0.21236455,0.020559281,-0.4558948,-0.11798718,0.091291495,-0.031907953,0.34246454,-0.099351674,-0.3513366,0.106725976,0.059336454,-0.3328831,-0.13829632,-0.12951575,0.25485227,0.085104674,-0.16495125,0.2739688,-0.16182938,-0.21088248,0.13521537
usa_3_86,0,usa,0.40523878,0.009395421,0.22672808,-0.09083443,0.38446146,0.027007304,-0.25433326,-0.308387,-0.35735184,0.20507176,0.04387577,0.03395392,0.29515493,0.16600132,-0.08211753,0.09754526,0.31367728,-0.2448512,0.27605134,0.08624085,0.12538198,-0.20252627,-0.23551254,-0.33207673,-0.08774596,0.26142922,0.64042723,0.05051037,0.116337895,0.36175773,0.09931684,-0.12628073,0.03940238,-0.0423109,0.16711065,0.45848572,-0.52140266,-0.10524106,0.31313762,-0.012210757,-0.4859959,0.13297245,-0.004557781,-0.26802748,-0.12551543,-0.29557365,-0.20753235,-0.14399587,0.010549217,0.2273744,0.09010855,-0.4886557,0.19959423,-0.13503005,-0.29655364,-0.33760965,0.07760964,0.18784353,-0.1103919,-0.18067709,0.30222806,-0.011804007,-0.3941743,0.01297155
usa_15_92,0,usa,0.49751022,0.015682124,0.36517644,-0.022071354,0.4686352,-0.1151704,-0.2033636,-0.31535017,-0.34051463,0.07894704,-0.038450252,0.06544624,0.31445193,0.034643397,-0.019067079,0.15022376,0.4069557,-0.21518636,0.10984478,0.049017854,0.11466471,-0.19690254,-0.2250319,-0.3681794,-0.17841631,0.34873664,0.56475866,0.06997991,0.15496618,0.4584589,0.052633606,-0.06899527,0.07759283,-0.06819054,0.20710419,0.454441,-0.5612796,-0.098319724,0.29609966,0.063041225,-0.287673,0.19305174,0.03093087,-0.30155322,-0.01966378,-0.33371532,-0.26686844,-0.12613638,0.01302015,0.3063674,-0.018153332,-0.4055019,0.2472854,-0.05982708,-0.43466467,-0.44286266,0.08355699,0.07768259,-0.097531736,-0.27519715,0.3230652,0.1761505,-0.39328837,-0.058863487
usa_112_113,0,usa,0.43456063,-0.049830593,0.307105,-0.12206359,0.41076875,-0.10449244,-0.22765653,-0.3218199,-0.30070996,0.15398823,0.09580949,0.05894418,0.3222272,0.15732563,-0.091767445,0.08150864,0.3718902,-0.20202847,0.17239991,0.1495613,0.20285052,-0.26001504,-0.22566934,-0.39759943,-0.13869621,0.28945595,0.6273197,0.08336943,0.17957497,0.4335372,0.0862718,-0.08795066,-0.010423146,-0.024635434,0.15139422,0.55518866,-0.51430506,-0.11440688,0.28437787,0.08856487,-0.4245667,0.16089858,0.033435494,-0.34394768,-0.09830432,-0.24695188,-0.26898956,-0.08937481,0.047581494,0.2885433,0.108131915,-0.4944311,0.22049993,-0.07891627,-0.40295517,-0.35542652,0.117246225,0.12756994,-0.14839602,-0.27397764,0.2892167,0.07128102,-0.46800497,-0.042773243
usa_67_103,1,usa,0.42533576,-0.08701224,0.32738167,-0.089660235,0.40354997,-0.1255915,-0.20623334,-0.3395228,-0.29336062,0.23936145,0.12421557,0.047788516,0.37126845,0.14403152,-0.10495411,0.04365927,0.37807158,-0.2286011,0.13752711,0.09360112,0.23402265,-0.23447159,-0.23458399,-0.3554386,-0.08872529,0.26215923,0.53307414,0.09602391,0.22253919,0.3983295,0.056602053,-0.068332024,0.02300851,-0.029227212,0.14530724,0.5443622,-0.5551021,-0.16593368,0.3888973,0.020721175,-0.44826615,0.1682878,0.024056308,-0.3011632,-0.09095022,-0.27557942,-0.20848179,-0.100079656,0.07033342,0.31263268,0.048440948,-0.4773651,0.14866629,-0.08616493,-0.37930858,-0.31370437,0.039932493,0.18234572,-0.125765,-0.31363493,0.26749855,0.013128847,-0.382757,-0.014496341
usa_3_20,0,usa,0.43559778,-0.06978107,0.46244887,-0.0019841045,0.33516085,-0.0006556511,-0.22207269,-0.16946524,-0.19061615,0.18585478,0.16748545,0.06751633,0.39392307,0.1808114,-0.17490225,0.14008738,0.36288536,-0.18055886,-0.031794965,-0.056291863,0.32565436,0.040570095,-0.28660268,-0.2460339,-0.045104392,0.18619049,0.44936132,0.13942057,0.24831364,0.35150325,0.051695354,0.024648368,0.032351788,0.04846081,-0.0134284645,0.6096383,-0.50453293,-0.12809652,0.23132545,-0.033781067,-0.5099707,0.26636785,0.02466315,-0.38813007,0.0118085295,-0.19701177,-0.17257565,0.05651463,0.15087773,0.2542124,-0.065397754,-0.3541119,0.16267377,-0.03621515,-0.31300282,-0.23883727,0.015097223,0.33921084,-0.096962914,-0.25606203,0.1920968,0.07498597,-0.26888135,-0.07714762
usa_3_103,1,usa,0.3407282,-0.15398863,0.3987253,0.008017227,0.352405,-0.032924637,-0.10439691,-0.23985234,-0.17768656,0.31298023,0.17434531,0.14255339,0.49243113,0.20735791,-0.16455208,0.03239777,0.30025223,-0.12098374,-0.022720806,-0.06993963,0.23486868,-0.10871942,-0.27464235,-0.27361262,-0.035657376,0.2406587,0.4126937,0.2119739,0.24795258,0.2533303,0.10498119,0.04487849,-0.07226213,0.057364687,-0.0059878975,0.6930278,-0.41954544,-0.2566713,0.3961301,-0.051842943,-0.46410084,0.23795237,0.13139299,-0.29924026,-0.018170625,-0.31643564,-0.14408128,0.043161772,0.12705728,0.34296644,-0.07001202,-0.3717466,0.08802472,-0.010656923,-0.28162152,-0.2648871,-0.0594147,0.297631,-0.073184244,-0.22421052,0.22499308,-0.022867069,-0.34370872,0.09146098
usa_20_103,0,usa,0.5066068,-0.0801538,0.30306652,-0.08178565,0.502273,0.011775158,-0.22527006,-0.23927915,-0.2978026,0.22172414,0.085859284,0.06307861,0.36320412,0.07402674,-0.024547763,0.13817146,0.33036652,-0.23632324,0.11352779,0.058071576,0.26265216,-0.14292009,-0.18124934,-0.34540343,-0.1636375,0.20761143,0.51245093,0.08318522,0.19140655,0.35877103,0.022406347,-0.049555354,0.21208605,-0.059842806,0.18740463,0.46604884,-0.58844966,-0.14030473,0.3558966,0.08768095,-0.30804718,0.1332287,-0.03529815,-0.32724783,-0.11721794,-0.2818715,-0.2577095,-0.17512503,0.00047783554,0.1395387,0.12505466,-0.56272864,0.21765795,-0.16035193,-0.3690098,-0.4049445,0.0853806,0.112898834,-0.18673852,-0.24448854,0.28887343,0.17895602,-0.38020036,-0.2001467
usa_25_73,0,usa,0.56996715,0.042944305,0.13965231,-0.1898333,0.4795742,-0.11929098,-0.31052274,-0.4260596,-0.42226908,0.024233982,-0.026812848,-0.07794116,0.20373201,0.060940214,0.032098077,0.17307162,0.48225853,-0.32140392,0.19478999,0.23560253,0.1390686,-0.36580363,-0.1526732,-0.4606664,-0.22388062,0.36696073,0.67448187,-0.04707291,0.07883234,0.48430708,-0.054331813,-0.20088974,0.13730636,-0.09823751,0.27445534,0.44429976,-0.6623241,-0.002493009,0.21662247,0.17833266,-0.2908606,0.07676336,-0.06625142,-0.4488351,-0.17239293,-0.14767519,-0.3481617,-0.22163463,-0.02587828,0.14519072,0.17881328,-0.61986554,0.27071786,-0.17331961,-0.49576485,-0.3998964,0.21905486,0.046341054,-0.23369575,-0.35105532,0.36557564,0.1672582,-0.5695878,-0.14468119
usa_0_47,0,usa,0.6013451,0.12028399,0.06784948,-0.23657207,0.5268244,-0.14024632,-0.36408037,-0.48789203,-0.48214704,0.030987903,-0.051293965,-0.1166993,0.16224864,0.0055349767,0.033201534,0.20889528,0.5083497,-0.3553174,0.22631247,0.22815281,0.064270236,-0.3741505,-0.116813436,-0.47438195,-0.2806091,0.403152,0.670709,-0.08186647,0.04102628,0.49544916,-0.11179453,-0.24402985,0.20601793,-0.13760643,0.34541148,0.38544375,-0.6876725,0.040579718,0.20861945,0.17997962,-0.23401566,0.035949692,-0.113029934,-0.4551323,-0.20681664,-0.11909097,-0.37412688,-0.290519,-0.09730563,0.09135764,0.19070643,-0.6411071,0.31335345,-0.22730371,-0.5250305,-0.46875808,0.22257005,0.008439928,-0.2600854,-0.38900453,0.4213562,0.18569131,-0.5845947,-0.17047314
usa_64_92,1,usa,0.10043751,-0.46106452,0.6489088,0.19367808,0.109889165,0.04320818,0.1774183,0.20959407,0.12857032,0.5070674,0.23476514,0.50216067,0.609181,0.21566635,-0.29945993,-0.20960608,0.110386275,0.0023173913,0.07987109,-0.4742816,0.57090527,0.10120251,-0.42200017,0.059182175,0.20084563,0.011733413,0.20043135,0.31686443,0.48999378,0.34705588,0.4454674,0.15868509,-0.3773693,0.2799911,-0.17861804,0.8753619,-0.07678202,-0.4567716,0.53178394,-0.3057499,-0.51302195,0.22830744,0.35204938,0.15218669,0.09639521,-0.5845249,-0.008869156,0.19818127,0.23601879,0.5558668,-0.28715777,-0.08487012,-0.19000342,0.15938535,0.10386311,0.12081808,-0.24130467,0.31393892,0.18776456,0.00075580925,-0.052928887,-0.26514572,-0.05134951,0.28187755
usa_38_50,1,usa,0.25856456,-0.26334587,0.5266471,0.12620184,0.23346362,-0.051162757,0.0020049587,-0.07369424,-0.015272386,0.47469348,0.28700745,0.29996234,0.6046572,0.31729236,-0.22206406,-0.12541157,0.18610899,-0.051050037,0.12120712,-0.10975279,0.47025716,-0.035101116,-0.4119295,-0.21630329,0.09781364,0.07388474,0.32851738,0.31980562,0.35680053,0.2406458,0.2917845,0.18840101,-0.12658545,0.1700521,-0.034667768,0.7054182,-0.37693197,-0.41199625,0.54796696,-0.25222135,-0.6676149,0.2829473,0.21546552,-0.16470292,-0.008275323,-0.488839,-0.03787687,0.13915801,0.15354286,0.4645529,-0.07327731,-0.30981702,0.04187394,0.058962077,-0.16770679,-0.16180454,-0.12395556,0.38148862,0.08627401,-0.15210944,0.10457823,-0.17092988,-0.19342712,0.16328564
usa_64_73,1,usa,0.14409947,-0.12883916,0.33874783,0.062887594,0.29514515,-0.11826946,-0.027885772,-0.039379474,0.011076704,0.40098077,0.052584246,0.2501832,0.47683594,0.027798109,-0.15279983,0.044139214,0.24855617,-0.0922325,0.18006852,-0.20590128,0.1379914,-0.07152504,-0.19988571,-0.30852324,-0.01550857,0.0716532,0.22953366,0.18242407,0.34286812,0.35868764,0.37859395,0.08206833,0.029617853,0.11369662,0.007353328,0.4895906,-0.1400829,-0.32147288,0.4229959,-0.09045148,-0.37509346,0.2034759,0.209162,-0.008575216,-0.016094215,-0.49335697,-0.12176612,0.0040346533,0.1526923,0.33096915,0.037059754,-0.21766682,0.03415892,-0.050524734,-0.13414124,-0.14518267,-0.1305216,0.42885378,-0.050229345,0.00095487386,0.07499469,-0.10358563,0.049770445,-0.0013883263
usa_60_73,0,usa,0.35701898,-0.14025256,0.40173036,-0.0069380105,0.3182428,-0.07001319,-0.14115334,-0.23271549,-0.34051698,0.26521647,0.2029146,0.120630324,0.44954142,0.15152365,-0.15235576,-0.029247291,0.31789845,-0.18010975,0.17013359,0.011335097,0.32256258,-0.17089,-0.32911992,-0.3305448,-0.07658249,0.2269189,0.49204117,0.15046075,0.3090996,0.3090267,0.13554066,-0.009286739,-0.033354618,0.05380529,0.10203457,0.581873,-0.4750147,-0.29017228,0.45456532,-0.1599081,-0.501416,0.17692797,0.13588473,-0.2609626,-0.04871049,-0.4003213,-0.19177648,0.02941347,0.059712455,0.32882452,-0.013096653,-0.4379803,0.16318448,-0.05336108,-0.34166506,-0.318943,-0.026125722,0.2743334,-0.039344568,-0.2529281,0.22070915,-0.07037246,-0.30523735,0.07203487
usa_60_104,0,usa,0.6791895,0.30058408,-0.14183602,-0.5070176,0.63039416,-0.060265046,-0.5606487,-0.5906625,-0.66843426,-0.37898278,-0.23142569,-0.3217883,-0.22839534,-0.07186014,0.18310338,0.38367045,0.6352316,-0.55172443,0.36248818,0.48458177,-0.085389405,-0.5174226,0.1110273,-0.5916287,-0.3957353,0.57286227,0.9917753,-0.30523223,-0.16495158,0.7014095,-0.36718714,-0.43605876,0.35281864,-0.38274044,0.43252575,0.121898554,-0.70520693,0.22803774,-0.22043666,0.33481768,-0.040316597,-0.16570541,-0.32440758,-0.68618584,-0.25666484,0.1139826,-0.5868758,-0.3896676,-0.29436606,-0.155257,0.38097447,-0.826644,0.5318877,-0.44491988,-0.7288623,-0.70401126,0.44459152,-0.12178779,-0.51085955,-0.5315902,0.522541,0.45867524,-0.7629125,-0.37101492
usa_3_91,0,usa,0.53254056,0.005946271,0.21360645,-0.15941283,0.44040823,-0.13653442,-0.27108127,-0.36428252,-0.39302793,0.12852325,0.044776842,-0.024294876,0.30304548,0.10583537,-0.028951555,0.10839316,0.42369965,-0.28399915,0.22446041,0.16619246,0.20091698,-0.33371696,-0.22020684,-0.4216107,-0.19082284,0.3192045,0.6098771,-0.0012087077,0.1521521,0.46017322,0.018381879,-0.17059487,0.101960585,-0.045224108,0.25644174,0.45740014,-0.60904795,-0.09146345,0.30899104,0.06317577,-0.3677526,0.11627288,-0.033720527,-0.3753598,-0.14656106,-0.21578032,-0.29996806,-0.1660465,-0.0019350052,0.21748433,0.10923589,-0.56149495,0.21925575,-0.13529286,-0.45685503,-0.36889425,0.13975178,0.09326913,-0.18121776,-0.34972632,0.33275905,0.08384935,-0.48293903,-0.08601211
usa_61_73,0,usa,0.50963634,-0.08387873,0.24311072,-0.12158957,0.41257322,-0.13189277,-0.30976892,-0.3791865,-0.30315772,0.19392358,0.049674913,-0.06174811,0.2699042,0.10658542,-0.0008742735,0.13504294,0.44029418,-0.2919723,0.116632074,0.17699191,0.25135425,-0.3370649,-0.18377845,-0.44096863,-0.20041624,0.2782503,0.53330755,-0.003293097,0.19845033,0.4821045,-0.022957847,-0.17597935,0.13781413,-0.07916277,0.1978197,0.488885,-0.5804376,-0.11356793,0.2683543,0.121383496,-0.35584188,0.1062486,-0.029353485,-0.46441042,-0.13647276,-0.14678565,-0.22866946,-0.10406685,0.045503333,0.24093598,0.18831664,-0.625714,0.20769253,-0.07846627,-0.5425245,-0.3807359,0.25392395,0.10831728,-0.18596798,-0.28432038,0.31290874,0.10147466,-0.45938906,-0.13064012
usa_64_101,1,usa,0.089059584,-0.4226899,0.72431076,0.3054445,0.14411928,-0.040226668,0.17034961,0.094906144,0.1729151,0.71225893,0.4531127,0.5486841,0.80075973,0.37717393,-0.3657453,-0.29148307,0.032849606,0.087046035,-0.03842227,-0.31759322,0.6050414,0.16639629,-0.52455676,-0.060692586,0.27045658,-0.051240392,0.17054786,0.48006648,0.52679193,0.11193043,0.465652,0.42184308,-0.27051836,0.29051661,-0.2510033,0.86211205,-0.1885246,-0.58582366,0.77101284,-0.44757217,-0.87845814,0.35331494,0.34363547,-0.025791068,0.09588674,-0.6646537,0.11308789,0.3523766,0.272429,0.604591,-0.22212778,-0.18598622,-0.10889194,0.17849934,7.353723e-06,-0.01566577,-0.30514517,0.60635597,0.24078971,0.01851432,-0.08944652,-0.35255077,-0.008932248,0.3202649
usa_10_106,0,usa,0.50079966,-0.03116256,0.25880465,-0.124307826,0.42055202,-0.106888376,-0.25335208,-0.30664727,-0.3586601,0.12360866,0.06906383,-0.031054191,0.32932612,0.10986165,-0.019877352,0.09747485,0.39973697,-0.2775597,0.18385413,0.1476412,0.2106925,-0.32338142,-0.2608797,-0.3840429,-0.16560493,0.2743906,0.6068541,0.033150434,0.17082697,0.43837315,0.07871356,-0.1533106,0.050791234,-0.025148802,0.23194513,0.494698,-0.5921885,-0.14049983,0.3141107,0.06360054,-0.38450176,0.1433415,-0.020013414,-0.388306,-0.111626305,-0.26938978,-0.27424657,-0.15059039,0.023918658,0.2633319,0.104139835,-0.54885787,0.19396672,-0.10719883,-0.42742723,-0.3312675,0.12893891,0.09945946,-0.15708713,-0.32236773,0.31902844,0.06661132,-0.44484857,-0.06411788
usa_87_101,1,usa,0.39606205,-0.14560267,0.41603103,-0.041549377,0.3583868,-0.07186559,-0.0972556,-0.21346831,-0.22556913,0.34011543,0.17954913,0.17828563,0.47828314,0.21574154,-0.1869963,0.0010639802,0.31327632,-0.11584212,0.1506896,0.043658763,0.29290313,-0.23071197,-0.3085838,-0.33304107,-0.06241102,0.23654622,0.42828357,0.1237304,0.25207242,0.29781997,0.16587016,0.018794708,-0.046772204,0.06974636,0.06788069,0.60198486,-0.41169557,-0.26140904,0.41194698,-0.09751424,-0.52347165,0.18948601,0.08130257,-0.32247388,-0.08866373,-0.29284412,-0.14751494,0.052808724,0.060339272,0.3177829,0.013094462,-0.37302256,0.107931376,-0.009230614,-0.30547857,-0.22531672,0.02122239,0.31279495,-0.104663305,-0.18099973,0.2095242,-0.07993105,-0.35256544,0.13942966
usa_10_43,1,usa,0.40297619,-0.084409304,0.47538546,0.047498763,0.30790204,-0.10423599,-0.17271039,-0.24944556,-0.11310244,0.3572843,0.08467583,0.06142634,0.47162482,0.1517702,-0.13174736,-0.0027097762,0.26358312,-0.20122533,0.08017092,-0.032127574,0.29669523,-0.09160931,-0.23143037,-0.2958323,-0.030661575,0.13936056,0.40083775,0.13644865,0.24811408,0.42720953,0.16175795,0.074279614,-0.03888742,0.017304227,0.025174875,0.60844225,-0.39598405,-0.18174039,0.39825824,-0.10951054,-0.5365099,0.16117127,0.08437087,-0.28070235,-0.0040095,-0.3564517,-0.12867306,0.0270041,0.18082435,0.42957237,-0.08467534,-0.21458125,0.07541157,0.04333958,-0.25121427,-0.10175794,-0.08251405,0.35356188,-0.057388462,-0.22651644,0.17706673,0.054911155,-0.1681188,0.07804244
usa_10_22,1,usa,0.13690946,-0.40711263,0.6996176,0.26595917,0.19621052,-0.096790135,0.16361,0.07654037,0.16534328,0.7061855,0.42010286,0.42383406,0.8136042,0.34597644,-0.43341404,-0.2524228,0.093772665,0.071848996,-0.19985902,-0.30275488,0.58467895,0.17504275,-0.5068383,-0.13886966,0.18672127,-0.08621658,0.055444904,0.4222225,0.6219325,0.13669096,0.40336367,0.34934103,-0.18285781,0.27095556,-0.2692726,0.8509367,-0.1361866,-0.55446273,0.81204414,-0.50702524,-0.74582183,0.383788,0.29976472,-0.14610276,0.14308178,-0.5029757,0.07419646,0.35165453,0.14303085,0.661804,-0.24784507,-0.11346747,-0.12227831,0.17716658,-0.10210692,0.0061892197,-0.33051515,0.5696544,0.120927185,0.017492883,-0.06777605,-0.25490704,0.0094154775,0.28686076
usa_10_64,1,usa,-0.101769425,-0.90388954,0.9910001,0.826807,-0.21387736,0.058639884,0.61821413,0.35236537,0.69706625,1.1800382,0.73024976,0.85562205,1.1837851,0.688081,-0.72515225,-0.61540234,-0.41845787,0.54881924,-0.37035483,-0.6521733,0.96766543,0.40489104,-0.7623259,0.2215091,0.53046095,-0.4241516,-0.39399028,0.781975,0.88972735,-0.2938805,0.88427347,0.9791674,-0.2770781,0.68040186,-0.72462285,1.3216375,0.37540555,-1.1417097,1.26297,-1.0039824,-1.0961062,0.6513073,0.7128256,0.13810733,0.48765287,-1.0642018,0.55701244,0.73340005,0.49585515,1.0511438,-0.5123195,0.1600258,-0.45589584,0.5603677,0.33799192,0.4537341,-0.6663811,0.7968037,0.5200292,0.45288187,-0.42210835,-0.56313455,0.4886954,0.6718729
usa_17_89,0,usa,0.6307892,0.23456702,0.09350491,-0.31169903,0.5189481,-0.14014271,-0.35444146,-0.50209403,-0.54976684,-0.00017537177,-0.10301457,-0.14362678,0.11802288,0.02326005,0.08305642,0.23639908,0.5137123,-0.3883687,0.3607796,0.23501632,0.045808263,-0.44358295,-0.11464353,-0.44477358,-0.31930932,0.37734312,0.78934956,-0.12688184,0.037979364,0.5344845,-0.090241425,-0.34596288,0.209108,-0.13399422,0.3285245,0.337867,-0.652285,0.027640153,0.1514211,0.16794375,-0.35052854,-0.01600837,-0.16241556,-0.4415941,-0.1795556,-0.14847583,-0.39745688,-0.289665,-0.0211405,0.10393009,0.21144503,-0.67346597,0.30667073,-0.24941584,-0.47172505,-0.46104118,0.24455917,-0.012923606,-0.2824508,-0.3870824,0.4373987,0.18864578,-0.5098959,-0.20931661
usa_73_89,1,usa,0.4551061,-0.024763905,0.3043377,-0.09855749,0.38080156,-0.11159445,-0.19211353,-0.31474176,-0.28490663,0.24652953,0.10058905,0.06750965,0.33657855,0.13224408,-0.0712367,0.046724033,0.37118948,-0.24317494,0.18241487,0.06430696,0.2657696,-0.26751897,-0.24730782,-0.3465078,-0.14828146,0.22865772,0.58025753,0.047337376,0.16897532,0.39532712,0.10802113,-0.09715948,0.070202045,0.006190233,0.17267394,0.5476576,-0.53236234,-0.16940029,0.3894364,-0.026864454,-0.52634484,0.11698632,-0.008542389,-0.29669204,-0.08322222,-0.27822042,-0.24395722,-0.08582694,0.053038478,0.30943176,0.03301566,-0.5248893,0.17647171,-0.087287426,-0.3552638,-0.31357497,0.09851031,0.157945,-0.12018027,-0.30036992,0.24475846,0.048845604,-0.33968875,-0.009709895
usa_10_112,0,usa,0.45622838,-0.0884747,0.27385727,-0.064706564,0.39816177,-0.072121084,-0.1910614,-0.27875137,-0.2909574,0.21583278,0.079211056,0.054006204,0.39383388,0.1677463,-0.08009069,0.028279342,0.36207917,-0.20776531,0.19791976,0.050612714,0.2603115,-0.22679898,-0.28027064,-0.36282793,-0.13116989,0.23958197,0.5011464,0.10192173,0.21481746,0.40622327,0.071655266,-0.051322557,0.06966625,0.0018514171,0.17839676,0.53775156,-0.5219751,-0.16902576,0.37690997,-0.02858977,-0.41906673,0.17002277,0.01563079,-0.34421143,-0.09298396,-0.3102007,-0.22684477,-0.09191751,0.034280837,0.28192532,0.050017394,-0.5093033,0.14444593,-0.07500368,-0.3673021,-0.3240865,0.08156677,0.14458618,-0.100358985,-0.28529596,0.2767956,0.014199339,-0.4092413,-0.023721993
usa_10_46,0,usa,0.526539,-0.01762084,0.22164243,-0.1501562,0.43328565,-0.14648557,-0.26617265,-0.35799986,-0.37643418,0.14269814,0.055041686,-0.014463916,0.3080111,0.11616852,-0.039835066,0.0992459,0.41905463,-0.27478945,0.21822487,0.1650521,0.21055469,-0.3257514,-0.22320636,-0.4175648,-0.17797396,0.31231666,0.5961082,0.009703353,0.16447136,0.45799765,0.0196672,-0.15609297,0.08718592,-0.036778957,0.24161112,0.4714777,-0.59932464,-0.10071896,0.3177939,0.060328737,-0.37460482,0.11930837,-0.029712018,-0.37650564,-0.14442582,-0.21235785,-0.2896561,-0.15744832,0.0010530353,0.21948591,0.09974531,-0.5505923,0.2071051,-0.12979747,-0.44559842,-0.35573304,0.14308423,0.1004292,-0.17489956,-0.3441466,0.32325038,0.07687393,-0.47609478,-0.07794131
usa_15_61,0,usa,0.59368044,0.10760819,0.19062608,-0.18236502,0.4793232,-0.051522654,-0.2854208,-0.44840866,-0.47197342,-0.002227664,-0.087170854,-0.092307106,0.26437894,0.07374712,0.031000055,0.19817129,0.42360306,-0.3154661,0.22441094,0.19282866,0.060652293,-0.43084738,-0.22514103,-0.38703427,-0.27776927,0.44699734,0.6863079,-0.11299873,0.07314709,0.5664713,0.00878863,-0.19636294,0.11435416,-0.120479345,0.26372203,0.34564087,-0.52453005,-0.008148573,0.22900304,0.13110964,-0.35183203,0.09636162,-0.086539246,-0.4063252,-0.09842808,-0.26030847,-0.35232517,-0.21434927,-0.041211143,0.16211063,0.03344744,-0.5806119,0.27771246,-0.17191494,-0.45282462,-0.4790397,0.16617137,-0.033102233,-0.21228705,-0.37720907,0.36507767,0.22475368,-0.51444125,-0.08097219
usa_61_110,0,usa,0.5966235,0.20714533,0.07094876,-0.29336143,0.4759938,-0.17129046,-0.39398557,-0.55922264,-0.55410945,-0.02269084,-0.14318192,-0.21912885,0.11600942,-0.020010144,0.15584718,0.2836519,0.5713428,-0.42995325,0.23357648,0.21098173,0.032883324,-0.45080876,-0.07581037,-0.5244251,-0.32398933,0.446833,0.7026174,-0.16595091,0.06190434,0.56027377,-0.18484676,-0.29917994,0.257808,-0.122740194,0.31120047,0.28830984,-0.7436791,0.069696724,0.1494377,0.25824988,-0.2620741,0.018923044,-0.16069831,-0.49639502,-0.17722064,-0.19653478,-0.41890955,-0.3104219,-0.027854718,0.10700392,0.26607025,-0.7332798,0.31887463,-0.2506235,-0.5422668,-0.50807524,0.20438525,-0.081000246,-0.3382392,-0.4317857,0.4273507,0.2822976,-0.52119637,-0.3176521
usa_19_64,1,usa,0.5173506,-0.013348907,0.22918963,-0.14536531,0.4296348,-0.13038795,-0.26009646,-0.35223776,-0.37830132,0.14403896,0.05509688,-0.013660632,0.32009238,0.11629892,-0.03963332,0.096573405,0.41030416,-0.27006117,0.21424474,0.15566468,0.21294403,-0.32173425,-0.23085497,-0.41490352,-0.1763814,0.31033164,0.5929016,0.013577752,0.16684529,0.45095316,0.030378915,-0.15222204,0.09249741,-0.03304195,0.24280417,0.46637994,-0.5970905,-0.10985534,0.32441658,0.051136717,-0.38115013,0.12465154,-0.024289928,-0.36841485,-0.1397834,-0.23015171,-0.2884935,-0.15291956,0.004599437,0.22441337,0.097858734,-0.54935324,0.2111542,-0.12713687,-0.443408,-0.360465,0.12931247,0.1090441,-0.1699309,-0.3413059,0.3207951,0.077061296,-0.4689986,-0.07368621
usa_10_92,1,usa,0.3313932,-0.21398368,0.45840523,0.019983403,0.30291778,-0.056499757,-0.12366383,-0.16469815,-0.19514209,0.29603457,0.14775819,0.14644396,0.4467251,0.21940118,-0.11707665,-0.05040025,0.25965714,-0.118879244,0.18676919,-0.02132146,0.34707883,-0.10298325,-0.31932932,-0.31093016,0.030673832,0.15724191,0.5152973,0.19808096,0.26999563,0.332185,0.24092248,0.047413073,-0.09512582,0.09093404,0.0876589,0.6707415,-0.4627624,-0.26709902,0.40018132,-0.10786405,-0.5274884,0.27623188,0.12814459,-0.23869345,-0.045136686,-0.38396856,-0.13414267,0.03629402,0.10938668,0.39695308,-0.002338864,-0.4243481,0.12694645,0.0042322427,-0.25954777,-0.23172964,-0.0045403168,0.19708258,-0.0062590614,-0.21890144,0.22729236,-0.012589395,-0.30244595,0.06981631
usa_53_113,0,usa,0.39179188,-0.09013631,0.36532894,0.025769286,0.25947642,0.02828119,-0.19343427,-0.14894152,-0.14000744,0.27864695,0.008336455,0.2919451,0.34575066,0.20140913,-0.1544362,0.08502893,0.18973713,-0.07769899,0.080191895,-0.05350633,0.22706494,-0.125363,-0.1864876,-0.20433515,0.010980152,0.2660213,0.57050896,0.11156046,0.19024235,0.28841615,0.27132565,0.06636972,-0.032622658,0.034610435,-0.009566374,0.49635118,-0.3674406,-0.21877153,0.22275451,-0.04973562,-0.52287346,0.15180598,0.053868085,-0.15320292,-0.042630345,-0.38879946,-0.11929789,-0.016729392,-0.0031367242,0.20461163,0.07764274,-0.4082865,0.16029963,-0.015265435,-0.26422793,-0.31221917,-0.0063210353,0.36950356,-0.05926996,-0.18331537,0.058540747,0.0006746873,-0.26380074,0.0032670647
usa_53_73,0,usa,0.5664777,-0.05020856,0.19735739,-0.11057016,0.41688073,-0.13941014,-0.26847824,-0.36446702,-0.36600378,0.11443694,0.03892204,-0.09099834,0.22726178,0.096853904,-0.07185042,0.16333216,0.41984087,-0.2963916,0.16021231,0.20943984,0.217781,-0.4081574,-0.21092688,-0.41990343,-0.20845735,0.34719887,0.6382983,-0.08638236,0.16048121,0.5069202,0.059615277,-0.15169433,0.036902312,-0.04726648,0.20618036,0.43128556,-0.5285191,-0.10037507,0.28030854,0.07212252,-0.34965956,0.18260379,-0.04701407,-0.3836752,-0.096003294,-0.19362491,-0.3067873,-0.19377361,0.013695113,0.22050345,0.066575766,-0.6162519,0.22194436,-0.15704063,-0.48248437,-0.32731682,0.13861972,0.039242797,-0.1928945,-0.40338653,0.3401582,0.16525166,-0.48331246,-0.13305913
usa_84_92,0,usa,0.511973,-0.026953451,0.2597348,-0.12852058,0.41764706,-0.118719675,-0.2634011,-0.37577242,-0.3701289,0.161122,0.067392126,-0.008771591,0.32451695,0.13952109,-0.04472889,0.09138603,0.41420558,-0.2833148,0.22096108,0.14738798,0.21176943,-0.3257071,-0.2268338,-0.40005767,-0.15024835,0.29183662,0.6173568,0.017076261,0.15804529,0.46342152,0.016829178,-0.14070708,0.077170804,-0.05849502,0.21218356,0.46777123,-0.60104156,-0.112117395,0.32156926,0.067709565,-0.41690922,0.13405643,-0.027343605,-0.3488756,-0.12781475,-0.24520335,-0.27220106,-0.15369485,0.034647837,0.25098416,0.091352694,-0.54280186,0.18320042,-0.11692035,-0.42564765,-0.35546944,0.12882751,0.11973802,-0.1697393,-0.32711804,0.30341595,0.06081167,-0.44251075,-0.07188522
usa_3_29,0,usa,0.48438418,0.06074264,0.2035439,-0.13801104,0.38900697,0.0018203482,-0.2518288,-0.47195694,-0.51451087,-0.13428245,-0.17222738,-0.14054954,0.060038276,-0.052462097,0.0062277094,0.19005416,0.4247544,-0.3392234,0.11886495,0.20097765,0.12818822,-0.27258676,-0.11216895,-0.42612782,-0.16738594,0.31633806,0.69032145,-0.16818024,0.20167717,0.5523499,-0.034401603,-0.14630112,0.22553289,0.0051174164,0.20670067,0.31755227,-0.6560989,0.01761458,0.18487582,0.16616668,-0.38837236,0.09023361,-0.07531285,-0.44158655,-0.14076194,-0.33112594,-0.38115656,-0.1822047,-0.014499642,0.17514074,0.08426565,-0.5878653,0.30285144,-0.15541402,-0.46221083,-0.42399514,0.14252973,0.010698162,-0.26113874,-0.3434747,0.29800522,0.38600492,-0.45969805,-0.23660094
usa_58_104,0,usa,0.40189582,-0.07578283,0.3388116,-0.06435116,0.3653788,-0.061909657,-0.23111673,-0.28920767,-0.2713753,0.20794137,0.13225664,0.06903431,0.40046299,0.19850466,-0.07468125,0.021415785,0.33502853,-0.19470465,0.17199746,0.054716658,0.25345966,-0.19887532,-0.26907784,-0.35495383,-0.09063715,0.23642015,0.5331249,0.1162641,0.21782431,0.39876133,0.07299786,-0.031218007,0.029910527,-0.011716925,0.13848157,0.555756,-0.50218993,-0.20331623,0.352312,-0.045059353,-0.4528352,0.17129327,0.06691484,-0.33394393,-0.07589881,-0.3036575,-0.21325386,-0.044600762,0.057786003,0.3218377,0.0331017,-0.48955157,0.17780378,-0.081342354,-0.34786338,-0.3368853,0.069218054,0.17705396,-0.10136903,-0.3379538,0.27638018,0.024743982,-0.39105502,-0.010019071
usa_69_104,1,usa,0.21147063,-0.22985926,0.49140945,0.08304034,0.28067517,0.023717843,-0.06793273,-0.13885958,-0.13857475,0.41557145,0.26346457,0.19734687,0.50083774,0.23153049,-0.25725895,-0.057115518,0.12795359,-0.07690087,0.058594298,-0.03827794,0.30901206,-0.15108609,-0.34311855,-0.22778791,0.06457583,0.14846998,0.40523165,0.14982569,0.2770763,0.29033017,0.19299969,0.15800995,-0.1447174,0.028497092,-0.050462253,0.5384485,-0.35282737,-0.42553848,0.498432,-0.21679486,-0.671295,0.30852377,0.14504458,-0.18080753,0.029440686,-0.47176477,-0.08676218,0.05239249,0.04896556,0.44493112,-0.16003461,-0.26447326,0.125294,0.02545701,-0.19941019,-0.18517387,-0.056557775,0.34826675,-0.028682172,-0.23162661,0.09009041,-0.033590466,-0.15603091,0.16434312
usa_87_113,0,usa,0.47707206,-0.106215395,0.30876985,-0.090154916,0.37829125,-0.11109845,-0.19160664,-0.31239972,-0.3167698,0.16020711,0.06951876,0.092403755,0.36331233,0.16781569,-0.10274163,0.036351375,0.3572243,-0.21609423,0.18665355,0.105207466,0.25508267,-0.25159335,-0.26948738,-0.3676907,-0.090981245,0.2951384,0.5814724,0.058566384,0.19585484,0.42684805,0.10655356,-0.122411095,-0.009166859,-0.005611889,0.19705865,0.5214141,-0.5311099,-0.13403681,0.34961048,0.014467128,-0.43169487,0.18367325,0.0040138736,-0.29138938,-0.10996732,-0.28199416,-0.24465904,-0.09661497,0.040711462,0.26659125,0.04788841,-0.4837304,0.18243885,-0.08422816,-0.40079722,-0.3293372,0.09675077,0.15648359,-0.11524929,-0.30011007,0.25986904,0.036986496,-0.44315675,0.0075748265
usa_12_28,0,usa,0.2752186,-0.16497844,0.5392042,0.09104037,0.3945241,0.13077448,-0.09480562,-0.17671953,-0.23090461,0.3915053,0.30574593,0.25819704,0.58716947,0.26497224,-0.12489772,-0.042340122,0.16209865,-0.08904527,0.16311824,-0.1489208,0.2862975,0.008904725,-0.3083189,-0.25356174,0.14610237,0.09949006,0.55865633,0.22452989,0.3418385,0.31020656,0.25775212,0.07194535,-0.16447139,-0.014951572,-0.04883585,0.59430486,-0.32529318,-0.31907868,0.4742594,-0.2105953,-0.7201871,0.2485571,0.25589254,-0.020147175,-0.06895866,-0.5887581,-0.03242614,0.0797336,0.26941282,0.43165722,-0.08305429,-0.31761548,0.066877484,0.086105585,-0.1623736,-0.16912895,-0.07438362,0.30421907,0.057136,0.084940284,0.12783165,-0.20265639,-0.16557318,0.2253266
usa_28_106,0,usa,0.5667274,0.17813669,0.027687818,-0.3207929,0.5213309,0.06383929,-0.39895868,-0.47493184,-0.5480067,-0.19590047,-0.1643596,-0.2875772,0.10863314,0.0012622476,0.11165981,0.24538526,0.51772845,-0.41943893,0.2788344,0.2948417,-0.0008106157,-0.4310362,-0.023045257,-0.48992053,-0.2601057,0.3634087,0.8248565,-0.13065565,0.03392096,0.5434527,-0.1622831,-0.2678858,0.276834,-0.16307485,0.3004521,0.3351381,-0.6508586,0.043784875,0.047074653,0.29515302,-0.30806196,0.06924328,-0.20540677,-0.46771064,-0.15750349,-0.1229864,-0.42358622,-0.38308173,0.03621137,0.094635256,0.2578497,-0.67819893,0.38131928,-0.345477,-0.45526013,-0.58373624,0.2407717,-0.049484577,-0.3107072,-0.45471638,0.5092787,0.38571903,-0.4448851,-0.32536647
usa_97_106,0,usa,0.5582524,0.08827038,0.15105903,-0.20899697,0.48550093,-0.044282787,-0.3475356,-0.4334824,-0.46721128,0.013417199,-0.051042303,-0.056339387,0.17076519,0.065131135,0.04727391,0.1932212,0.471351,-0.33123806,0.29959527,0.24270344,0.06520385,-0.32670805,-0.15870045,-0.44808522,-0.19245377,0.36816397,0.75555444,-0.0110440925,0.045827672,0.5010355,-0.02781038,-0.23060727,0.109776944,-0.14011456,0.28067887,0.40139362,-0.66515344,0.03995934,0.18642911,0.17134427,-0.34078395,0.08808909,-0.06210769,-0.39578062,-0.16905643,-0.17657068,-0.33721477,-0.2525829,-0.004221998,0.15524504,0.19535303,-0.6033014,0.2695812,-0.16531934,-0.44395974,-0.39294508,0.23788452,0.052602254,-0.21411507,-0.31323698,0.39186168,0.15327549,-0.5524206,-0.1361807
usa_26_28,0,usa,0.65752786,0.26155958,-0.109263696,-0.3813324,0.6075188,-0.122507274,-0.4205246,-0.5430354,-0.738881,-0.342031,-0.26550204,-0.4512641,-0.06413155,-0.17425722,0.28082952,0.36796135,0.6045521,-0.49245402,0.21675986,0.39749682,-0.06479998,-0.6169998,-0.0023679063,-0.6581211,-0.5241277,0.55195796,0.7187289,-0.30866814,-0.03338977,0.68288887,-0.24202812,-0.41372827,0.3054269,-0.27377462,0.49168688,0.078116216,-0.69539946,0.16261357,0.030344091,0.3595705,-0.09863314,-0.020678125,-0.3255647,-0.5614975,-0.20433185,0.0052214563,-0.5256995,-0.36405316,-0.039905764,-0.062952064,0.35617942,-0.82972705,0.44352442,-0.37697297,-0.6054444,-0.5136299,0.3495597,-0.26961267,-0.44202042,-0.6045436,0.56737506,0.52279556,-0.60577404,-0.42369455
usa_28_104,0,usa,0.60245085,0.1940385,0.09156523,-0.1350839,0.59039277,-0.044559177,-0.23761478,-0.47867027,-0.55956674,-0.088639334,-0.1867239,-0.20847106,0.067111336,-0.06997882,0.10510956,0.346339,0.5394316,-0.40957925,0.17743841,0.25810197,0.020805709,-0.46397048,-0.082637176,-0.45244047,-0.43753353,0.433303,0.57142,-0.118108615,0.095936105,0.49257252,-0.10055538,-0.2880857,0.36656937,-0.18195891,0.4074028,0.34835365,-0.6461598,0.1386396,0.2188325,0.16866449,-0.17006801,0.021706276,-0.12725659,-0.49344468,-0.18201251,-0.2072106,-0.4551848,-0.33699244,-0.11500477,0.053700604,0.18058473,-0.63036144,0.38562566,-0.20463172,-0.5238969,-0.43251973,0.13825005,0.012174249,-0.2949521,-0.49860197,0.525235,0.26711202,-0.6236036,-0.1727433
usa_28_47,0,usa,0.6580113,0.28815633,-0.08441934,-0.3704063,0.603243,0.15477651,-0.4856885,-0.53481096,-0.5691492,-0.3772565,-0.3319869,-0.46181822,-0.092461035,-0.16558006,0.20360845,0.38936993,0.5401296,-0.49180004,0.2257465,0.42085564,-0.07197165,-0.51121783,0.002023831,-0.61097157,-0.5429943,0.46655974,0.6391294,-0.23261553,0.0019107163,0.65678686,-0.3404325,-0.36758822,0.468972,-0.34425306,0.45225245,-0.039562277,-0.7618582,0.22091748,-0.07185158,0.4361366,-0.06621936,-0.065210804,-0.28015625,-0.5819797,-0.17343615,0.0560228,-0.50365067,-0.45758858,-0.17915778,-0.18079492,0.4125499,-0.9162703,0.55487853,-0.3576178,-0.6533886,-0.5899907,0.37897447,-0.1982151,-0.41774514,-0.60900044,0.55208635,0.5675633,-0.4804809,-0.553865
usa_103_104,1,usa,0.18066582,-0.38334242,0.5556197,0.3228492,0.15135866,0.06860164,0.24999623,0.058860593,0.0002335012,0.6802898,0.2996043,0.49203202,0.6807411,0.25903076,-0.40449727,-0.082652785,0.058207445,0.008206837,0.11682278,-0.26747334,0.53251296,0.058318056,-0.38947904,-0.09966543,0.19735307,-0.02763015,0.22852525,0.56202763,0.4266025,0.20377521,0.57589525,0.20392957,-0.123213,0.19461001,-0.14546826,0.9411982,-0.16659965,-0.38053554,0.66366035,-0.40589797,-0.6247974,0.385813,0.2176311,0.045269243,0.12908235,-0.6840787,0.06840278,0.15710378,0.11809498,0.5568762,-0.15725215,-0.1106896,-0.11631217,0.1996592,-0.050339986,0.088922754,-0.21737042,0.43972972,0.21696362,0.031299546,0.04645113,-0.44584942,0.048270002,0.39034256
usa_73_87,1,usa,0.52149093,-0.038823403,0.25066748,-0.14032811,0.40297782,-0.1665026,-0.24435347,-0.42833263,-0.37270677,0.24898957,0.097319975,0.06807625,0.33539698,0.1153846,-0.08926201,0.11025033,0.4222403,-0.25700605,0.28352576,0.12283109,0.18811554,-0.27388543,-0.18101685,-0.4190307,-0.12591492,0.32688278,0.5382521,0.026715606,0.13115616,0.42427754,-0.026472367,-0.12317599,0.11871607,-0.06994469,0.17258042,0.5031325,-0.5338704,-0.15100425,0.3221459,0.020305865,-0.4111722,0.08357747,-0.08197728,-0.39514083,-0.14992209,-0.21504378,-0.24333571,-0.07309097,-0.042727556,0.2512327,0.1131744,-0.5269058,0.21053118,-0.18026155,-0.3946279,-0.371504,0.12723264,0.12891096,-0.20028806,-0.29701602,0.322049,0.026488926,-0.4275404,0.021161377
usa_53_87,0,usa,0.5701377,-0.118534096,0.1314776,-0.10688345,0.4039876,-0.13595188,-0.22351186,-0.39331135,-0.4509747,-0.028371334,-0.079186946,-0.059272192,0.19798413,0.09622473,-0.050308526,0.22682184,0.43894258,-0.2931393,0.06806613,0.14317724,0.22050849,-0.37389362,-0.15690587,-0.3860556,-0.18539153,0.38166943,0.7023579,-0.04623288,0.085291296,0.44830438,0.06790263,-0.073225215,0.07418704,-0.011974253,0.19017455,0.33137858,-0.53782195,-0.025769502,0.20151705,0.13950917,-0.21571206,0.19111435,-0.035358552,-0.31178674,-0.10657246,-0.2739591,-0.2846588,-0.19361019,0.027380906,0.20371467,0.07906789,-0.64790213,0.24607062,-0.17688587,-0.5247549,-0.3531091,0.1827963,0.009890877,-0.20595008,-0.43852293,0.29309693,0.2322498,-0.5828321,-0.19397716
usa_12_87,1,usa,0.2606724,-0.23981127,0.41397753,0.10999164,0.20040277,-0.0525967,-0.057568498,-0.07858464,0.0025575086,0.37815422,0.18190289,0.22333905,0.46079913,0.31414267,-0.16293062,-0.014757715,0.24157357,-0.104508996,0.03141628,-0.05332519,0.42172557,-0.07940323,-0.35963935,-0.24711463,0.060183145,0.06778538,0.40624502,0.24665463,0.28056023,0.2770354,0.29879946,0.13808933,-0.10160304,0.11757465,-0.021774322,0.66512465,-0.4506913,-0.3152495,0.40858456,-0.12017256,-0.5797773,0.24797969,0.20476556,-0.22297925,-0.008769728,-0.38518244,-0.07933694,0.106237195,0.15478075,0.4148455,0.020330578,-0.33914924,0.121822245,0.07611145,-0.31097376,-0.18470459,-0.06173034,0.31585923,0.02149193,-0.20149624,0.13491434,-0.074382305,-0.2110881,0.07851262
usa_10_15,0,usa,0.50483793,-0.0471474,0.26853064,-0.13286732,0.4246596,-0.15106277,-0.27532253,-0.33523783,-0.39722443,0.115126014,0.05135867,-0.03835341,0.28962767,0.09844934,-0.017562732,0.08910166,0.41322547,-0.28439188,0.22677453,0.15428886,0.22233787,-0.32926273,-0.2345026,-0.4399359,-0.15572315,0.31300476,0.6513765,-0.019071117,0.1684244,0.47570685,0.06887383,-0.19804065,0.042672817,-0.029591054,0.2559573,0.48751605,-0.5941237,-0.088195875,0.29492614,0.06277388,-0.37134612,0.15897809,-0.019113436,-0.37653306,-0.13384126,-0.21349183,-0.29578912,-0.1385853,0.0020165592,0.22823903,0.107063405,-0.57088685,0.22433278,-0.11097312,-0.4344963,-0.34257436,0.1592856,0.056497194,-0.17909315,-0.33023313,0.33258164,0.10986326,-0.47045678,-0.086935416
usa_28_84,0,usa,0.55294013,0.045224257,0.199213,-0.16444427,0.4356051,-0.092002444,-0.29998493,-0.3999745,-0.41622475,0.009090483,0.015730068,-0.0884477,0.28850627,0.10494032,0.04598882,0.151771,0.40799353,-0.3299252,0.20685598,0.16920379,0.1446481,-0.38756895,-0.21792786,-0.40560275,-0.20504707,0.32099718,0.68934834,-0.03660109,0.09252858,0.51382804,0.031666607,-0.16632625,0.0920977,-0.078148246,0.25666934,0.41919416,-0.61547005,-0.08964105,0.235434,0.15371971,-0.3794452,0.11339092,-0.06275434,-0.41803896,-0.13781352,-0.28230047,-0.3139351,-0.21674469,0.052984133,0.25720704,0.15143423,-0.58694565,0.22363645,-0.13910264,-0.4749105,-0.40019673,0.17077272,0.020457916,-0.20625433,-0.36560303,0.33748162,0.18285163,-0.49815923,-0.12494397
usa_92_112,0,usa,0.66632336,0.27197772,-0.032984134,-0.3340407,0.5717973,-0.032715682,-0.4376061,-0.5548851,-0.7058187,-0.23785342,-0.28278846,-0.28816572,0.0032361224,-0.07098009,0.21001518,0.26086318,0.60735404,-0.45884785,0.30862916,0.29930586,-0.101709746,-0.47206923,-0.02027604,-0.5086161,-0.37505943,0.46627367,0.906348,-0.25433213,-0.03402185,0.6804027,-0.304334,-0.41905484,0.37590384,-0.34870905,0.39776725,0.29161188,-0.6684906,0.1052605,0.047363408,0.2625791,-0.18533649,0.057148486,-0.18823367,-0.5731018,-0.1771369,-0.17412585,-0.5268562,-0.3557986,-0.032396533,-0.022199191,0.22883654,-0.8437932,0.36115885,-0.3521682,-0.5776337,-0.63295656,0.26758745,-0.15536593,-0.35848814,-0.41605008,0.49092624,0.40526667,-0.5308096,-0.33639252
usa_3_46,0,usa,0.47168136,0.008562021,0.2383638,-0.15656781,0.45325434,-0.065342546,-0.23712276,-0.37336126,-0.3323505,0.16336799,0.018743075,0.036638096,0.30179653,0.108735375,-0.07822576,0.11876702,0.39958623,-0.20637831,0.118328735,0.1204862,0.15568334,-0.29805505,-0.20205621,-0.4049489,-0.18749687,0.32662886,0.5954293,0.057096444,0.15103905,0.40723214,0.040906794,-0.117075816,0.08651029,-0.03550309,0.20298342,0.47428644,-0.5442523,-0.052102134,0.27079266,0.09482756,-0.37046677,0.13549675,-0.0029604584,-0.3688295,-0.1309304,-0.24256596,-0.28994286,-0.13870299,-0.03744162,0.19460791,0.11923654,-0.5109962,0.23899606,-0.111630425,-0.41425347,-0.37791604,0.11542715,0.15634233,-0.1736823,-0.27747384,0.29430255,0.11064879,-0.48315215,-0.06640947
usa_28_92,0,usa,0.632967,0.3643977,-0.12982938,-0.37536228,0.62862664,-0.10440222,-0.5097911,-0.627989,-0.65852654,-0.26248425,-0.2273537,-0.29041162,-0.05193441,-0.15552917,0.22995949,0.46172485,0.57298094,-0.48467258,0.36998838,0.48000062,-0.18003762,-0.5367941,0.09227055,-0.55929565,-0.44638672,0.5646825,0.7174336,-0.2556794,-0.07721997,0.61668366,-0.36729777,-0.37751737,0.4146634,-0.24218744,0.4270828,0.15956306,-0.71099955,0.087292016,-0.0070782006,0.3602836,-0.114436895,-0.10198862,-0.2562973,-0.6387077,-0.31123722,0.047085147,-0.5388354,-0.44282833,-0.15566038,-0.10419507,0.43451035,-0.80124116,0.4404557,-0.41621575,-0.54301006,-0.56359375,0.3977367,-0.09779067,-0.42668363,-0.59516233,0.6083229,0.4392931,-0.69905865,-0.3802983
usa_35_79,0,usa,0.5373693,0.110121965,0.118603446,-0.22464731,0.42195916,-0.004312128,-0.22482347,-0.38932607,-0.4669657,0.08730832,-0.005450718,-0.020407706,0.28189576,0.20708525,-0.028120786,0.1359046,0.40352625,-0.26419303,0.38086435,0.22289394,0.10643422,-0.4197137,-0.19358923,-0.43027952,-0.23114249,0.3440554,0.642954,-0.07660995,0.065074906,0.41769546,-0.010861039,-0.22993085,0.16371948,-0.07974855,0.24890578,0.43931186,-0.55069315,-0.06532201,0.21466425,0.04747322,-0.3817364,0.05703789,-0.14125371,-0.46021855,-0.19764629,-0.19046319,-0.2889208,-0.16081056,-0.011510767,0.14642859,0.16732532,-0.55618536,0.25809845,-0.22948289,-0.3683778,-0.47064427,0.16244361,0.1112813,-0.29628223,-0.31595862,0.3475295,0.12991539,-0.5079907,-0.047652055
usa_53_79,0,usa,0.7350399,0.363944,-0.27384007,-0.40755826,0.59175867,-0.13976815,-0.7298951,-0.5852611,-0.67620134,-0.33371195,-0.33080208,-0.21442334,-0.22218898,-0.15613629,0.25949576,0.43450633,0.6807908,-0.6274515,0.22265042,0.3596241,-0.17884064,-0.3986277,0.107123934,-0.4660515,-0.48196456,0.49107507,0.8929424,-0.33582968,-0.12303176,0.7486343,-0.15999246,-0.5639292,0.40857026,-0.32227147,0.4763812,0.04633806,-0.76550937,0.3022855,-0.26979136,0.46731067,-0.05088845,-0.14598057,-0.29126737,-0.52998745,-0.24447735,0.16346823,-0.5272265,-0.6309796,-0.23052748,-0.076819375,0.42497283,-0.8298763,0.4786565,-0.37303635,-0.6886139,-0.7436478,0.40735576,-0.18298808,-0.4797232,-0.55280733,0.4675192,0.40553084,-0.69372773,-0.39490727
usa_38_64,1,usa,0.49700373,-0.037008233,0.26333463,-0.11029027,0.4234463,-0.118643574,-0.2451713,-0.30707076,-0.34832138,0.14994502,0.09149115,-0.016252078,0.33811957,0.11401934,-0.04583682,0.10158081,0.39902988,-0.27020484,0.18669045,0.14175078,0.22597477,-0.3158795,-0.25606441,-0.37173828,-0.16382787,0.27250054,0.5745487,0.039350264,0.17891183,0.4252634,0.07302535,-0.1317088,0.047573656,-0.031068042,0.21650419,0.51680046,-0.5833598,-0.16790353,0.33631894,0.05595074,-0.37906456,0.1407857,-0.009194925,-0.3768523,-0.115385085,-0.25850305,-0.25600344,-0.15348303,0.034709767,0.25288618,0.08582103,-0.5310627,0.18643428,-0.11124905,-0.44018358,-0.3319262,0.12703276,0.10877899,-0.14992736,-0.33904392,0.31774473,0.059194997,-0.44024593,-0.04478562
usa_60_97,0,usa,0.54936594,0.09085349,0.16167456,-0.26485503,0.47338992,-0.13454975,-0.3839404,-0.46369442,-0.48551583,0.04462622,-0.013204105,-0.06758833,0.19434452,0.042138927,0.020163387,0.15404724,0.48477745,-0.36271843,0.2662969,0.2729194,0.10557843,-0.36318755,-0.18801628,-0.48131147,-0.2368069,0.36798492,0.74895823,-0.08865638,0.11060834,0.5494549,-0.033594638,-0.29993272,0.08470226,-0.12839355,0.29283008,0.3881855,-0.66028166,-0.04373373,0.21097493,0.10791031,-0.33875376,0.06866689,-0.07129596,-0.40814367,-0.1670225,-0.11690942,-0.34463155,-0.20860799,-0.036154557,0.14221701,0.13513203,-0.60275245,0.29804498,-0.19610925,-0.469432,-0.46516502,0.21614207,0.05632413,-0.2509387,-0.39859086,0.37909168,0.16684571,-0.51673216,-0.13945708
usa_77_116,1,usa,0.51042247,-0.019824713,0.23951873,-0.13743322,0.4274109,-0.12979244,-0.25757402,-0.34801188,-0.37524587,0.15022479,0.05893281,-0.0058866516,0.3270735,0.119362734,-0.046386436,0.09035742,0.40610203,-0.2655592,0.2146256,0.15096214,0.21480826,-0.31216648,-0.23565473,-0.41128957,-0.1704529,0.3057821,0.58851624,0.02192317,0.17201954,0.44540498,0.036846213,-0.14356948,0.08637708,-0.030405179,0.23771268,0.46855927,-0.5947444,-0.115299806,0.33269107,0.045243703,-0.3879583,0.12987791,-0.017770745,-0.3594126,-0.13585661,-0.23904869,-0.28296503,-0.15025555,0.00690715,0.22882167,0.0903244,-0.5429167,0.20855537,-0.1252062,-0.4384654,-0.35686785,0.121783055,0.11450613,-0.16220391,-0.33428627,0.31521615,0.07205996,-0.46240467,-0.06677087
usa_89_101,1,usa,0.51941156,0.009742543,0.20045623,-0.15846395,0.4391126,-0.13924393,-0.2736521,-0.37527075,-0.38582277,0.13867556,0.04050663,-0.022577785,0.28306147,0.10757641,-0.022609413,0.11113314,0.4327902,-0.2789108,0.23376079,0.1640791,0.19383532,-0.32722494,-0.20731358,-0.4169972,-0.18334022,0.3051626,0.6046634,0.0011687875,0.15930694,0.44804123,0.004225962,-0.1723761,0.10463306,-0.04324661,0.24228618,0.4634698,-0.61389387,-0.08436857,0.2995653,0.06989547,-0.37193137,0.11294763,-0.035143267,-0.37988338,-0.15396032,-0.2084041,-0.3001764,-0.17466769,-0.011642635,0.2095508,0.1241022,-0.55932224,0.21771038,-0.13953112,-0.4405287,-0.36342096,0.13413198,0.102576084,-0.19190137,-0.34381825,0.3346937,0.08730187,-0.4884292,-0.090311855
usa_79_113,0,usa,0.33967617,-0.004140839,0.3931973,-0.03975115,0.333902,0.039922565,-0.14768186,-0.18041374,-0.18036374,0.29692066,0.11867033,0.15856302,0.506724,0.32771814,-0.15741713,0.0110901445,0.21798742,-0.11832692,0.23390901,-0.042983577,0.24351087,-0.17720377,-0.31400007,-0.26976502,-0.04960843,0.19678524,0.4959618,0.20035923,0.20821625,0.24364078,0.23156127,0.065146126,-0.010452077,0.07747212,0.10970892,0.5750849,-0.40895063,-0.26754588,0.3407304,-0.09046835,-0.5569666,0.20826165,0.08477539,-0.19600138,-0.084770694,-0.47432724,-0.12315432,-0.016574271,0.104297414,0.34104198,0.035546884,-0.3644547,0.13380076,-0.034080274,-0.21948287,-0.2610669,-0.034295842,0.32493863,-0.05843289,-0.20723306,0.2359232,-0.014376521,-0.2527374,0.07839451
usa_12_40,0,usa,0.5418615,0.09961275,0.11741137,-0.17624372,0.5225835,-0.08747976,-0.30336303,-0.39016256,-0.48129743,0.1155851,-0.039109945,0.0056796893,0.22141081,0.034555033,0.010923326,0.18974493,0.47405285,-0.30854896,0.2672805,0.12255127,0.0373315,-0.35261145,-0.1857856,-0.37996268,-0.26645154,0.41521028,0.65025556,-0.04654465,0.05814883,0.5054851,-0.011295304,-0.16743988,0.14467853,-0.13345885,0.32638714,0.44224596,-0.6241099,-0.0030772388,0.24199775,0.108048275,-0.27464825,0.0650233,-0.03471287,-0.35604233,-0.16965614,-0.22547758,-0.3550981,-0.2880591,-0.07717038,0.120367505,0.10850029,-0.5696129,0.30466485,-0.1606605,-0.50314665,-0.45423147,0.10717115,0.01818277,-0.19642648,-0.3134381,0.39720678,0.15857399,-0.5473888,-0.090522535
usa_64_87,1,usa,0.14543656,-0.42515922,0.76087797,0.2975766,0.18972555,0.0428212,0.27342886,0.099609904,-0.05322164,0.8197918,0.4262888,0.59234405,0.80479264,0.40218136,-0.35868448,-0.26980525,0.13861391,0.051092453,0.11572547,-0.42600137,0.6339356,0.14585069,-0.57215255,-0.033203848,0.18789583,-0.08626544,0.27416256,0.41312355,0.56926394,0.023657274,0.49017602,0.39582002,-0.18139565,0.32789695,-0.21310732,1.0989097,-0.16668245,-0.66422457,0.7859361,-0.5276148,-0.9072244,0.38990152,0.37264922,-0.010208115,0.16087314,-0.77070034,0.089052245,0.3454107,0.2989757,0.64425105,-0.306548,-0.20081043,-0.08639289,0.24693462,-0.062473632,-0.114014044,-0.31121346,0.5345456,0.20789751,0.08708447,-0.007273689,-0.26348177,0.07380541,0.3612224
usa_12_112,0,usa,0.05980535,-0.4649737,0.73063844,0.48374346,0.1420784,0.11801927,0.35252368,0.21436745,0.018879265,0.7699826,0.4347606,0.56376016,0.73672503,0.25433514,-0.22064786,-0.25319582,0.07320046,0.083507575,0.08492781,-0.50414556,0.64208585,0.2505141,-0.5124156,0.0011682138,0.24796686,-0.012287416,0.2962824,0.37259406,0.48020783,0.20596136,0.60360515,0.43041924,-0.32761177,0.38832295,-0.09940826,1.1246154,-0.14642248,-0.60173124,0.7262335,-0.37476796,-0.7820948,0.3432814,0.50152755,0.016857728,0.112449616,-0.7667957,0.07889016,0.35802305,0.41075623,0.5967644,-0.2670213,-0.057271577,-0.0155979395,0.28998858,-0.03230416,-0.18166518,-0.41158092,0.41182318,0.20395619,0.14146839,-0.022339903,-0.20222682,0.039054587,0.43734154
usa_69_92,1,usa,0.56397295,0.098989904,0.12628552,-0.21623547,0.49408185,-0.07883891,-0.31296247,-0.41465133,-0.44781828,0.046681747,-0.03455574,-0.04866535,0.30993316,0.12685439,0.021658562,0.13542147,0.43474695,-0.313492,0.2970721,0.17303093,0.10034015,-0.3717506,-0.19113253,-0.41639194,-0.23955303,0.36317945,0.6474277,-0.046822738,0.07560682,0.52015233,-0.05554971,-0.22651818,0.19343257,-0.11273421,0.3094897,0.41395837,-0.58937186,-0.0074189156,0.21960786,0.14270742,-0.3197168,0.069746375,-0.08492327,-0.40055832,-0.17180926,-0.20454586,-0.35042247,-0.23566365,-0.027818471,0.15279973,0.170869,-0.5961087,0.23883474,-0.15321505,-0.45186386,-0.43598825,0.18566298,0.036311276,-0.24613263,-0.36535466,0.39170596,0.15184513,-0.5808337,-0.1158369
usa_40_112,0,usa,0.52585363,0.09150692,0.11614383,-0.21598749,0.483581,-0.09146322,-0.33783472,-0.5048156,-0.35580915,0.0644332,-0.040923007,-0.08742277,0.24029514,0.114845835,0.060626,0.17653894,0.468699,-0.35430565,0.17821923,0.14872275,0.12930703,-0.27864432,-0.15037443,-0.42499292,-0.21201321,0.3284075,0.6260624,0.021265946,0.0802858,0.5044136,-0.07315087,-0.19625798,0.22973087,-0.14389348,0.2695656,0.43976247,-0.6741322,-0.032754935,0.20052323,0.20835601,-0.32673103,0.08082354,-0.088518955,-0.40197483,-0.17442144,-0.2136232,-0.29748344,-0.26487204,0.0032567754,0.18139628,0.21455066,-0.65703094,0.2699899,-0.20338234,-0.4601491,-0.47520423,0.16730902,0.042981975,-0.22225448,-0.40211815,0.41143999,0.21218616,-0.47741154,-0.18895093
usa_12_24,1,usa,0.09745297,-0.60877806,0.6905019,0.42419705,0.086779736,0.109523445,0.26677924,0.18554798,0.3103559,0.7971207,0.6595154,0.4869863,0.84123445,0.42997828,-0.4837498,-0.25065818,0.020144545,0.1238082,-0.21023881,-0.3629073,0.76095116,0.27192357,-0.5394882,0.027802296,0.23926339,-0.16680914,-0.04507614,0.6021747,0.7101035,-0.021357827,0.4219774,0.5215932,-0.10152278,0.43509817,-0.46893692,0.9139187,-0.16154382,-0.66545576,0.8281011,-0.5886442,-0.60947865,0.45090878,0.42659283,-0.26867184,0.19927603,-0.6580792,0.22835341,0.3859735,0.28142738,0.7228936,-0.20681731,-0.13795704,-0.13750961,0.21537727,-0.17782156,0.07777749,-0.2640748,0.58048165,0.2744262,-0.04524797,0.015828252,-0.40403685,0.012065545,0.40506572
usa_24_104,1,usa,0.2801348,-0.31105042,0.5394775,0.16685033,0.21619835,-0.024538092,0.09521417,0.034265168,-0.043808024,0.5449992,0.3366208,0.26975098,0.62921464,0.24811867,-0.36673212,-0.072101854,0.09732749,0.009711839,-0.019165464,-0.09626958,0.39830926,-0.15516955,-0.41385394,-0.17126982,0.0049437657,0.02713056,0.2732483,0.16328204,0.4343079,0.1067774,0.3634917,0.15295735,-0.17098787,0.21198075,-0.10330587,0.72768563,-0.26763526,-0.56980026,0.6355191,-0.31823176,-0.6929335,0.28559482,0.20938987,-0.2092157,0.057421535,-0.509149,-0.029275805,0.13804895,0.18899278,0.43911353,-0.16143908,-0.28521422,-0.02269496,0.08955555,-0.15508054,-0.09875543,-0.17109182,0.42430082,0.03811972,-0.06722886,0.08466113,-0.19174054,-0.1095665,0.22581312
usa_15_40,0,usa,0.5759294,0.09889123,0.13757336,-0.2535081,0.50535935,-0.13400103,-0.35190505,-0.48493555,-0.4164595,0.07179579,-0.053296484,-0.035772387,0.21358728,0.059957765,0.041625805,0.20236462,0.46804366,-0.33583614,0.22092998,0.16729665,0.096582524,-0.32707575,-0.15840818,-0.45173895,-0.25386417,0.39383352,0.65597963,-0.0017638728,0.08223878,0.53537714,-0.067332014,-0.2538135,0.18341732,-0.15615453,0.28911054,0.40324876,-0.63663334,-0.01962296,0.22514886,0.1668455,-0.31421572,0.055301517,-0.10159949,-0.4081361,-0.18358472,-0.18043157,-0.31983337,-0.2513287,-0.06257141,0.15274423,0.19523588,-0.6608289,0.28713134,-0.216877,-0.47977066,-0.45447257,0.209375,0.032283165,-0.22619604,-0.40119368,0.4109712,0.17537254,-0.5243423,-0.1667125
usa_12_15,0,usa,0.5124278,-0.01619389,0.277517,-0.15417705,0.4232955,-0.08355427,-0.20564163,-0.2932215,-0.33992055,0.111478165,0.0054423586,0.021697044,0.36043677,0.10339307,0.019166313,0.12624158,0.33833885,-0.2549139,0.1005478,0.0458679,0.18079159,-0.24264124,-0.18993844,-0.40089032,-0.18283722,0.26311216,0.56678176,0.056859277,0.13722278,0.37131324,0.050800838,-0.13401082,0.09853989,-0.072677076,0.24839887,0.51641744,-0.56990296,-0.12715775,0.29100108,0.08133885,-0.3268308,0.123412386,-0.055922225,-0.3317219,-0.11660932,-0.3724685,-0.23823066,-0.17010383,0.08997832,0.2831131,0.14830735,-0.4773083,0.24161813,-0.099882744,-0.3771427,-0.4520841,0.05192183,0.05304847,-0.15828349,-0.30157214,0.34543657,0.17271712,-0.34912375,-0.07219523
usa_64_104,1,usa,0.28988576,-0.21720633,0.40504557,0.09824893,0.23670818,-0.045703486,-0.051387113,-0.11502692,-0.12474353,0.39800465,0.23623285,0.18876445,0.49707434,0.27593493,-0.1818573,-0.09226517,0.25408468,-0.1292182,0.19757976,-0.06992829,0.39679945,-0.10587075,-0.33764845,-0.25351655,0.029817693,0.009074055,0.43034405,0.18582922,0.3117985,0.24893323,0.20595184,0.06278213,-0.055655785,0.11724961,-0.00087052584,0.6944184,-0.4283041,-0.33438486,0.521068,-0.19358383,-0.6811171,0.19645809,0.084980875,-0.2428613,-0.024632566,-0.43305734,-0.09457999,0.02232387,0.14566904,0.44621524,-0.025491662,-0.36342716,0.049802173,-0.020729654,-0.15631442,-0.17583749,-0.057306126,0.30499387,-0.027252443,-0.14935854,0.12410898,-0.14692183,-0.16876397,0.13962695
usa_73_94,0,usa,0.526539,-0.01762084,0.22164243,-0.1501562,0.43328565,-0.14648557,-0.26617265,-0.35799986,-0.37643418,0.14269814,0.055041686,-0.014463916,0.3080111,0.11616852,-0.039835066,0.0992459,0.41905463,-0.27478945,0.21822487,0.1650521,0.21055469,-0.3257514,-0.22320636,-0.4175648,-0.17797396,0.31231666,0.5961082,0.009703353,0.16447136,0.45799765,0.0196672,-0.15609297,0.08718592,-0.036778957,0.24161112,0.4714777,-0.59932464,-0.10071896,0.3177939,0.060328737,-0.37460482,0.11930837,-0.029712018,-0.37650564,-0.14442582,-0.21235785,-0.2896561,-0.15744832,0.0010530353,0.21948591,0.09974531,-0.5505923,0.2071051,-0.12979747,-0.44559842,-0.35573304,0.14308423,0.1004292,-0.17489956,-0.3441466,0.32325038,0.07687393,-0.47609478,-0.07794131
usa_26_72,0,usa,0.5615607,0.0015292913,0.21462685,-0.16084382,0.4548537,-0.1037345,-0.28233337,-0.37661207,-0.39954743,0.08833085,0.033176474,-0.060287602,0.30834374,0.11774927,-0.029954404,0.11757669,0.4264432,-0.28766125,0.2305989,0.18254504,0.18825501,-0.33630785,-0.22102891,-0.4271578,-0.19012754,0.31499347,0.6123731,0.0056106746,0.15145712,0.482653,-0.004570253,-0.17275025,0.11614889,-0.067398034,0.26028708,0.44913292,-0.6110281,-0.086775005,0.294504,0.10131936,-0.35132283,0.12332524,-0.060371697,-0.38834375,-0.14340226,-0.22024143,-0.30074483,-0.1806794,0.015895925,0.19450086,0.10852114,-0.5784165,0.2178312,-0.13909411,-0.44665924,-0.38952053,0.18581088,0.07832397,-0.19444107,-0.34266138,0.36059958,0.11050634,-0.49337217,-0.11038957
usa_104_112,0,usa,0.593835,0.10232248,0.14117604,-0.25381616,0.47984827,-0.18873423,-0.38891822,-0.50507843,-0.51235443,-0.044929758,-0.04178951,-0.18619668,0.12207041,-0.0075855628,0.09574498,0.20488743,0.51595414,-0.40906304,0.22559221,0.31951225,0.12463649,-0.47757798,-0.11424807,-0.5195727,-0.27857256,0.40450063,0.7991251,-0.22464597,0.06693207,0.6083789,-0.10888238,-0.34539416,0.10423058,-0.15702304,0.29079053,0.30952096,-0.7028986,0.023935966,0.15430546,0.17930132,-0.31549203,0.07144976,-0.15199126,-0.4575709,-0.1639953,-0.040249236,-0.39503968,-0.22807601,-0.006907344,0.16209334,0.19802064,-0.65872025,0.27649868,-0.2083706,-0.54034233,-0.4046807,0.22771014,-0.025286548,-0.32088965,-0.44490206,0.360324,0.23417084,-0.54813147,-0.2194092
usa_73_86,0,usa,0.40903166,-0.15706587,0.3858638,-0.042523276,0.31990033,-0.1003559,-0.12367984,-0.21435612,-0.2565031,0.43406487,0.13418576,0.30282706,0.53304315,0.1897811,-0.1751375,-0.023993045,0.274956,-0.0773281,0.18661912,-0.12104361,0.2687094,-0.16278866,-0.27255934,-0.2275989,-0.037350688,0.17470211,0.4182815,0.19407701,0.2960572,0.28770772,0.16947553,0.05384878,-0.03502717,0.04239364,0.07822559,0.6424175,-0.35032207,-0.29205847,0.45290688,-0.13617624,-0.52253306,0.1643463,0.08890422,-0.20430516,-0.102818765,-0.4232929,-0.122690305,0.016782165,0.06066656,0.34788376,-0.024988353,-0.36337635,0.05832129,-0.0032785982,-0.34514922,-0.26260597,-0.043062136,0.32458785,-0.013384715,-0.1989919,0.1637361,-0.09510286,-0.3070221,0.12482468
usa_53_104,0,usa,0.65222573,0.15910767,0.071521185,-0.2711765,0.52478004,-0.11682923,-0.41328096,-0.53632903,-0.57283974,-0.07337367,-0.073605195,-0.21311724,0.1612685,0.016577564,0.10365584,0.24297243,0.52749914,-0.4017564,0.2599302,0.27597153,0.048030995,-0.489586,-0.14906599,-0.5072876,-0.3253026,0.44561875,0.7378193,-0.1152727,0.027681202,0.5840047,-0.13801245,-0.2968914,0.22936314,-0.15107484,0.3717507,0.28330803,-0.7216361,0.034897536,0.14562252,0.2406293,-0.23298408,0.029735848,-0.15357971,-0.49340573,-0.2000125,-0.14907569,-0.4096804,-0.31439352,-0.031694554,0.09962488,0.24135602,-0.71078706,0.3098867,-0.24549107,-0.57252717,-0.5018302,0.25955328,-0.05228447,-0.31330562,-0.43469334,0.4434084,0.25161,-0.60688424,-0.24561235
usa_60_92,0,usa,0.537465,0.05806281,0.17937157,-0.20339774,0.4773879,-0.15484998,-0.3097247,-0.40881208,-0.43404767,0.081576884,0.020791456,-0.07857883,0.24113786,0.06521263,0.0077213943,0.14501017,0.46476844,-0.32858357,0.23390351,0.21951899,0.18042207,-0.36424094,-0.18113787,-0.47464612,-0.22647816,0.36800754,0.65817404,-0.05241521,0.130294,0.502507,-0.023156561,-0.24734554,0.12604809,-0.072996825,0.30173525,0.41832107,-0.65319246,-0.04626544,0.2463345,0.09605397,-0.3229022,0.09995623,-0.074688666,-0.4164985,-0.1742613,-0.15668285,-0.33729526,-0.19275145,-0.028023943,0.17104563,0.14799786,-0.59828955,0.27047184,-0.17830059,-0.48687553,-0.3977436,0.16371113,0.06694233,-0.23253793,-0.3831389,0.36969432,0.14706717,-0.516346,-0.13830656
usa_28_40,0,usa,0.46898594,-0.0059771463,0.19677848,-0.1458207,0.46908027,-0.07061067,-0.37598044,-0.36931887,-0.34819263,0.040285498,0.07580657,-0.11229703,0.20850089,0.07162557,-0.007668592,0.19567052,0.45487508,-0.27539438,0.13872252,0.19895157,0.14782786,-0.28053033,-0.17855595,-0.4291487,-0.19403881,0.30303392,0.6582414,-0.0076266304,0.12592602,0.5295799,-0.041698705,-0.12727608,0.084992245,-0.12749724,0.16607903,0.46726912,-0.56048936,-0.08097859,0.16242847,0.19396754,-0.2297446,0.11565414,0.02084133,-0.48688853,-0.13211793,-0.1909939,-0.36157775,-0.17101067,0.048156887,0.25386497,0.2273069,-0.60389555,0.29318926,-0.1269593,-0.5601276,-0.4879376,0.20831273,-0.0019913018,-0.2007358,-0.42906296,0.38641202,0.2291528,-0.511799,-0.20406738
usa_28_112,0,usa,0.22838822,-0.30338994,0.49121758,0.17464927,0.19370261,-0.02157028,0.017349169,0.012031317,0.1066562,0.46335965,0.28073612,0.29332903,0.6164354,0.3789389,-0.17508955,-0.094443284,0.16576079,-0.005887285,-0.0104301125,-0.1945392,0.50731945,0.031727873,-0.43605787,-0.17714953,0.11476249,-0.021732353,0.27987796,0.33743528,0.39321047,0.26354373,0.31926158,0.28685164,-0.11964152,0.14975935,-0.12250256,0.72044253,-0.32144573,-0.45160043,0.49948004,-0.21939416,-0.61558586,0.2710175,0.28553453,-0.20468289,0.0115342215,-0.5129849,-0.024072006,0.17773303,0.19856484,0.507197,-0.011198677,-0.3311219,0.06872875,0.12952435,-0.26008847,-0.21401165,-0.11423652,0.3278154,0.11740577,-0.1406628,0.032306127,-0.12525016,-0.11858572,0.093992524
usa_69_112,0,usa,0.4468933,-0.07652276,0.3040323,-0.09260618,0.39227295,-0.10081568,-0.2519412,-0.3086243,-0.3394213,0.16800283,0.061033756,0.021001719,0.30883837,0.1396378,-0.054599166,0.05805918,0.3760246,-0.24148878,0.20232214,0.13714328,0.22453994,-0.27332374,-0.27092808,-0.4209081,-0.0907185,0.27297357,0.6402695,0.04923577,0.1902687,0.44477028,0.118389376,-0.13549142,-0.015900657,0.011235632,0.18755314,0.5162277,-0.56317866,-0.12024447,0.30963206,0.03292735,-0.43916237,0.21247904,0.020512797,-0.33019528,-0.11529468,-0.25069156,-0.24666204,-0.11800994,0.026234634,0.2566683,0.09406273,-0.5113011,0.20416152,-0.092025295,-0.36182722,-0.32512623,0.10308881,0.11469302,-0.13729939,-0.2675392,0.30061758,0.077897295,-0.426144,-0.052434187
usa_3_81,0,usa,0.5199283,-0.024631597,0.23237476,-0.14264558,0.43074894,-0.14624187,-0.26202327,-0.35215408,-0.37282562,0.1491723,0.060904026,-0.006382346,0.31456462,0.119421266,-0.045659572,0.093278416,0.4146912,-0.26974759,0.21839942,0.16134235,0.21319312,-0.31782028,-0.22828446,-0.41318914,-0.17216322,0.30733186,0.59249866,0.01675906,0.16892311,0.4505678,0.026576206,-0.1488054,0.07791868,-0.033208836,0.23545137,0.4755568,-0.59674466,-0.10705531,0.32531956,0.053315982,-0.38216382,0.12479682,-0.023645677,-0.3690174,-0.14045528,-0.21870941,-0.28265017,-0.15287179,0.005493611,0.22623754,0.09271144,-0.5438613,0.20263386,-0.12623715,-0.439931,-0.34972432,0.13528685,0.1057105,-0.16788608,-0.33787215,0.31754535,0.06918103,-0.47024614,-0.07025541
usa_27_36,0,usa,0.5346803,-0.0069131404,0.20898843,-0.15972857,0.44013566,-0.15430066,-0.27685714,-0.36799008,-0.38874,0.13115996,0.047445446,-0.02397395,0.29599142,0.107900955,-0.03224483,0.10935641,0.4268125,-0.28487223,0.22441769,0.17657994,0.19897777,-0.33305764,-0.21204488,-0.4251387,-0.18769988,0.32093346,0.6041542,-0.0022454485,0.15527278,0.4639453,0.0065232515,-0.16870305,0.09576214,-0.044742536,0.25144497,0.4643209,-0.60870045,-0.08881655,0.31005496,0.07295735,-0.3628065,0.111812964,-0.037060685,-0.38287252,-0.15018582,-0.20153669,-0.29896045,-0.1698002,-0.007351473,0.2110407,0.110074356,-0.55903524,0.21644029,-0.1391962,-0.45574436,-0.36375302,0.15215683,0.089401595,-0.18358678,-0.34937143,0.33132657,0.08463283,-0.48661909,-0.08754103
usa_40_110,0,usa,0.47980008,-0.059450768,0.2864656,-0.10934955,0.4105481,-0.1147975,-0.23224324,-0.29539067,-0.3472797,0.15204786,0.0815579,0.0030212104,0.34354058,0.12278158,-0.04303062,0.071264125,0.38390988,-0.25490782,0.18976632,0.12791923,0.2285592,-0.29769436,-0.26549184,-0.37877914,-0.14253815,0.26829273,0.58997154,0.04936958,0.18816668,0.42451423,0.09308707,-0.13017997,0.02877478,-0.017046385,0.21599835,0.50731117,-0.582014,-0.14997107,0.3403538,0.033981502,-0.40451336,0.15403475,0.003576219,-0.3574101,-0.10961057,-0.2767574,-0.25492382,-0.13097157,0.030195296,0.2700713,0.07826348,-0.5254015,0.18497622,-0.0931517,-0.406306,-0.31530762,0.10698781,0.12125669,-0.13718547,-0.3060788,0.29732394,0.04820118,-0.43065125,-0.03759667
usa_6_46,0,usa,0.530242,-0.0012587085,0.22216988,-0.1700125,0.43622732,-0.14638537,-0.28094342,-0.3859301,-0.38169697,0.12761573,0.049002156,-0.010994948,0.29943323,0.11751213,-0.020151667,0.11365168,0.43780282,-0.29210502,0.23485409,0.16931552,0.19304827,-0.31539518,-0.2081035,-0.43656018,-0.17330104,0.32400736,0.6207422,0.015301429,0.14422153,0.47785598,-0.004273489,-0.17380357,0.09609269,-0.058742747,0.24446034,0.4809013,-0.60563046,-0.09067498,0.3000477,0.08674208,-0.37269366,0.105641276,-0.0303589,-0.3721759,-0.15082663,-0.21932897,-0.30387455,-0.1615771,0.0011662096,0.21345732,0.11555827,-0.5624367,0.22383222,-0.142693,-0.4332713,-0.38141885,0.15941153,0.086298205,-0.19027828,-0.34270948,0.33711094,0.09912167,-0.4791998,-0.09775452
usa_92_103,1,usa,0.4467086,-0.15220663,0.31300235,-0.015088104,0.34871376,-0.09196536,-0.10280135,-0.25654146,-0.27142972,0.3402447,0.18173128,0.15680712,0.40866503,0.13318712,-0.19450743,0.024675772,0.37882343,-0.15569463,0.25430757,0.031169917,0.3161047,-0.17198749,-0.26305407,-0.30689487,-0.016722836,0.16947578,0.48666012,0.16335523,0.24220425,0.35585943,0.116635986,0.003175877,0.059138484,-0.0024258047,0.07644596,0.6224206,-0.4436633,-0.2584985,0.3986341,-0.08359593,-0.50792366,0.14343154,0.016169496,-0.33551618,-0.06421828,-0.36901036,-0.19328442,-0.047336005,0.013061613,0.33529264,-0.00798481,-0.4129144,0.114779264,-0.07548034,-0.3170989,-0.22827145,0.026034921,0.26587147,-0.11777636,-0.26499033,0.20205627,-0.07845254,-0.3182544,0.12709984
usa_6_12,0,usa,0.576648,0.01337824,0.32828143,-0.116474934,0.47074765,-0.20936626,-0.24046487,-0.38176376,-0.45020622,0.17260824,0.050485298,0.0708361,0.43581244,0.15151808,0.024739772,0.10431684,0.43787092,-0.23056537,0.27679354,0.040566497,0.19967207,-0.26015773,-0.25865513,-0.4094869,-0.10635562,0.37052038,0.6063045,0.07984934,0.17350882,0.42154583,0.017329007,-0.19754583,0.07647893,-0.06849355,0.27425462,0.49357438,-0.60140157,-0.08813198,0.314153,0.02953495,-0.3967396,0.13334277,0.03799686,-0.2724419,-0.19454843,-0.29420432,-0.28414446,-0.08261632,-0.0331401,0.19605616,0.06591734,-0.48459876,0.1941793,-0.08876749,-0.4474341,-0.34728006,0.0996265,0.13075173,-0.12699166,-0.25629887,0.3422636,0.06692046,-0.5254121,0.008705519
