pair_key,label,country
685_881,0,japan
691_881,0,japan
125_881,0,japan
881_1228,0,japan
97_881,0,japan
599_881,0,japan
682_881,0,japan
685_691,0,japan
125_685,0,japan
685_1228,0,japan
97_685,0,japan
685_718,0,japan
599_685,0,japan
682_685,0,japan
125_691,0,japan
691_1228,0,japan
97_691,0,japan
691_718,0,japan
599_691,0,japan
682_691,0,japan
125_1228,0,japan
97_125,0,japan
125_718,0,japan
125_599,0,japan
125_682,0,japan
97_1228,0,japan
718_1228,0,japan
599_1228,0,japan
682_1228,0,japan
97_718,0,japan
97_599,0,japan
97_682,0,japan
599_718,0,japan
599_682,0,japan
125_304,0,japan
32_125,0,japan
125_1393,0,japan
125_1283,0,japan
125_178,0,japan
125_715,0,japan
304_691,0,japan
32_304,0,japan
304_1393,0,japan
304_1283,0,japan
178_304,0,japan
304_718,0,japan
304_599,0,japan
304_715,0,japan
32_691,0,japan
691_1393,0,japan
691_1283,0,japan
178_691,0,japan
691_715,0,japan
32_1393,0,japan
32_1283,0,japan
32_178,0,japan
32_718,0,japan
32_599,0,japan
32_715,0,japan
1283_1393,0,japan
178_1393,0,japan
718_1393,0,japan
599_1393,0,japan
715_1393,0,japan
178_1283,0,japan
718_1283,0,japan
599_1283,0,japan
715_1283,0,japan
178_599,0,japan
178_715,0,japan
715_718,0,japan
599_715,0,japan
179_1293,0,japan
999_1293,0,japan
591_1293,0,japan
933_1293,0,japan
586_1293,0,japan
1100_1293,0,japan
785_1059,0,japan
591_785,0,japan
785_933,0,japan
179_999,0,japan
179_591,0,japan
179_933,0,japan
179_586,0,japan
179_1100,0,japan
591_999,0,japan
933_999,0,japan
586_999,0,japan
591_933,0,japan
586_591,0,japan
591_1100,0,japan
586_933,0,japan
933_1100,1,japan
586_1100,0,japan
852_1233,0,japan
798_852,0,japan
852_1043,0,japan
852_1413,0,japan
757_852,0,japan
798_1233,0,japan
1043_1233,0,japan
1233_1413,0,japan
625_876,0,japan
876_1043,0,japan
798_1337,0,japan
899_1337,0,japan
625_798,0,japan
625_899,0,japan
625_1043,0,japan
798_1043,0,japan
798_1413,0,japan
757_798,0,japan
899_1043,0,japan
757_899,0,japan
1043_1413,0,japan
614_955,0,japan
1115_1592,0,japan
618_1579,0,japan
614_1579,0,japan
131_1592,0,japan
794_876,0,japan
534_794,0,japan
794_1222,1,japan
794_967,0,japan
160_794,1,japan
484_876,0,japan
484_534,0,japan
484_967,0,japan
1700_1730,0,japan
534_1700,0,japan
534_876,0,japan
876_1222,0,japan
876_967,0,japan
160_876,0,japan
534_1730,0,japan
534_967,0,japan
967_1222,0,japan
160_1222,1,japan
160_967,0,japan
947_1042,0,japan
907_1695,0,japan
181_907,0,japan
181_1695,0,japan
729_1695,0,japan
181_729,0,japan
181_765,0,japan
383_1424,0,japan
47_1424,0,japan
30_1424,0,japan
1424_1686,0,japan
1424_1601,0,japan
1424_1562,0,japan
1424_1425,0,japan
1424_1500,0,japan
1424_1430,0,japan
47_383,0,japan
30_383,0,japan
383_1686,0,japan
383_1601,0,japan
383_1562,0,japan
383_1425,0,japan
383_1500,0,japan
383_1430,0,japan
30_47,0,japan
47_1686,0,japan
47_1601,0,japan
47_1562,0,japan
47_1425,0,japan
47_1500,0,japan
47_1430,0,japan
30_1686,0,japan
30_1601,0,japan
30_1562,0,japan
30_1425,0,japan
30_1500,0,japan
30_1430,0,japan
1601_1686,0,japan
1425_1686,0,japan
1430_1686,0,japan
1562_1601,0,japan
1425_1601,0,japan
1500_1601,0,japan
1430_1601,0,japan
1425_1562,0,japan
1500_1562,0,japan
1430_1562,0,japan
1425_1500,0,japan
1425_1430,0,japan
1430_1500,0,japan
1560_1695,0,japan
414_1695,0,japan
316_1695,0,japan
181_1560,0,japan
729_1560,0,japan
414_1560,0,japan
389_1560,0,japan
162_1560,0,japan
316_1560,0,japan
181_414,0,japan
181_316,0,japan
414_729,0,japan
389_729,0,japan
162_729,0,japan
316_729,1,japan
316_414,0,japan
316_389,0,japan
241_337,1,japan
241_385,1,japan
241_832,1,japan
241_868,1,japan
241_1325,1,japan
241_490,1,japan
241_342,1,japan
241_336,1,japan
87_241,1,japan
337_385,1,japan
337_832,1,japan
337_868,1,japan
337_1325,1,japan
337_490,1,japan
337_342,1,japan
337_436,1,japan
336_337,1,japan
87_337,1,japan
385_832,1,japan
385_868,1,japan
385_1325,1,japan
385_490,1,japan
342_385,1,japan
385_436,1,japan
336_385,1,japan
87_385,1,japan
832_868,1,japan
832_1325,1,japan
490_832,1,japan
342_832,1,japan
436_832,1,japan
87_832,1,japan
868_1325,1,japan
490_868,1,japan
342_868,1,japan
436_868,1,japan
336_868,1,japan
87_868,1,japan
490_1325,1,japan
342_1325,1,japan
436_1325,1,japan
336_1325,1,japan
87_1325,1,japan
342_490,1,japan
436_490,1,japan
336_490,1,japan
87_490,1,japan
342_436,1,japan
336_342,1,japan
87_342,1,japan
336_436,1,japan
87_436,1,japan
87_336,1,japan
685_1283,0,japan
1228_1283,0,japan
304_685,0,japan
685_1393,0,japan
32_685,0,japan
304_1228,0,japan
1228_1393,0,japan
32_1228,0,japan
759_1265,0,japan
1253_1265,0,japan
598_1265,0,japan
303_1265,0,japan
1265_1551,0,japan
1014_1265,0,japan
759_1253,0,japan
303_759,0,japan
759_1551,1,japan
502_759,1,japan
613_759,1,japan
759_1609,1,japan
598_1253,0,japan
303_1253,0,japan
1253_1551,0,japan
502_1253,0,japan
613_1253,0,japan
303_598,0,japan
598_1014,0,japan
598_1609,0,japan
303_1551,0,japan
303_1014,0,japan
303_613,0,japan
303_1609,0,japan
1014_1551,1,japan
502_1551,1,japan
613_1551,1,japan
1551_1609,1,japan
613_1014,1,japan
1014_1609,1,japan
502_613,1,japan
502_1609,1,japan
613_1609,1,japan
49_268,0,japan
49_179,0,japan
49_1660,0,japan
49_1293,0,japan
49_1184,0,japan
49_1540,0,japan
49_986,0,japan
49_611,0,japan
49_681,0,japan
49_1100,0,japan
49_124,0,japan
179_268,0,japan
268_1660,0,japan
268_1293,0,japan
268_1184,0,japan
268_1540,0,japan
268_986,0,japan
268_611,0,japan
268_681,0,japan
268_1100,0,japan
124_268,0,japan
179_1660,0,japan
179_1184,0,japan
179_1540,0,japan
179_986,0,japan
179_611,0,japan
179_681,0,japan
124_179,0,japan
1293_1660,0,japan
1184_1660,0,japan
1540_1660,0,japan
986_1660,0,japan
611_1660,0,japan
681_1660,0,japan
1100_1660,0,japan
124_1660,0,japan
1184_1293,0,japan
1293_1540,0,japan
986_1293,0,japan
611_1293,0,japan
681_1293,0,japan
124_1293,0,japan
1184_1540,0,japan
986_1184,0,japan
611_1184,0,japan
681_1184,0,japan
1100_1184,0,japan
124_1184,0,japan
986_1540,0,japan
611_1540,0,japan
681_1540,0,japan
1100_1540,0,japan
124_1540,0,japan
611_986,0,japan
681_986,0,japan
986_1100,0,japan
124_986,0,japan
611_681,0,japan
611_1100,0,japan
124_611,0,japan
681_1100,0,japan
124_681,0,japan
124_1100,0,japan
927_1559,0,japan
117_251,1,japan
117_170,1,japan
170_1559,0,japan
170_251,1,japan
170_1313,0,japan
170_417,0,japan
170_888,1,japan
417_1313,0,japan
417_888,0,japan
1485_1730,0,japan
507_1730,0,japan
1447_1730,0,japan
1302_1730,0,japan
159_1730,0,japan
507_1485,0,japan
1447_1485,0,japan
1485_1700,0,japan
1302_1485,0,japan
159_1485,0,japan
507_1447,0,japan
507_1700,0,japan
507_1302,0,japan
159_507,0,japan
1447_1700,0,japan
1302_1447,0,japan
159_1447,0,japan
1302_1700,0,japan
159_1700,0,japan
159_1302,0,japan
17_1450,0,japan
80_249,0,japan
80_1593,0,japan
80_1442,0,japan
249_1593,0,japan
249_462,0,japan
249_1442,0,japan
1442_1593,0,japan
690_1232,0,japan
981_1707,0,japan
690_981,0,japan
407_1707,0,japan
407_469,0,japan
407_1067,0,japan
469_1067,0,japan
331_394,0,japan
1358_1727,1,japan
1358_1529,1,japan
257_1321,0,japan
257_1499,1,japan
1529_1727,1,japan
158_1727,1,japan
172_1321,0,japan
267_1499,1,japan
172_267,1,japan
461_729,0,japan
389_461,0,japan
461_1695,0,japan
181_461,0,japan
121_461,0,japan
461_1560,0,japan
154_729,0,japan
121_729,1,japan
121_389,0,japan
431_1560,0,japan
627_689,1,japan
689_1003,0,japan
498_689,0,japan
425_689,1,japan
40_689,1,japan
689_965,1,japan
627_1003,0,japan
498_627,0,japan
425_627,1,japan
627_1132,1,japan
40_627,1,japan
627_965,1,japan
498_1003,0,japan
1003_1132,0,japan
40_1003,0,japan
965_1003,0,japan
498_624,0,japan
498_965,0,japan
425_1132,1,japan
40_425,1,japan
425_965,1,japan
40_1132,1,japan
965_1132,1,japan
624_965,0,japan
40_965,1,japan
1170_1368,0,japan
1170_1699,0,japan
790_1170,0,japan
1157_1170,0,japan
655_1368,0,japan
1030_1368,0,japan
790_1368,0,japan
655_1291,0,japan
655_1167,0,japan
655_1030,0,japan
655_790,0,japan
596_655,0,japan
655_1157,0,japan
1167_1291,0,japan
1291_1699,0,japan
790_1291,0,japan
596_1291,0,japan
1157_1291,0,japan
1167_1699,0,japan
790_1167,0,japan
1157_1167,0,japan
1030_1699,0,japan
790_1030,0,japan
596_1030,0,japan
1030_1157,0,japan
790_1699,0,japan
596_1699,0,japan
1157_1699,0,japan
596_790,0,japan
790_1157,0,japan
561_607,1,japan
368_607,0,japan
514_607,0,japan
607_1190,1,japan
607_1431,1,japan
607_665,0,japan
368_561,0,japan
561_1190,1,japan
561_1431,1,japan
561_665,0,japan
368_514,0,japan
368_1190,0,japan
368_1431,0,japan
368_665,0,japan
822_1392,1,japan
665_822,0,japan
514_1190,0,japan
514_1392,0,japan
514_1431,0,japan
514_665,0,japan
911_1190,1,japan
1190_1431,1,japan
665_1190,0,japan
911_1392,1,japan
911_1431,1,japan
1392_1431,1,japan
665_1431,0,japan
495_1287,0,japan
495_921,0,japan
246_495,0,japan
484_495,0,japan
495_534,0,japan
495_1356,0,japan
495_1414,0,japan
921_1287,0,japan
246_1287,0,japan
1287_1350,0,japan
484_1287,0,japan
43_1287,0,japan
534_1287,0,japan
1287_1356,0,japan
1287_1414,0,japan
246_921,0,japan
921_1350,0,japan
484_921,0,japan
43_921,0,japan
534_921,0,japan
921_1356,0,japan
921_1414,0,japan
246_1350,0,japan
246_484,0,japan
246_534,0,japan
246_1356,0,japan
246_1414,0,japan
43_1350,0,japan
534_1350,0,japan
1350_1356,0,japan
484_1414,0,japan
43_1356,0,japan
534_1356,0,japan
534_1414,0,japan
1356_1414,0,japan
159_1011,0,japan
698_1302,0,japan
1011_1302,0,japan
1011_1447,0,japan
698_1011,0,japan
698_1485,0,japan
698_1275,0,japan
1011_1275,0,japan
589_890,0,japan
589_688,0,japan
589_821,0,japan
589_1202,0,japan
589_1255,0,japan
688_821,0,japan
688_803,0,japan
688_1202,0,japan
821_1513,0,japan
1202_1513,0,japan
821_1202,0,japan
803_1202,0,japan
782_803,1,japan
803_1255,0,japan
782_1255,0,japan
425_759,1,japan
759_1330,1,japan
759_922,0,japan
972_1330,0,japan
922_972,0,japan
35_972,0,japan
502_972,0,japan
517_972,0,japan
922_1330,0,japan
35_1330,1,japan
502_1330,1,japan
517_1330,0,japan
35_922,0,japan
502_922,0,japan
922_1196,0,japan
517_922,0,japan
35_502,1,japan
35_1196,1,japan
35_517,0,japan
502_517,0,japan
993_1611,1,japan
232_993,1,japan
993_1007,1,japan
809_993,1,japan
232_1611,1,japan
1007_1611,1,japan
809_1611,1,japan
232_310,1,japan
310_809,1,japan
232_1007,1,japan
232_615,1,japan
232_809,1,japan
615_1007,1,japan
809_1007,1,japan
376_489,0,japan
489_535,0,japan
489_1225,0,japan
489_780,0,japan
197_489,0,japan
489_789,0,japan
360_489,0,japan
411_489,0,japan
129_489,0,japan
489_738,0,japan
376_535,0,japan
376_1225,0,japan
376_780,0,japan
197_376,1,japan
376_789,0,japan
360_376,1,japan
376_411,1,japan
129_376,0,japan
376_738,1,japan
535_1225,0,japan
535_780,0,japan
197_535,0,japan
535_789,0,japan
360_535,0,japan
411_535,0,japan
129_535,0,japan
535_738,0,japan
780_1225,0,japan
197_1225,0,japan
360_1225,0,japan
411_1225,0,japan
129_1225,0,japan
738_1225,0,japan
197_780,0,japan
780_789,0,japan
360_780,0,japan
411_780,0,japan
129_780,0,japan
738_780,0,japan
197_789,0,japan
197_360,1,japan
197_411,1,japan
129_197,0,japan
197_738,1,japan
360_789,0,japan
411_789,0,japan
129_789,0,japan
738_789,0,japan
129_360,0,japan
360_738,1,japan
129_411,0,japan
411_738,1,japan
129_738,0,japan
71_863,0,japan
71_1484,0,japan
71_85,1,japan
261_415,1,japan
158_261,1,japan
261_1488,1,japan
415_1529,1,japan
1488_1529,1,japan
234_415,1,japan
415_1488,1,japan
158_645,1,japan
249_837,0,japan
249_1117,0,japan
249_1146,0,japan
141_249,0,japan
837_1117,0,japan
1085_1494,0,japan
1117_1146,0,japan
394_1117,0,japan
1089_1146,0,japan
394_1146,0,japan
141_1146,0,japan
982_1387,0,japan
592_1387,0,japan
1279_1387,0,japan
592_982,1,japan
982_1279,0,japan
213_982,0,japan
982_1699,0,japan
213_1291,0,japan
592_1279,0,japan
689_1279,0,japan
689_1428,0,japan
1003_1279,0,japan
1279_1428,0,japan
1279_1699,0,japan
1003_1428,0,japan
213_1699,0,japan
843_1254,0,japan
827_1300,0,japan
1044_1300,0,japan
843_1002,0,japan
1002_1065,0,japan
658_1002,0,japan
658_843,0,japan
827_1044,0,japan
1044_1195,0,japan
658_1065,0,japan
492_779,1,japan
779_849,0,japan
779_809,1,japan
206_779,0,japan
206_993,0,japan
244_993,1,japan
426_492,1,japan
492_809,1,japan
206_492,0,japan
770_849,0,japan
244_849,0,japan
206_1611,0,japan
244_770,1,japan
206_809,0,japan
206_244,0,japan
213_683,0,japan
1387_1609,0,japan
1119_1387,0,japan
667_1387,0,japan
683_1387,0,japan
1279_1609,0,japan
1119_1279,0,japan
667_1279,0,japan
683_1279,0,japan
592_1609,1,japan
592_667,1,japan
592_683,1,japan
1119_1609,0,japan
982_1609,1,japan
667_1609,1,japan
683_1609,1,japan
667_1119,0,japan
667_982,1,japan
683_982,1,japan
667_683,1,japan
244_455,0,japan
244_1160,1,japan
244_696,0,japan
455_1258,0,japan
455_849,0,japan
455_865,0,japan
393_455,0,japan
455_696,0,japan
770_1258,1,japan
849_1258,0,japan
865_1258,0,japan
770_865,0,japan
696_770,0,japan
849_1160,0,japan
849_865,0,japan
696_849,0,japan
393_1160,0,japan
696_1160,0,japan
655_683,0,japan
655_762,0,japan
318_683,0,japan
683_1291,0,japan
683_1167,0,japan
683_1699,0,japan
683_1157,0,japan
683_762,1,japan
213_318,0,japan
318_1167,0,japan
318_1699,0,japan
318_1157,0,japan
318_762,0,japan
762_1291,0,japan
213_1167,0,japan
213_1157,0,japan
213_762,0,japan
762_1167,0,japan
762_1699,0,japan
762_1157,0,japan
1170_1315,0,japan
1253_1315,0,japan
318_1315,0,japan
1045_1315,0,japan
984_1157,0,japan
1045_1157,0,japan
1170_1253,0,japan
1045_1170,0,japan
1045_1253,0,japan
318_984,0,japan
318_1045,0,japan
984_1167,0,japan
984_1132,0,japan
984_1045,0,japan
1045_1132,1,japan
553_1181,0,japan
461_981,0,japan
461_1707,0,japan
675_1248,0,japan
590_806,0,japan
806_1292,0,japan
1217_1555,0,japan
1156_1217,0,japan
619_1217,0,japan
1156_1555,0,japan
1262_1555,0,japan
588_1555,0,japan
619_1555,0,japan
692_1555,0,japan
588_1156,0,japan
619_1156,0,japan
692_1156,0,japan
201_758,0,japan
588_1262,0,japan
619_1262,0,japan
588_864,0,japan
588_619,0,japan
588_692,0,japan
592_1391,1,japan
984_1279,0,japan
984_1391,0,japan
984_1057,0,japan
984_1387,0,japan
667_984,0,japan
984_1014,0,japan
904_984,0,japan
1279_1391,0,japan
1014_1279,0,japan
904_1279,0,japan
1057_1391,1,japan
667_1391,1,japan
1014_1391,1,japan
904_1391,0,japan
667_1057,1,japan
1014_1057,1,japan
1057_1119,0,japan
904_1057,0,japan
667_1014,1,japan
667_904,0,japan
1014_1119,0,japan
904_1014,0,japan
598_1368,0,japan
598_943,0,japan
598_1030,0,japan
596_598,0,japan
598_790,0,japan
598_1045,0,japan
598_914,0,japan
943_1368,0,japan
1253_1368,0,japan
984_1368,0,japan
1045_1368,1,japan
914_1368,0,japan
943_1030,0,japan
596_943,0,japan
943_1253,0,japan
790_943,0,japan
943_1045,0,japan
914_943,0,japan
1030_1253,0,japan
1030_1045,0,japan
914_1030,0,japan
596_914,0,japan
790_1253,0,japan
914_1253,0,japan
790_984,0,japan
790_1045,0,japan
790_914,0,japan
914_1045,0,japan
63_76,1,japan
54_1177,0,japan
54_963,0,japan
54_1055,0,japan
963_1055,0,japan
1055_1667,0,japan
561_1026,0,japan
1026_1080,0,japan
1026_1190,0,japan
368_1026,0,japan
514_1647,0,japan
857_1647,1,japan
1431_1647,1,japan
1080_1647,1,japan
322_1647,0,japan
561_857,1,japan
561_1080,1,japan
514_857,0,japan
514_1080,0,japan
322_514,0,japan
857_1080,1,japan
857_1190,1,japan
1080_1431,1,japan
1080_1190,1,japan
368_1080,0,japan
322_1080,0,japan
731_867,0,japan
454_867,0,japan
867_1103,0,japan
709_867,0,japan
867_1413,0,japan
812_867,0,japan
798_867,0,japan
1_867,0,japan
731_1237,0,japan
1103_1237,0,japan
709_1237,0,japan
1237_1413,0,japan
812_1237,0,japan
798_1237,0,japan
1_1237,0,japan
454_731,0,japan
731_1103,0,japan
709_731,0,japan
731_1413,0,japan
731_812,0,japan
731_798,0,japan
1_731,0,japan
454_1103,0,japan
454_709,0,japan
454_1413,0,japan
454_812,0,japan
454_798,0,japan
1_454,0,japan
709_1103,0,japan
1103_1413,0,japan
812_1103,0,japan
798_1103,0,japan
1_1103,0,japan
709_1413,0,japan
709_812,0,japan
709_798,0,japan
1_709,0,japan
812_1413,0,japan
1_1413,0,japan
798_812,0,japan
1_812,0,japan
1_798,0,japan
1051_1596,0,japan
499_1596,0,japan
540_817,0,japan
1265_1291,0,japan
790_1265,0,japan
683_1265,0,japan
655_1265,0,japan
1265_1464,0,japan
1164_1265,0,japan
790_1003,0,japan
790_1164,0,japan
683_1003,0,japan
655_1003,0,japan
1003_1464,0,japan
683_1464,0,japan
683_1164,0,japan
598_683,0,japan
598_655,0,japan
1164_1464,0,japan
598_1164,0,japan
675_1232,0,japan
675_758,0,japan
675_1168,0,japan
675_1042,0,japan
201_675,0,japan
758_1232,0,japan
1232_1248,0,japan
1168_1232,0,japan
1042_1232,0,japan
201_1232,0,japan
459_1248,0,japan
459_1168,0,japan
388_459,0,japan
758_1248,0,japan
758_1168,0,japan
758_1042,0,japan
1168_1248,0,japan
1042_1248,0,japan
201_1248,0,japan
388_1168,0,japan
201_1168,0,japan
388_1042,0,japan
201_1042,0,japan
1164_1368,0,japan
762_1368,1,japan
498_1368,0,japan
1164_1253,0,japan
943_1164,0,japan
762_1164,0,japan
624_1253,0,japan
498_1253,0,japan
498_943,0,japan
627_762,1,japan
598_627,0,japan
598_762,0,japan
624_762,0,japan
498_598,0,japan
655_1330,0,japan
655_914,0,japan
655_1315,0,japan
655_1045,0,japan
1030_1315,0,japan
318_914,0,japan
790_1315,0,japan
914_1315,0,japan
1334_1494,0,japan
1183_1494,0,japan
711_1334,1,japan
37_711,1,japan
711_1380,1,japan
37_1334,1,japan
1183_1334,0,japan
29_365,0,japan
330_1183,0,japan
9_29,0,japan
29_1183,0,japan
853_990,0,japan
661_990,0,japan
945_990,0,japan
661_945,0,japan
577_1381,0,japan
1144_1381,0,japan
964_1381,0,japan
1073_1381,0,japan
479_577,1,japan
479_1144,1,japan
479_1073,0,japan
577_1144,1,japan
577_964,1,japan
577_1073,0,japan
1073_1144,0,japan
964_1073,0,japan
237_537,1,japan
496_1485,0,japan
496_1302,0,japan
496_1275,0,japan
904_1164,0,japan
303_904,0,japan
904_943,0,japan
904_1253,0,japan
904_1315,0,japan
1014_1164,0,japan
303_1164,0,japan
1164_1315,0,japan
613_1057,1,japan
1014_1315,0,japan
943_1057,0,japan
1057_1253,0,japan
1057_1315,0,japan
303_1391,0,japan
303_1315,0,japan
943_1391,0,japan
943_1315,0,japan
1315_1391,0,japan
537_1028,0,japan
206_1028,0,japan
809_1258,1,japan
537_1258,1,japan
1213_1611,1,japan
835_1213,0,japan
1213_1572,1,japan
206_537,0,japan
537_1572,1,japan
835_1572,0,japan
1210_1310,0,japan
1079_1310,0,japan
1272_1310,0,japan
746_1310,0,japan
830_1310,0,japan
949_1310,0,japan
750_1310,0,japan
1079_1210,0,japan
746_1210,0,japan
103_1210,0,japan
830_1210,0,japan
83_1210,0,japan
949_1210,0,japan
750_1210,0,japan
1079_1272,0,japan
746_1079,0,japan
103_1079,0,japan
830_1079,0,japan
949_1079,0,japan
750_1079,0,japan
746_1272,0,japan
830_1272,0,japan
949_1272,0,japan
103_746,0,japan
746_830,0,japan
746_949,0,japan
746_750,0,japan
103_830,0,japan
83_103,0,japan
103_949,0,japan
103_750,0,japan
83_830,0,japan
830_949,0,japan
750_830,0,japan
83_949,0,japan
83_750,0,japan
750_949,0,japan
225_1272,0,japan
742_1272,0,japan
225_308,1,japan
308_1626,1,japan
308_742,1,japan
308_1416,1,japan
225_1626,1,japan
225_742,1,japan
225_949,0,japan
225_1416,1,japan
225_1079,0,japan
225_830,0,japan
225_1310,0,japan
742_1626,1,japan
949_1626,0,japan
1416_1626,1,japan
830_1626,0,japan
742_949,0,japan
742_1416,1,japan
742_1079,0,japan
742_830,0,japan
742_1310,0,japan
949_1416,0,japan
830_1416,0,japan
663_1236,0,japan
663_741,0,japan
663_1192,0,japan
580_663,0,japan
663_1523,0,japan
663_695,0,japan
450_663,0,japan
663_1106,0,japan
741_1236,0,japan
1192_1236,0,japan
1236_1523,0,japan
450_1236,0,japan
1106_1236,0,japan
741_1192,0,japan
741_1523,0,japan
450_741,0,japan
741_1106,0,japan
1192_1523,0,japan
450_1192,0,japan
1106_1192,0,japan
580_695,0,japan
450_1523,0,japan
1106_1523,0,japan
450_1106,0,japan
999_1471,0,japan
533_1471,0,japan
933_1471,0,japan
323_1471,0,japan
591_1471,0,japan
586_1471,0,japan
421_1471,0,japan
1151_1471,0,japan
533_999,0,japan
323_999,0,japan
421_999,0,japan
999_1151,0,japan
533_933,0,japan
323_533,0,japan
533_591,0,japan
533_586,0,japan
421_533,0,japan
533_1151,0,japan
323_933,0,japan
421_933,0,japan
933_1151,0,japan
323_591,0,japan
323_586,0,japan
323_421,0,japan
323_1151,0,japan
421_591,0,japan
591_1151,0,japan
421_586,0,japan
586_1151,0,japan
421_1151,0,japan
120_1690,0,japan
120_1288,0,japan
120_258,0,japan
624_972,0,japan
922_1167,0,japan
1057_1167,0,japan
762_922,0,japan
922_1057,0,japan
624_922,0,japan
35_762,1,japan
35_1057,1,japan
502_762,1,japan
502_1057,1,japan
502_624,0,japan
762_1057,1,japan
762_1330,1,japan
1057_1157,0,japan
697_785,0,japan
695_697,0,japan
697_771,0,japan
697_1283,0,japan
580_697,0,japan
697_1059,0,japan
697_1061,0,japan
695_785,0,japan
771_785,0,japan
785_1283,0,japan
580_785,0,japan
785_1061,0,japan
695_771,0,japan
695_1283,0,japan
695_1059,0,japan
695_1061,0,japan
771_1283,0,japan
580_771,0,japan
771_1059,0,japan
771_1061,0,japan
580_1283,0,japan
1059_1283,0,japan
1061_1283,0,japan
580_1059,0,japan
580_1061,0,japan
1059_1061,0,japan
921_1054,0,japan
913_921,0,japan
484_913,0,japan
1100_1287,0,japan
852_1287,0,japan
1054_1287,0,japan
913_1287,0,japan
534_852,0,japan
534_1054,0,japan
534_913,0,japan
852_1100,0,japan
246_1100,0,japan
1100_1414,0,japan
1054_1100,0,japan
246_852,0,japan
852_1414,0,japan
852_1054,0,japan
246_913,0,japan
913_1414,0,japan
147_711,1,japan
711_954,1,japan
651_1085,1,japan
147_954,1,japan
416_954,1,japan
682_1283,0,japan
682_1393,0,japan
304_682,0,japan
178_682,0,japan
682_715,0,japan
32_682,0,japan
881_1283,0,japan
97_1283,0,japan
881_1393,0,japan
304_881,0,japan
178_881,0,japan
715_881,0,japan
32_881,0,japan
97_1393,0,japan
97_304,0,japan
97_178,0,japan
97_715,0,japan
32_97,0,japan
178_685,0,japan
685_715,0,japan
1504_1517,0,japan
1504_1588,0,japan
935_1504,0,japan
1504_1722,0,japan
1504_1655,0,japan
960_1504,0,japan
1504_1644,0,japan
1517_1588,0,japan
935_1517,0,japan
1517_1722,0,japan
1517_1655,0,japan
960_1517,0,japan
1517_1644,0,japan
935_1588,0,japan
1588_1722,0,japan
1588_1655,0,japan
960_1588,0,japan
1588_1644,0,japan
935_1722,0,japan
935_960,0,japan
935_1644,0,japan
1655_1722,0,japan
960_1722,0,japan
1644_1722,0,japan
960_1655,0,japan
1644_1655,0,japan
960_1644,0,japan
43_1100,0,japan
43_1054,0,japan
43_1233,0,japan
43_1333,0,japan
43_1332,0,japan
1100_1350,0,japan
1100_1233,0,japan
1100_1356,0,japan
1100_1333,0,japan
1100_1332,0,japan
1054_1350,0,japan
1054_1233,0,japan
1054_1356,0,japan
1054_1333,0,japan
1054_1332,0,japan
1233_1350,0,japan
1333_1350,0,japan
1332_1350,0,japan
1233_1356,0,japan
1233_1333,0,japan
1233_1332,0,japan
1333_1356,0,japan
1332_1356,0,japan
1332_1333,0,japan
780_1280,0,japan
1_780,0,japan
16_780,0,japan
129_1280,0,japan
1_129,0,japan
16_129,0,japan
789_1280,0,japan
798_1280,0,japan
2_798,0,japan
2_1103,0,japan
1237_1280,0,japan
16_1280,0,japan
2_1237,0,japan
1_16,0,japan
411_1243,0,japan
411_1320,0,japan
411_669,0,japan
489_1243,0,japan
489_1320,0,japan
489_867,0,japan
489_669,0,japan
489_812,0,japan
489_731,0,japan
1243_1320,0,japan
867_1243,0,japan
669_1243,0,japan
812_1243,0,japan
731_1243,0,japan
1225_1243,0,japan
867_1320,0,japan
669_1320,0,japan
1225_1320,0,japan
669_867,0,japan
867_1225,0,japan
669_812,0,japan
669_1225,0,japan
812_1225,0,japan
731_1225,0,japan
197_1340,0,japan
197_334,0,japan
197_463,0,japan
197_709,0,japan
535_1340,0,japan
334_535,0,japan
463_535,0,japan
535_709,0,japan
738_1340,0,japan
334_1340,0,japan
463_1340,0,japan
709_1340,0,japan
449_1041,0,japan
449_1250,0,japan
449_709,0,japan
1041_1250,0,japan
709_1041,0,japan
334_738,0,japan
463_738,0,japan
709_738,0,japan
709_1250,0,japan
334_463,0,japan
334_709,0,japan
463_709,0,japan
917_1396,1,japan
917_1118,0,japan
376_917,1,japan
91_917,0,japan
917_991,0,japan
756_917,0,japan
454_1396,0,japan
1118_1396,0,japan
376_1396,1,japan
756_1396,0,japan
376_454,0,japan
219_454,0,japan
454_991,0,japan
454_756,0,japan
376_1118,0,japan
91_1118,0,japan
756_1118,0,japan
91_376,0,japan
376_756,0,japan
219_991,0,japan
91_991,0,japan
91_756,0,japan
756_991,0,japan
486_1347,0,japan
394_947,0,japan
394_1555,0,japan
394_1262,0,japan
331_947,0,japan
947_1262,0,japan
331_1555,0,japan
331_1262,0,japan
590_1065,0,japan
590_1202,0,japan
782_930,1,japan
658_930,0,japan
658_782,0,japan
1065_1202,0,japan
814_1549,1,japan
1221_1549,1,japan
814_1221,1,japan
814_1284,1,japan
814_857,1,japan
437_1137,1,japan
694_1221,1,japan
1080_1221,1,japan
466_1221,1,japan
857_1221,1,japan
466_694,1,japan
1080_1284,1,japan
857_1284,1,japan
781_1301,0,japan
43_1301,0,japan
197_574,1,japan
197_1470,1,japan
574_1470,1,japan
535_574,0,japan
387_1470,1,japan
535_1470,0,japan
738_1470,1,japan
376_1470,1,japan
781_1206,0,japan
164_1508,1,japan
102_164,1,japan
164_168,1,japan
164_301,1,japan
127_164,1,japan
164_1495,1,japan
164_272,1,japan
164_340,1,japan
164_362,1,japan
164_356,1,japan
164_386,1,japan
164_436,1,japan
102_1508,1,japan
168_1508,1,japan
301_1508,1,japan
222_1508,1,japan
1495_1508,1,japan
272_1508,1,japan
340_1508,1,japan
362_1508,1,japan
356_1508,1,japan
436_1508,1,japan
102_168,1,japan
102_301,1,japan
102_127,1,japan
102_1495,1,japan
102_272,1,japan
102_340,1,japan
102_362,1,japan
102_356,1,japan
102_436,1,japan
168_301,1,japan
127_168,1,japan
168_1495,1,japan
168_272,1,japan
168_340,1,japan
168_356,1,japan
168_386,1,japan
168_436,1,japan
127_301,1,japan
301_1495,1,japan
272_301,1,japan
301_340,1,japan
301_362,1,japan
301_356,1,japan
301_386,1,japan
301_436,1,japan
222_1495,1,japan
222_340,1,japan
222_362,1,japan
222_386,1,japan
222_436,1,japan
272_1495,1,japan
340_1495,1,japan
356_1495,1,japan
386_1495,1,japan
436_1495,1,japan
272_340,1,japan
272_356,1,japan
272_386,1,japan
272_436,1,japan
340_362,1,japan
340_356,1,japan
340_436,1,japan
356_362,1,japan
362_386,1,japan
362_436,1,japan
356_436,1,japan
291_1673,1,japan
343_1673,1,japan
802_1673,1,japan
402_1673,1,japan
1599_1673,1,japan
223_1673,1,japan
1673_1718,1,japan
255_1673,1,japan
148_1673,1,japan
177_1673,1,japan
136_1673,1,japan
291_343,1,japan
291_802,1,japan
291_419,1,japan
291_1599,1,japan
223_291,1,japan
255_291,1,japan
148_291,1,japan
177_291,1,japan
343_802,1,japan
343_1599,1,japan
343_1718,1,japan
255_343,1,japan
177_343,1,japan
402_802,1,japan
802_1599,1,japan
802_1718,1,japan
255_802,1,japan
148_802,1,japan
177_802,1,japan
136_802,1,japan
255_419,1,japan
136_419,1,japan
402_1599,1,japan
223_402,1,japan
148_402,1,japan
177_402,1,japan
136_402,1,japan
223_1599,1,japan
1599_1718,1,japan
255_1599,1,japan
148_1599,1,japan
177_1599,1,japan
136_1599,1,japan
223_1718,1,japan
148_223,1,japan
177_223,1,japan
136_223,1,japan
255_1718,1,japan
148_1718,1,japan
177_1718,1,japan
136_1718,1,japan
148_255,1,japan
148_177,1,japan
136_148,1,japan
136_177,1,japan
803_1534,0,japan
803_1555,0,japan
553_749,0,japan
553_1555,0,japan
94_1245,1,japan
94_701,1,japan
1245_1720,1,japan
84_701,1,japan
310_701,1,japan
259_701,1,japan
1323_1539,1,japan
847_1323,1,japan
259_1323,1,japan
84_259,1,japan
232_824,1,japan
824_1068,1,japan
824_1657,0,japan
824_1354,0,japan
824_1437,0,japan
58_824,1,japan
232_1068,1,japan
232_1657,0,japan
232_1354,0,japan
232_1437,0,japan
58_232,1,japan
1068_1657,0,japan
1068_1354,0,japan
1068_1437,0,japan
58_1068,1,japan
1354_1657,0,japan
1437_1657,0,japan
58_1657,0,japan
1354_1437,0,japan
58_1354,0,japan
451_1627,1,japan
715_1228,0,japan
178_1228,0,japan
295_619,0,japan
588_1513,0,japan
692_1513,0,japan
759_914,0,japan
914_965,0,japan
683_914,0,japan
759_965,1,japan
683_759,1,japan
759_1132,1,japan
759_1045,1,japan
40_759,1,japan
965_1045,1,japan
613_965,1,japan
683_1132,1,japan
683_1045,1,japan
40_683,1,japan
683_1253,0,japan
613_1045,1,japan
40_613,1,japan
318_613,0,japan
251_252,1,japan
252_266,1,japan
252_446,1,japan
251_832,1,japan
832_1515,1,japan
266_832,1,japan
11_832,1,japan
343_832,1,japan
832_1520,1,japan
168_183,1,japan
11_183,1,japan
183_1673,1,japan
183_343,1,japan
183_1520,1,japan
251_1515,1,japan
251_266,1,japan
11_251,1,japan
251_1520,1,japan
266_1515,1,japan
1515_1715,1,japan
168_1515,1,japan
11_1515,1,japan
343_1515,1,japan
1515_1520,1,japan
168_266,1,japan
266_1673,1,japan
266_343,1,japan
266_1520,1,japan
11_446,1,japan
168_1673,1,japan
168_343,1,japan
168_1520,1,japan
11_1673,1,japan
1520_1673,1,japan
837_1189,1,japan
275_1117,0,japan
275_837,0,japan
249_275,0,japan
1015_1623,0,japan
267_1015,0,japan
894_1015,0,japan
189_754,0,japan
189_776,0,japan
189_603,0,japan
189_1120,0,japan
189_976,0,japan
754_776,0,japan
754_1120,0,japan
754_976,0,japan
776_1120,0,japan
776_976,1,japan
603_1120,0,japan
390_976,1,japan
976_1120,0,japan
273_678,0,japan
273_398,0,japan
305_1433,0,japan
361_398,0,japan
1151_1523,0,japan
933_1523,0,japan
586_1523,0,japan
591_1523,0,japan
268_1151,0,japan
49_1151,0,japan
1151_1540,0,japan
268_933,0,japan
268_586,0,japan
268_591,0,japan
268_999,0,japan
49_933,0,japan
49_586,0,japan
49_591,0,japan
49_999,0,japan
933_1540,0,japan
586_1540,0,japan
591_1540,0,japan
999_1540,0,japan
358_473,0,japan
1215_1649,0,japan
80_1649,0,japan
358_1215,0,japan
80_358,0,japan
358_778,0,japan
80_1215,0,japan
778_1215,0,japan
80_778,0,japan
68_1047,1,japan
1026_1047,0,japan
68_455,0,japan
393_1026,0,japan
68_1026,0,japan
841_1213,1,japan
601_1213,1,japan
1213_1462,1,japan
492_841,1,japan
492_835,0,japan
55_492,1,japan
492_601,1,japan
96_492,1,japan
492_1462,1,japan
601_1572,1,japan
1462_1572,1,japan
835_841,0,japan
601_841,1,japan
841_1462,1,japan
601_835,0,japan
835_1462,0,japan
55_96,1,japan
55_1462,1,japan
96_601,1,japan
601_1462,1,japan
96_1462,1,japan
143_296,0,japan
296_1592,0,japan
131_744,0,japan
39_744,0,japan
143_744,0,japan
39_131,0,japan
131_143,0,japan
143_1592,0,japan
1014_1428,0,japan
1315_1609,0,japan
1265_1315,0,japan
1315_1551,0,japan
1315_1428,0,japan
1119_1315,0,japan
1428_1609,0,japan
1265_1428,0,japan
1119_1265,0,japan
1164_1551,0,japan
303_1428,0,japan
1428_1551,0,japan
1119_1551,0,japan
1119_1428,0,japan
191_502,0,japan
191_1464,0,japan
191_667,0,japan
790_1391,0,japan
498_1391,0,japan
502_943,0,japan
667_943,0,japan
667_790,0,japan
502_1464,0,japan
498_502,0,japan
498_667,0,japan
498_984,0,japan
457_934,0,japan
934_967,0,japan
934_1470,0,japan
699_934,0,japan
934_1324,0,japan
934_1222,0,japan
160_934,0,japan
876_934,0,japan
813_934,0,japan
794_934,0,japan
457_967,0,japan
457_1470,0,japan
457_699,0,japan
457_1324,0,japan
160_457,0,japan
457_876,0,japan
457_813,0,japan
457_794,0,japan
967_1470,0,japan
699_967,0,japan
967_1324,0,japan
813_967,0,japan
699_1470,1,japan
1324_1470,0,japan
1222_1470,1,japan
160_1470,1,japan
876_1470,0,japan
813_1470,0,japan
794_1470,1,japan
699_1324,0,japan
699_1222,1,japan
160_699,1,japan
699_876,0,japan
699_813,0,japan
699_794,1,japan
1222_1324,0,japan
160_1324,0,japan
876_1324,0,japan
813_1324,0,japan
794_1324,0,japan
160_813,0,japan
813_876,0,japan
794_813,0,japan
803_1292,1,japan
843_1292,0,japan
1255_1292,0,japan
1242_1451,0,japan
1171_1242,0,japan
1242_1519,0,japan
803_843,0,japan
1171_1451,0,japan
1451_1519,0,japan
1171_1519,0,japan
843_1255,0,japan
759_1167,0,japan
759_984,0,japan
627_759,1,japan
683_984,0,japan
627_683,1,japan
762_984,0,japan
627_1279,0,japan
627_984,0,japan
318_627,0,japan
627_1330,1,japan
1045_1609,1,japan
517_624,0,japan
613_624,0,japan
517_1621,0,japan
517_965,0,japan
613_1621,0,japan
502_1621,0,japan
965_1609,1,japan
965_972,0,japan
1253_1291,0,japan
1057_1291,0,japan
514_1253,0,japan
914_1699,0,japan
914_1157,0,japan
1253_1699,0,japan
1057_1699,0,japan
746_991,0,japan
709_991,0,japan
867_991,0,japan
991_1079,0,japan
991_1250,0,japan
657_882,0,japan
882_1179,0,japan
882_895,0,japan
246_882,0,japan
1185_1403,0,japan
657_1185,0,japan
1179_1185,0,japan
1185_1703,0,japan
895_1185,0,japan
495_1185,0,japan
913_1185,0,japan
657_1403,0,japan
1179_1403,0,japan
1403_1703,0,japan
895_1403,0,japan
657_1179,0,japan
657_1703,0,japan
657_895,0,japan
246_657,0,japan
1179_1703,0,japan
895_1179,0,japan
246_1179,0,japan
895_1703,0,japan
246_895,0,japan
495_913,0,japan
1159_1708,0,japan
1043_1159,0,japan
476_1159,0,japan
625_1159,0,japan
1159_1413,0,japan
812_1708,0,japan
449_812,0,japan
1043_1708,0,japan
476_1708,0,japan
625_1708,0,japan
1413_1708,0,japan
476_1043,0,japan
1_449,0,japan
449_1103,0,japan
449_1413,0,japan
1_625,0,japan
476_625,0,japan
1233_1287,0,japan
921_1233,0,japan
913_1356,0,japan
43_913,0,japan
1233_1414,0,japan
246_1233,0,japan
913_1233,0,japan
828_1043,0,japan
941_1043,0,japan
828_1708,0,japan
941_1708,0,japan
828_899,0,japan
686_828,0,japan
346_828,0,japan
828_941,0,japan
772_828,0,japan
828_872,0,japan
828_1241,0,japan
828_1337,0,japan
686_899,0,japan
346_899,0,japan
899_941,0,japan
772_899,0,japan
872_899,0,japan
899_1241,0,japan
346_686,0,japan
686_941,0,japan
686_772,0,japan
686_872,0,japan
686_1241,0,japan
686_1337,0,japan
346_941,0,japan
346_772,0,japan
346_872,0,japan
346_1241,0,japan
346_1337,0,japan
772_941,0,japan
872_941,0,japan
941_1241,0,japan
941_1337,0,japan
872_1241,0,japan
872_1337,0,japan
1241_1337,0,japan
2_1159,0,japan
1136_1159,0,japan
757_1159,0,japan
1159_1237,0,japan
989_1159,0,japan
1041_1159,0,japan
798_1159,0,japan
2_625,0,japan
2_1041,0,japan
757_1136,0,japan
1136_1237,0,japan
989_1136,0,japan
886_1136,0,japan
798_1136,0,japan
757_1237,0,japan
757_989,0,japan
757_1041,0,japan
757_886,0,japan
1041_1237,0,japan
886_989,0,japan
798_989,0,japan
798_1041,0,japan
206_237,0,japan
237_974,1,japan
206_1160,0,japan
595_826,1,japan
94_595,1,japan
94_826,1,japan
1368_1609,1,japan
982_1368,1,japan
1279_1368,0,japan
914_1609,0,japan
1391_1609,1,japan
598_982,0,japan
914_982,0,japan
982_1391,1,japan
598_1279,0,japan
914_1391,0,japan
914_1279,0,japan
965_1551,1,japan
965_1699,0,japan
762_1551,1,japan
517_1551,0,japan
1057_1551,1,japan
984_1699,0,japan
922_984,0,japan
922_1699,0,japan
368_1253,0,japan
1253_1431,0,japan
368_1170,0,japan
514_1170,0,japan
607_1170,0,japan
759_1464,0,japan
800_1721,1,japan
800_1357,0,japan
372_800,1,japan
800_1143,1,japan
372_1721,1,japan
433_1676,1,japan
244_433,1,japan
433_1352,1,japan
433_626,1,japan
244_1676,1,japan
1352_1676,1,japan
626_1676,1,japan
626_1352,1,japan
626_1137,1,japan
809_922,0,japan
35_809,1,japan
922_1003,0,japan
613_922,0,japan
922_1007,0,japan
498_613,0,japan
613_1003,0,japan
35_1003,0,japan
1003_1007,0,japan
613_933,1,japan
627_1391,1,japan
965_1391,1,japan
35_1391,1,japan
35_627,1,japan
35_1132,1,japan
35_965,1,japan
904_1157,0,japan
790_904,0,japan
1012_1539,1,japan
173_872,0,japan
173_441,0,japan
173_380,0,japan
441_1078,1,japan
615_1068,1,japan
615_1437,0,japan
380_441,1,japan
690_1235,0,japan
1235_1477,0,japan
966_1235,0,japan
690_1477,0,japan
690_966,0,japan
690_1099,0,japan
966_1477,0,japan
1099_1477,0,japan
316_1477,0,japan
966_1099,0,japan
95_414,0,japan
95_316,0,japan
154_414,0,japan
154_316,0,japan
416_1613,1,japan
1577_1613,1,japan
1102_1613,1,japan
954_1613,1,japan
1038_1577,1,japan
1038_1102,1,japan
416_1577,1,japan
1102_1577,1,japan
954_1577,1,japan
303_627,0,japan
303_1279,0,japan
303_984,0,japan
303_1003,0,japan
984_1003,0,japan
173_527,0,japan
173_1028,0,japan
527_872,0,japan
527_1028,0,japan
492_527,1,japan
537_1462,1,japan
492_537,1,japan
537_601,1,japan
790_1057,0,japan
1265_1699,0,japan
1057_1265,0,japan
943_1699,0,japan
1181_1217,0,japan
945_963,0,japan
486_963,0,japan
765_945,0,japan
486_945,0,japan
765_1067,0,japan
486_579,0,japan
486_765,0,japan
37_1550,1,japan
1134_1577,1,japan
1038_1183,0,japan
667_1428,0,japan
1170_1265,0,japan
667_1551,1,japan
303_667,0,japan
1164_1170,0,japan
524_959,0,japan
524_1365,0,japan
648_650,0,japan
648_1034,0,japan
650_1034,0,japan
1215_1442,0,japan
837_1442,0,japan
155_1442,0,japan
837_1215,0,japan
155_1215,0,japan
155_837,0,japan
80_837,0,japan
80_155,0,japan
170_1009,0,japan
170_1619,1,japan
170_815,1,japan
933_1009,0,japan
815_1009,0,japan
1550_1619,1,japan
1349_1559,0,japan
505_1559,0,japan
631_1559,0,japan
500_927,0,japan
587_927,0,japan
500_1349,0,japan
500_587,0,japan
1016_1306,0,japan
631_1016,0,japan
505_1349,0,japan
631_1349,0,japan
587_1349,0,japan
743_1450,0,japan
743_1454,0,japan
646_743,0,japan
1548_1684,0,japan
20_1131,0,japan
105_290,0,japan
254_371,1,japan
254_1602,1,japan
254_701,1,japan
371_1602,1,japan
371_701,1,japan
371_626,1,japan
1602_1656,1,japan
701_1656,1,japan
626_1656,1,japan
701_1602,1,japan
626_1602,1,japan
626_701,1,japan
426_626,1,japan
426_1205,1,japan
626_1205,1,japan
498_1428,0,japan
683_943,0,japan
683_1428,0,japan
613_1428,0,japan
502_1428,0,japan
549_1621,0,japan
613_1167,0,japan
1003_1167,0,japan
1330_1464,0,japan
689_1330,1,japan
205_955,0,japan
40_1464,0,japan
689_1464,0,japan
696_1465,0,japan
1190_1465,1,japan
1455_1465,1,japan
665_696,0,japan
1190_1258,1,japan
1258_1431,1,japan
914_1164,0,japan
213_1164,0,japan
762_1014,1,japan
762_1315,0,japan
213_1315,0,japan
914_1167,0,japan
809_1656,1,japan
1026_1265,0,japan
1265_1465,0,japan
1080_1465,1,japan
1464_1551,0,japan
1291_1551,0,japan
147_1619,1,japan
147_1613,1,japan
147_1334,1,japan
1613_1619,1,japan
1334_1619,1,japan
1334_1613,1,japan
1239_1334,1,japan
1244_1319,0,japan
1035_1244,0,japan
245_1244,0,japan
1203_1244,0,japan
1001_1244,0,japan
1035_1319,0,japan
245_1319,0,japan
1203_1319,0,japan
1001_1319,0,japan
245_1035,0,japan
1035_1203,0,japan
1001_1035,0,japan
245_1146,0,japan
245_1203,0,japan
245_1001,0,japan
149_188,0,japan
1146_1203,0,japan
1001_1146,0,japan
1001_1203,0,japan
121_990,0,japan
121_942,1,japan
942_990,0,japan
461_990,0,japan
54_942,0,japan
557_1333,0,japan
557_1356,0,japan
557_1063,0,japan
557_1350,0,japan
542_557,0,japan
43_557,0,japan
1063_1233,0,japan
542_1233,0,japan
936_1333,0,japan
1063_1333,0,japan
542_1333,0,japan
936_1356,0,japan
1063_1356,0,japan
542_1356,0,japan
936_1332,0,japan
936_1063,0,japan
936_1350,0,japan
542_936,0,japan
43_936,0,japan
1063_1332,0,japan
542_1332,0,japan
1063_1350,0,japan
542_1063,0,japan
43_1063,0,japan
542_1350,0,japan
43_542,0,japan
499_1397,0,japan
763_953,0,japan
26_860,0,japan
769_1336,0,japan
769_918,0,japan
769_1308,0,japan
769_1204,0,japan
918_1336,0,japan
1308_1336,0,japan
1204_1336,0,japan
1100_1336,0,japan
918_1308,0,japan
918_1204,0,japan
1204_1308,0,japan
895_1204,0,japan
1179_1204,0,japan
1100_1204,0,japan
557_1100,0,japan
899_1409,0,japan
899_1487,0,japan
1409_1487,0,japan
1014_1409,0,japan
662_1409,0,japan
1014_1487,0,japan
662_1487,0,japan
662_1014,0,japan
991_1237,0,japan
360_1280,0,japan
535_1280,0,japan
1243_1280,0,japan
454_1280,0,japan
867_1280,0,japan
360_1243,0,japan
360_454,0,japan
360_867,0,japan
129_1243,0,japan
129_454,0,japan
129_867,0,japan
535_1243,0,japan
454_535,0,japan
535_867,0,japan
991_1243,0,japan
454_1243,0,japan
991_1103,0,japan
1054_1063,0,japan
1063_1179,0,japan
852_1179,0,japan
895_1063,0,japan
852_895,0,japan
1063_1204,0,japan
852_1063,0,japan
852_1204,0,japan
632_1350,0,japan
913_1350,0,japan
668_1350,0,japan
921_1332,0,japan
632_1332,0,japan
913_1332,0,japan
1287_1332,0,japan
668_1332,0,japan
632_1233,0,japan
43_632,0,japan
43_668,0,japan
632_1356,0,japan
668_1356,0,japan
632_668,0,japan
668_913,0,japan
668_1287,0,japan
326_542,0,japan
542_1100,0,japan
542_1336,0,japan
495_542,0,japan
542_1309,0,japan
542_918,0,japan
326_1100,0,japan
246_326,0,japan
326_1309,0,japan
1100_1309,0,japan
495_936,0,japan
495_1309,0,japan
936_1309,0,japan
936_1414,0,japan
1309_1414,0,japan
209_1681,0,japan
209_819,0,japan
209_1125,0,japan
819_1681,0,japan
1125_1681,0,japan
819_1125,0,japan
1038_1646,0,japan
233_1646,0,japan
1015_1358,0,japan
233_1358,1,japan
233_1038,1,japan
945_1135,0,japan
1347_1667,0,japan
469_1667,0,japan
589_1065,0,japan
589_590,0,japan
589_1002,0,japan
821_1065,0,japan
1065_1513,0,japan
588_1065,0,japan
692_1065,0,japan
588_821,0,japan
588_1202,0,japan
692_1202,0,japan
1002_1202,0,japan
534_813,0,japan
876_913,0,japan
876_1414,0,japan
967_1287,0,japan
913_967,0,japan
495_967,0,japan
967_1414,0,japan
813_1287,0,japan
495_813,0,japan
813_1414,0,japan
346_989,0,japan
828_989,0,japan
319_713,0,japan
713_787,0,japan
713_1296,0,japan
713_1186,0,japan
713_929,0,japan
319_787,0,japan
319_1296,0,japan
319_1186,0,japan
319_929,0,japan
346_757,0,japan
346_886,0,japan
757_828,0,japan
828_886,0,japan
787_1296,0,japan
787_1186,0,japan
787_929,0,japan
1186_1296,0,japan
929_1296,0,japan
929_1186,0,japan
930_1292,1,japan
1002_1292,0,japan
782_1292,1,japan
1254_1292,0,japan
930_1002,0,japan
843_930,0,japan
1002_1255,0,japan
1254_1255,0,japan
658_1255,0,japan
782_843,0,japan
517_1315,0,japan
303_965,0,japan
627_1551,1,japan
865_1026,0,japan
561_865,0,japan
561_770,1,japan
551_1080,1,japan
551_1026,0,japan
551_561,1,japan
849_1080,0,japan
849_1026,0,japan
561_849,0,japan
368_849,0,japan
122_1299,1,japan
278_1299,1,japan
44_245,0,japan
527_933,1,japan
984_1428,0,japan
492_933,1,japan
847_1012,1,japan
1012_1323,1,japan
353_1012,1,japan
933_1205,1,japan
1047_1205,1,japan
527_1205,1,japan
527_1047,1,japan
353_1323,1,japan
145_1354,0,japan
615_1354,0,japan
1007_1354,0,japan
58_615,1,japan
58_1007,1,japan
145_615,1,japan
145_824,1,japan
145_1657,0,japan
145_1007,1,japan
145_1216,1,japan
615_824,1,japan
615_1657,0,japan
518_1216,1,japan
657_989,0,japan
895_989,0,japan
989_1179,0,japan
657_1136,0,japan
895_1136,0,japan
1136_1179,0,japan
657_757,0,japan
757_895,0,japan
757_1179,0,japan
1428_1464,0,japan
835_931,0,japan
931_1572,1,japan
601_931,1,japan
841_931,1,japan
1461_1462,0,japan
303_841,0,japan
303_1464,0,japan
1233_1250,0,japan
1054_1250,0,japan
1237_1250,0,japan
1250_1356,0,japan
798_1250,0,japan
1233_1237,0,japan
1103_1233,0,japan
1100_1237,0,japan
1237_1356,0,japan
798_1100,0,japan
798_1356,0,japan
1080_1315,0,japan
598_1315,0,japan
206_1080,0,japan
790_1080,0,japan
613_1291,0,japan
213_1057,0,japan
1057_1609,1,japan
762_1609,1,japan
1007_1656,1,japan
626_931,1,japan
392_626,1,japan
615_931,1,japan
55_392,1,japan
382_1188,0,japan
382_1543,0,japan
1188_1543,0,japan
316_1707,0,japan
154_1055,0,japan
1055_1347,0,japan
389_1347,0,japan
683_1080,1,japan
561_1057,1,japan
561_683,1,japan
1026_1699,0,japan
551_1431,1,japan
683_1057,1,japan
626_1572,1,japan
931_1047,1,japan
68_626,1,japan
601_626,1,japan
537_626,1,japan
275_743,0,japan
1102_1334,1,japan
711_1613,1,japan
954_1619,1,japan
567_1306,0,japan
908_1306,0,japan
994_1297,0,japan
567_994,0,japan
585_994,0,japan
994_1411,0,japan
987_994,0,japan
567_1016,0,japan
908_1016,0,japan
585_1297,0,japan
1297_1411,0,japan
987_1297,0,japan
703_1297,0,japan
567_908,0,japan
567_585,0,japan
567_1411,0,japan
567_987,0,japan
585_1411,0,japan
585_987,0,japan
987_1411,0,japan
981_1477,0,japan
981_1519,0,japan
1044_1477,0,japan
1044_1519,0,japan
1171_1477,0,japan
1300_1477,0,japan
990_1477,0,japan
1477_1519,0,japan
497_740,0,japan
1009_1349,0,japan
505_1009,0,japan
201_1300,0,japan
201_1044,0,japan
459_1300,0,japan
459_1044,0,japan
675_1300,0,japan
675_1044,0,japan
1168_1300,0,japan
1044_1168,0,japan
173_1047,0,japan
1047_1609,1,japan
984_1609,0,japan
679_1031,1,japan
679_1052,1,japan
679_1388,1,japan
428_679,1,japan
625_679,0,japan
1031_1052,1,japan
1031_1388,1,japan
428_1031,1,japan
625_1031,0,japan
1052_1388,1,japan
428_1052,1,japan
625_1052,0,japan
428_1388,1,japan
625_1388,0,japan
343_1495,1,japan
87_343,1,japan
272_343,1,japan
301_343,1,japan
269_343,1,japan
343_1538,1,japan
164_343,1,japan
343_356,1,japan
343_1483,1,japan
343_355,1,japan
87_1495,1,japan
1495_1599,1,japan
269_1495,1,japan
1495_1538,1,japan
1495_1673,1,japan
1483_1495,1,japan
355_1495,1,japan
87_168,1,japan
168_1599,1,japan
168_269,1,japan
168_1538,1,japan
168_1483,1,japan
168_355,1,japan
87_272,1,japan
87_1599,1,japan
87_301,1,japan
87_269,1,japan
87_1538,1,japan
87_1673,1,japan
87_164,1,japan
87_356,1,japan
87_1483,1,japan
87_355,1,japan
272_1599,1,japan
269_272,1,japan
272_1538,1,japan
272_1673,1,japan
272_1483,1,japan
272_355,1,japan
301_1599,1,japan
269_1599,1,japan
1538_1599,1,japan
164_1599,1,japan
356_1599,1,japan
1483_1599,1,japan
355_1599,1,japan
269_301,1,japan
301_1538,1,japan
301_1673,1,japan
301_1483,1,japan
301_355,1,japan
269_1538,1,japan
269_1673,1,japan
164_269,1,japan
269_356,1,japan
269_1483,1,japan
269_355,1,japan
1538_1673,1,japan
164_1538,1,japan
356_1538,1,japan
1483_1538,1,japan
355_1538,1,japan
164_1673,1,japan
356_1673,1,japan
1483_1673,1,japan
355_1673,1,japan
164_1483,1,japan
164_355,1,japan
356_1483,1,japan
355_356,1,japan
355_1483,1,japan
869_941,0,japan
134_869,0,japan
594_869,0,japan
134_941,0,japan
941_1590,0,japan
941_1208,0,japan
594_941,0,japan
941_1079,0,japan
941_1310,0,japan
134_1590,0,japan
134_1208,0,japan
134_594,0,japan
134_830,0,japan
134_1079,0,japan
134_1310,0,japan
1208_1590,0,japan
594_1590,0,japan
1079_1590,0,japan
1310_1590,0,japan
594_1208,0,japan
1079_1208,0,japan
1208_1310,0,japan
594_830,0,japan
594_1079,0,japan
229_725,1,japan
230_1158,1,japan
498_696,0,japan
213_1253,0,japan
213_696,0,japan
696_982,0,japan
696_904,0,japan
627_922,0,japan
502_627,1,japan
627_1428,0,japan
613_984,0,japan
393_984,0,japan
922_1160,0,japan
425_613,1,japan
425_1551,1,japan
759_1003,0,japan
613_689,1,japan
613_1464,0,japan
965_1464,0,japan
689_1551,1,japan
689_759,1,japan
40_1551,1,japan
554_831,0,japan
554_930,0,japan
314_554,0,japan
309_361,0,japan
309_430,0,japan
314_430,0,japan
245_309,0,japan
309_314,0,japan
79_309,1,japan
1038_1067,1,japan
1067_1139,1,japan
245_314,0,japan
79_1139,1,japan
534_663,0,japan
489_923,0,japan
489_991,0,japan
334_489,0,japan
489_710,0,japan
489_756,0,japan
489_1324,0,japan
710_923,1,japan
756_923,0,japan
813_991,0,japan
334_991,0,japan
991_1043,0,japan
813_1043,0,japan
334_756,0,japan
1043_1324,0,japan
699_710,1,japan
1496_1499,1,japan
127_1496,1,japan
343_1496,1,japan
1496_1705,1,japan
102_1496,1,japan
1496_1538,1,japan
164_1496,1,japan
355_1496,1,japan
1483_1496,1,japan
301_1496,1,japan
168_1496,1,japan
1496_1599,1,japan
1496_1682,1,japan
1499_1705,1,japan
102_1499,1,japan
1499_1538,1,japan
164_1499,1,japan
355_1499,1,japan
1483_1499,1,japan
301_1499,1,japan
168_1499,1,japan
1499_1599,1,japan
1499_1682,1,japan
127_343,1,japan
127_1705,1,japan
127_1538,1,japan
127_1483,1,japan
127_1599,1,japan
343_1705,1,japan
102_343,1,japan
343_1682,1,japan
102_1705,1,japan
1538_1705,1,japan
164_1705,1,japan
355_1705,1,japan
1483_1705,1,japan
301_1705,1,japan
168_1705,1,japan
1599_1705,1,japan
1682_1705,1,japan
102_1538,1,japan
102_355,1,japan
102_1483,1,japan
102_1599,1,japan
102_1682,1,japan
1538_1682,1,japan
164_1682,1,japan
355_1682,1,japan
1483_1682,1,japan
301_1682,1,japan
168_1682,1,japan
1599_1682,1,japan
1003_1330,0,japan
849_1003,0,japan
967_1043,0,japan
625_967,0,japan
967_1708,0,japan
454_967,0,japan
625_813,0,japan
813_1708,0,japan
454_813,0,japan
457_625,0,japan
454_625,0,japan
457_1708,0,japan
464_1211,0,japan
464_1084,0,japan
1084_1211,0,japan
411_463,0,japan
411_1280,0,japan
798_1243,0,japan
463_1243,0,japan
463_1225,0,japan
463_669,0,japan
463_1280,0,japan
1225_1280,0,japan
669_1280,0,japan
1093_1374,0,japan
887_1374,0,japan
877_1374,0,japan
739_1374,0,japan
1093_1530,0,japan
887_1093,0,japan
918_1093,0,japan
1093_1308,0,japan
1093_1336,0,japan
877_1093,0,japan
739_1093,0,japan
887_1308,0,japan
877_887,0,japan
739_887,0,japan
877_1308,0,japan
739_877,0,japan
715_1490,0,japan
715_1532,0,japan
881_1490,0,japan
881_1532,0,japan
178_1490,0,japan
178_1532,0,japan
32_1490,0,japan
32_1532,0,japan
97_1490,0,japan
682_1490,0,japan
1283_1490,0,japan
1490_1532,1,japan
1393_1490,0,japan
97_1532,0,japan
682_1532,0,japan
1283_1532,0,japan
1393_1532,0,japan
724_1579,0,japan
724_1596,0,japan
1397_1596,0,japan
1579_1596,0,japan
928_1396,1,japan
1078_1396,1,japan
983_1396,1,japan
186_1396,1,japan
1200_1478,0,japan
928_983,1,japan
983_1078,1,japan
186_1078,1,japan
186_983,1,japan
864_1255,0,japan
843_864,0,japan
175_1002,0,japan
175_431,0,japan
588_803,0,japan
331_588,0,japan
331_1156,0,japan
991_1413,0,japan
1_991,0,japan
454_872,0,japan
454_1337,0,japan
966_1519,0,japan
690_1519,0,japan
553_619,0,japan
812_991,0,japan
798_991,0,japan
449_991,0,japan
449_454,0,japan
449_798,0,japan
456_1722,0,japan
456_1517,0,japan
456_1588,0,japan
456_1644,0,japan
456_935,0,japan
456_960,0,japan
382_511,0,japan
511_1188,0,japan
511_745,0,japan
1011_1587,0,japan
1011_1581,0,japan
496_1011,0,japan
698_856,0,japan
856_1547,0,japan
856_1427,0,japan
698_1578,0,japan
698_1547,0,japan
698_1581,0,japan
496_698,0,japan
698_1427,0,japan
1578_1581,0,japan
1427_1547,0,japan
1581_1587,0,japan
615_1240,1,japan
145_1240,1,japan
145_232,1,japan
68_198,1,japan
824_1240,1,japan
1068_1240,1,japan
232_1240,1,japan
91_712,0,japan
91_1219,0,japan
91_789,0,japan
91_411,0,japan
91_669,0,japan
16_712,0,japan
16_1340,0,japan
16_669,0,japan
1118_1280,0,japan
712_1118,0,japan
1118_1219,0,japan
535_1118,0,japan
334_1118,0,japan
411_1118,0,japan
1118_1340,0,japan
669_1118,0,japan
712_1280,0,japan
334_1280,0,japan
1280_1340,0,japan
712_1219,0,japan
712_789,0,japan
535_712,0,japan
334_712,0,japan
411_712,0,japan
712_1340,0,japan
669_712,0,japan
789_1219,0,japan
535_1219,0,japan
411_1219,0,japan
1219_1340,0,japan
669_1219,0,japan
334_789,0,japan
669_789,0,japan
535_669,0,japan
334_411,0,japan
334_669,0,japan
411_1340,0,japan
669_1340,0,japan
338_1538,1,japan
338_1499,1,japan
272_338,1,japan
101_1538,1,japan
101_1499,1,japan
272_1499,1,japan
101_272,1,japan
87_419,1,japan
356_419,1,japan
379_415,1,japan
71_415,1,japan
224_440,1,japan
224_379,1,japan
140_224,1,japan
140_379,1,japan
71_379,1,japan
852_1350,0,japan
852_1356,0,japan
542_852,0,japan
542_1054,0,japan
1063_1100,0,japan
852_1332,0,japan
43_852,0,japan
103_1208,0,japan
103_638,0,japan
103_452,0,japan
103_134,0,japan
746_1208,0,japan
638_1208,0,japan
750_1208,0,japan
638_746,0,japan
638_1310,0,japan
638_750,0,japan
638_1079,0,japan
452_638,0,japan
134_638,0,japan
452_750,0,japan
134_750,0,japan
452_949,0,japan
134_452,0,japan
134_949,0,japan
1374_1528,0,japan
600_1528,0,japan
887_1528,0,japan
877_1528,0,japan
739_1528,0,japan
600_1093,0,japan
620_1093,0,japan
600_1374,0,japan
620_1374,0,japan
600_620,0,japan
600_887,0,japan
600_877,0,japan
600_739,0,japan
620_887,0,japan
620_877,0,japan
620_739,0,japan
878_1416,1,japan
602_878,1,japan
878_912,1,japan
742_878,1,japan
830_878,0,japan
225_878,1,japan
878_1050,1,japan
602_1416,1,japan
912_1416,1,japan
1050_1416,1,japan
602_912,1,japan
602_742,1,japan
602_830,0,japan
225_602,1,japan
602_1272,0,japan
602_1050,1,japan
602_1079,0,japan
602_1310,0,japan
742_912,1,japan
225_912,1,japan
912_1272,0,japan
912_1050,1,japan
912_1079,0,japan
912_1310,0,japan
742_1050,1,japan
830_1050,0,japan
225_1050,1,japan
130_1049,0,japan
1271_1308,0,japan
1315_1368,0,japan
362_446,1,japan
386_446,1,japan
3_349,1,japan
3_377,1,japan
266_362,1,japan
266_386,1,japan
247_266,1,japan
255_266,1,japan
266_419,1,japan
266_349,1,japan
222_266,1,japan
101_266,1,japan
266_377,1,japan
101_161,1,japan
247_362,1,japan
362_419,1,japan
349_362,1,japan
362_377,1,japan
101_386,1,japan
70_101,1,japan
247_255,1,japan
247_419,1,japan
247_349,1,japan
222_247,1,japan
101_247,1,japan
255_349,1,japan
222_255,1,japan
101_255,1,japan
101_349,1,japan
101_222,1,japan
174_489,0,japan
489_712,0,japan
489_1219,0,japan
756_789,0,japan
174_197,1,japan
197_712,0,japan
197_1320,0,japan
197_756,0,japan
174_535,0,japan
535_1320,0,japan
535_756,0,japan
174_738,1,japan
712_738,0,japan
738_1320,0,japan
738_756,0,japan
174_411,1,japan
174_712,0,japan
174_1320,0,japan
174_376,1,japan
174_756,0,japan
411_756,0,japan
712_1320,0,japan
376_712,0,japan
712_756,0,japan
376_1320,0,japan
756_1320,0,japan
376_1219,0,japan
217_1522,1,japan
384_1522,1,japan
291_1522,1,japan
436_1522,1,japan
1508_1522,1,japan
164_1522,1,japan
223_1522,1,japan
217_301,1,japan
217_384,1,japan
217_436,1,japan
164_217,1,japan
217_223,1,japan
183_217,1,japan
217_261,1,japan
70_217,1,japan
301_384,1,japan
291_301,1,japan
223_301,1,japan
183_301,1,japan
70_301,1,japan
291_384,1,japan
384_436,1,japan
384_1508,1,japan
164_384,1,japan
223_384,1,japan
183_384,1,japan
291_436,1,japan
291_1508,1,japan
164_291,1,japan
183_291,1,japan
70_291,1,japan
183_436,1,japan
70_436,1,japan
223_1508,1,japan
183_1508,1,japan
70_1508,1,japan
164_223,1,japan
164_183,1,japan
70_164,1,japan
183_223,1,japan
70_223,1,japan
70_183,1,japan
433_1602,1,japan
433_1702,1,japan
1352_1602,1,japan
1515_1602,1,japan
490_1602,1,japan
1158_1602,1,japan
135_1602,1,japan
1352_1656,1,japan
1515_1656,1,japan
230_1656,1,japan
490_1656,1,japan
1352_1515,1,japan
1352_1702,1,japan
182_1352,1,japan
135_1352,1,japan
377_1352,1,japan
490_1515,1,japan
135_1515,1,japan
377_1515,1,japan
182_1702,1,japan
377_1702,1,japan
135_230,1,japan
135_490,1,japan
377_490,1,japan
135_377,1,japan
1609_1642,1,japan
1_1642,1,japan
1642_1721,1,japan
266_1642,1,japan
1052_1642,1,japan
1_416,1,japan
626_1721,1,japan
1_1609,1,japan
1052_1609,1,japan
1_68,1,japan
1_1052,1,japan
193_649,1,japan
68_193,1,japan
193_1721,1,japan
193_266,1,japan
266_649,1,japan
68_1721,1,japan
1052_1721,1,japan
3_269,1,japan
199_310,1,japan
199_1602,1,japan
199_1201,1,japan
199_701,1,japan
269_1522,1,japan
343_1522,1,japan
254_310,1,japan
1201_1602,1,japan
343_1602,1,japan
119_1299,1,japan
1299_1439,1,japan
135_1299,1,japan
832_1299,1,japan
356_1299,1,japan
1299_1567,1,japan
362_1299,1,japan
69_1299,1,japan
422_1299,1,japan
119_135,1,japan
119_832,1,japan
119_356,1,japan
119_1567,1,japan
69_119,1,japan
119_266,1,japan
119_422,1,japan
135_1439,1,japan
832_1439,1,japan
356_1439,1,japan
367_1439,1,japan
1439_1567,1,japan
69_1439,1,japan
266_1439,1,japan
422_1439,1,japan
135_832,1,japan
135_356,1,japan
135_255,1,japan
135_1567,1,japan
135_362,1,japan
135_247,1,japan
69_135,1,japan
135_266,1,japan
135_422,1,japan
356_832,1,japan
832_1567,1,japan
362_832,1,japan
69_832,1,japan
422_832,1,japan
255_356,1,japan
356_1567,1,japan
247_356,1,japan
69_356,1,japan
266_356,1,japan
356_422,1,japan
362_1567,1,japan
69_1567,1,japan
266_1567,1,japan
422_1567,1,japan
362_422,1,japan
69_247,1,japan
247_422,1,japan
69_266,1,japan
69_422,1,japan
266_422,1,japan
102_1567,1,japan
1567_1619,1,japan
436_1567,1,japan
223_1567,1,japan
301_1567,1,japan
1495_1567,1,japan
325_1567,1,japan
102_1619,1,japan
102_223,1,japan
102_1299,1,japan
102_325,1,japan
436_1619,1,japan
223_1619,1,japan
301_1619,1,japan
356_1619,1,japan
1495_1619,1,japan
325_1619,1,japan
436_1299,1,japan
325_436,1,japan
223_356,1,japan
223_1299,1,japan
223_1495,1,japan
223_325,1,japan
301_1299,1,japan
301_325,1,japan
325_356,1,japan
356_412,1,japan
1299_1495,1,japan
325_1299,1,japan
325_1495,1,japan
343_422,1,japan
239_422,1,japan
422_868,1,japan
177_422,1,japan
422_1673,1,japan
291_422,1,japan
422_1508,1,japan
72_422,1,japan
340_422,1,japan
342_343,1,japan
239_343,1,japan
343_868,1,japan
343_1508,1,japan
72_343,1,japan
340_343,1,japan
278_342,1,japan
239_278,1,japan
70_278,1,japan
278_868,1,japan
278_291,1,japan
278_1508,1,japan
72_278,1,japan
70_342,1,japan
177_342,1,japan
342_1544,1,japan
342_1673,1,japan
291_342,1,japan
342_1508,1,japan
72_342,1,japan
340_342,1,japan
239_291,1,japan
70_868,1,japan
70_177,1,japan
70_1544,1,japan
70_1673,1,japan
70_72,1,japan
70_340,1,japan
177_868,1,japan
868_1673,1,japan
291_868,1,japan
868_1508,1,japan
72_868,1,japan
340_868,1,japan
177_1544,1,japan
177_1508,1,japan
72_177,1,japan
177_340,1,japan
1544_1673,1,japan
291_1544,1,japan
1508_1544,1,japan
72_1544,1,japan
340_1544,1,japan
1508_1673,1,japan
72_1673,1,japan
340_1673,1,japan
72_291,1,japan
291_340,1,japan
72_1508,1,japan
72_340,1,japan
990_1707,0,japan
486_990,0,japan
154_963,0,japan
945_1707,0,japan
461_486,0,japan
461_945,0,japan
461_1177,0,japan
461_765,0,japan
765_1177,0,japan
831_1524,0,japan
493_530,0,japan
493_1604,0,japan
530_1046,0,japan
530_1604,0,japan
206_1003,0,japan
1003_1609,0,japan
1003_1047,0,japan
613_1279,0,japan
206_303,0,japan
206_1047,0,japan
303_1047,0,japan
1253_1621,0,japan
923_1052,1,japan
574_1052,1,japan
428_923,1,japan
428_574,1,japan
923_1031,1,japan
574_1031,1,japan
625_923,0,japan
574_625,0,japan
574_923,1,japan
949_1308,0,japan
1079_1308,0,japan
830_1308,0,japan
1308_1310,0,japan
746_1308,0,japan
769_949,0,japan
949_1336,0,japan
918_949,0,japan
949_1204,0,japan
769_1079,0,japan
769_830,0,japan
769_1310,0,japan
746_769,0,japan
1079_1336,0,japan
830_1336,0,japan
1310_1336,0,japan
746_1336,0,japan
918_1079,0,japan
1079_1204,0,japan
830_918,0,japan
918_1310,0,japan
746_918,0,japan
830_1204,0,japan
1204_1310,0,japan
746_1204,0,japan
812_1041,0,japan
1250_1413,0,japan
1041_1413,0,japan
454_1250,0,japan
731_1041,0,japan
991_1041,0,japan
449_731,0,japan
731_991,0,japan
572_699,1,japan
572_934,0,japan
160_572,1,japan
457_572,0,japan
572_1324,0,japan
572_876,0,japan
572_1222,1,japan
918_1096,0,japan
918_1082,0,japan
1093_1096,0,japan
769_1093,0,japan
1093_1204,0,japan
1082_1093,0,japan
769_1096,0,japan
1096_1204,0,japan
1096_1336,0,japan
1082_1096,0,japan
1096_1308,0,japan
769_1526,0,japan
769_1082,0,japan
1204_1526,0,japan
1082_1204,0,japan
1082_1526,0,japan
1308_1526,0,japan
1082_1336,0,japan
1082_1308,0,japan
129_917,0,japan
1309_1356,0,japan
1233_1309,0,japan
1309_1333,0,japan
1309_1350,0,japan
557_1309,0,japan
1054_1309,0,japan
43_1309,0,japan
1424_1541,0,japan
1541_1601,0,japan
1500_1541,0,japan
1425_1541,0,japan
30_1541,0,japan
383_1541,0,japan
47_1541,0,japan
1541_1562,0,japan
1430_1541,0,japan
904_914,0,japan
904_965,0,japan
1073_1647,0,japan
479_1647,1,japan
814_1647,1,japan
577_1647,1,japan
551_1073,0,japan
814_1073,0,japan
551_581,1,japan
551_814,1,japan
479_814,1,japan
577_814,1,japan
982_1057,1,japan
982_1265,0,japan
762_1265,0,japan
982_1464,0,japan
344_1464,0,japan
982_1551,1,japan
762_982,1,japan
344_1551,0,japan
683_1551,1,japan
380_1080,1,japan
766_1080,1,japan
380_1431,1,japan
556_1431,1,japan
556_766,1,japan
213_1026,0,japan
849_982,0,japan
561_982,1,japan
849_1057,0,japan
886_941,0,japan
941_989,0,japan
757_941,0,japan
941_1136,0,japan
346_1136,0,japan
828_1136,0,japan
54_414,0,japan
54_181,0,japan
486_1560,0,japan
963_1560,0,japan
1042_1235,0,japan
729_782,1,japan
1232_1477,0,japan
1232_1519,0,japan
316_981,0,japan
121_316,1,japan
174_780,0,japan
780_1340,0,japan
780_1243,0,japan
129_174,0,japan
174_1280,0,japan
174_1225,0,japan
174_1340,0,japan
174_1243,0,japan
129_1340,0,japan
489_1280,0,japan
197_1280,0,japan
1225_1340,0,japan
1243_1340,0,japan
489_1340,0,japan
197_1243,0,japan
773_1434,0,japan
207_773,0,japan
773_1361,0,japan
753_773,0,japan
781_1434,0,japan
781_1394,0,japan
781_1709,0,japan
67_1361,0,japan
207_1434,0,japan
753_1434,0,japan
1394_1709,0,japan
207_1361,0,japan
207_753,0,japan
753_1361,0,japan
482_1516,0,japan
482_755,0,japan
482_1526,0,japan
482_1653,0,japan
482_925,0,japan
620_1404,0,japan
755_1516,0,japan
1093_1516,0,japan
1516_1526,0,japan
1516_1653,0,japan
887_1516,0,japan
925_1516,0,japan
755_1093,0,japan
755_1653,0,japan
755_887,0,japan
755_925,0,japan
1093_1653,0,japan
925_1093,0,japan
1526_1653,0,japan
887_1653,0,japan
925_1653,0,japan
887_925,0,japan
389_990,0,japan
389_1426,0,japan
990_1426,0,japan
990_1417,0,japan
331_1467,0,japan
295_1467,0,japan
1467_1555,0,japan
619_1467,0,japan
331_553,0,japan
295_331,0,japan
331_619,0,japan
331_1181,0,japan
394_553,0,japan
295_1555,0,japan
394_619,0,japan
394_1181,1,japan
619_1181,0,japan
1181_1262,0,japan
947_1181,0,japan
313_1592,1,japan
1045_1265,0,japan
655_689,0,japan
655_1253,0,japan
337_406,1,japan
342_406,1,japan
241_406,1,japan
376_1466,1,japan
300_738,1,japan
738_1466,1,japan
1483_1591,1,japan
357_1483,1,japan
338_1483,1,japan
338_355,1,japan
102_338,1,japan
1591_1599,1,japan
357_1599,1,japan
338_1599,1,japan
357_1496,1,japan
1495_1496,1,japan
338_343,1,japan
357_1538,1,japan
357_1591,1,japan
1591_1682,1,japan
1495_1591,1,japan
338_1591,1,japan
168_357,1,japan
164_357,1,japan
357_1682,1,japan
357_1495,1,japan
338_357,1,japan
1495_1682,1,japan
338_1682,1,japan
338_1495,1,japan
246_1159,0,japan
246_1708,0,japan
246_1043,0,japan
1159_1287,0,japan
495_1159,0,japan
1159_1414,0,japan
913_1159,0,japan
1287_1708,0,japan
495_1708,0,japan
1414_1708,0,japan
1043_1287,0,japan
495_1043,0,japan
1043_1414,0,japan
913_1043,0,japan
246_1063,0,japan
1063_1301,0,japan
534_1301,0,japan
534_542,0,japan
495_1301,0,japan
542_1301,0,japan
1301_1333,0,japan
1334_1577,1,japan
1380_1550,1,japan
326_1233,0,japan
43_326,0,japan
326_852,0,japan
1309_1332,0,japan
688_1002,0,japan
688_1065,0,japan
655_1609,0,japan
654_1592,0,japan
1592_1630,0,japan
654_1630,0,japan
527_770,1,japan
68_770,1,japan
198_527,1,japan
68_527,1,japan
244_527,1,japan
244_1047,1,japan
463_867,0,japan
376_867,0,japan
376_1243,0,japan
709_1243,0,japan
1_1243,0,japan
463_489,0,japan
489_709,0,japan
1_489,0,japan
360_463,0,japan
360_709,0,japan
1_360,1,japan
376_463,0,japan
1_463,0,japan
376_709,0,japan
991_1233,0,japan
1356_1413,0,japan
1350_1413,0,japan
798_1350,0,japan
991_1356,0,japan
991_1350,0,japan
219_1250,0,japan
1250_1350,0,japan
852_1237,0,japan
936_1301,0,japan
449_1237,0,japan
813_1413,0,japan
798_813,0,japan
813_1103,0,japan
967_1103,0,japan
809_1205,1,japan
237_993,1,japan
237_607,1,japan
495_1332,0,japan
534_1332,0,japan
1332_1414,0,japan
120_549,0,japan
549_953,0,japan
549_1690,0,japan
781_1404,0,japan
1011_1404,0,japan
485_1274,0,japan
781_1011,0,japan
1041_1043,0,japan
321_1043,0,japan
1041_1708,0,japan
876_1708,0,japan
321_1708,0,japan
813_1159,0,japan
876_1159,0,japan
321_1159,0,japan
321_625,0,japan
813_1041,0,japan
321_813,0,japan
321_876,0,japan
936_1287,0,japan
1287_1309,0,japan
388_827,0,japan
827_1168,0,japan
1044_1242,0,japan
388_1242,0,japan
1168_1242,0,japan
1242_1300,0,japan
1242_1477,0,japan
1168_1477,0,japan
581_983,1,japan
581_911,1,japan
581_1396,1,japan
1078_1144,1,japan
766_1144,1,japan
1144_1221,1,japan
983_1144,1,japan
556_1144,1,japan
186_766,1,japan
186_1221,1,japan
186_911,1,japan
186_556,1,japan
766_1078,1,japan
1078_1221,1,japan
911_1078,1,japan
556_1078,1,japan
766_1221,1,japan
766_983,1,japan
766_911,1,japan
766_1396,1,japan
983_1221,1,japan
556_1221,1,japan
1221_1396,1,japan
556_983,1,japan
911_1396,1,japan
301_402,1,japan
72_402,1,japan
114_402,1,japan
119_402,1,japan
247_402,1,japan
402_422,1,japan
301_802,1,japan
72_802,1,japan
114_802,1,japan
119_802,1,japan
446_802,1,japan
436_802,1,japan
247_802,1,japan
422_802,1,japan
217_802,1,japan
72_301,1,japan
301_446,1,japan
247_301,1,japan
301_422,1,japan
247_252,1,japan
136_252,1,japan
72_114,1,japan
72_119,1,japan
72_436,1,japan
72_247,1,japan
72_136,1,japan
72_217,1,japan
114_119,1,japan
114_422,1,japan
119_436,1,japan
119_217,1,japan
217_446,1,japan
247_436,1,japan
136_247,1,japan
136_217,1,japan
471_968,0,japan
471_879,0,japan
910_1390,0,japan
1390_1706,0,japan
968_1556,0,japan
456_1504,0,japan
194_829,1,japan
99_829,1,japan
829_1532,1,japan
133_829,1,japan
829_1490,1,japan
829_1090,1,japan
829_1691,1,japan
829_1121,1,japan
99_194,1,japan
194_1532,1,japan
133_194,1,japan
194_1490,1,japan
194_1090,1,japan
194_1691,1,japan
194_1121,1,japan
99_1532,1,japan
99_133,1,japan
99_1490,1,japan
99_1090,1,japan
99_1691,1,japan
99_1121,1,japan
133_1532,1,japan
1090_1532,1,japan
1532_1691,1,japan
1121_1532,1,japan
133_1490,1,japan
133_1090,1,japan
133_1691,1,japan
133_1121,1,japan
1090_1490,1,japan
1490_1691,1,japan
1121_1490,1,japan
1090_1691,1,japan
1090_1121,1,japan
1121_1691,1,japan
712_917,0,japan
917_1340,0,japan
780_917,0,japan
669_917,0,japan
738_917,1,japan
679_1453,1,japan
669_1453,0,japan
738_1453,1,japan
16_756,0,japan
756_1340,0,japan
756_780,0,japan
669_756,0,japan
712_1396,0,japan
712_780,0,japan
16_1396,0,japan
16_738,0,japan
1340_1396,0,japan
780_1396,0,japan
669_1396,0,japan
738_1396,1,japan
780_1118,0,japan
738_1118,0,japan
669_780,0,japan
669_738,0,japan
551_964,1,japan
928_964,1,japan
964_1284,1,japan
964_1080,1,japan
551_1329,0,japan
928_1329,0,japan
1284_1329,0,japan
551_928,1,japan
551_1284,1,japan
551_696,0,japan
561_696,0,japan
928_1284,1,japan
1219_1243,0,japan
710_1031,1,japan
710_1014,1,japan
428_710,1,japan
710_1409,0,japan
710_739,0,japan
1014_1243,0,japan
1014_1031,1,japan
1031_1409,0,japan
739_1031,0,japan
1014_1225,0,japan
1014_1280,0,japan
739_1014,0,japan
1280_1409,0,japan
739_1409,0,japan
739_1487,0,japan
1007_1137,1,japan
55_537,1,japan
537_933,1,japan
626_933,1,japan
537_1137,1,japan
762_904,0,japan
904_1170,0,japan
701_1611,1,japan
841_1245,1,japan
993_1245,1,japan
1240_1611,1,japan
1240_1729,1,japan
945_981,0,japan
316_945,0,japan
765_981,0,japan
316_765,0,japan
316_461,0,japan
181_1177,0,japan
729_990,0,japan
122_832,1,japan
122_490,1,japan
122_1508,1,japan
111_832,1,japan
832_1508,1,japan
387_868,1,japan
868_1718,1,japan
111_868,1,japan
387_1718,1,japan
183_387,1,japan
387_490,1,japan
111_387,1,japan
387_1508,1,japan
387_1495,1,japan
241_387,1,japan
387_1325,1,japan
183_1718,1,japan
490_1718,1,japan
111_1718,1,japan
1508_1718,1,japan
1495_1718,1,japan
1325_1718,1,japan
111_183,1,japan
183_1495,1,japan
111_490,1,japan
490_1508,1,japan
111_1508,1,japan
111_241,1,japan
111_1325,1,japan
241_1508,1,japan
1325_1508,1,japan
334_780,0,japan
709_780,0,japan
334_798,0,japan
599_1517,0,japan
1228_1517,0,japan
125_1517,0,japan
599_1504,0,japan
1228_1504,0,japan
125_1504,0,japan
599_1722,0,japan
1228_1722,0,japan
125_1722,0,japan
173_1014,0,japan
683_1014,1,japan
173_1699,0,japan
173_683,0,japan
173_1157,0,japan
393_1157,0,japan
112_1608,1,japan
112_1508,1,japan
72_112,1,japan
112_1544,1,japan
112_135,1,japan
112_384,1,japan
112_325,1,japan
356_1608,1,japan
1508_1608,1,japan
1608_1673,1,japan
72_1608,1,japan
1544_1608,1,japan
1608_1682,1,japan
135_1608,1,japan
436_1608,1,japan
384_1608,1,japan
325_1608,1,japan
72_356,1,japan
356_1544,1,japan
356_1682,1,japan
356_384,1,japan
217_356,1,japan
1508_1682,1,japan
135_1508,1,japan
325_1508,1,japan
1673_1682,1,japan
135_1673,1,japan
436_1673,1,japan
384_1673,1,japan
325_1673,1,japan
217_1673,1,japan
72_135,1,japan
72_384,1,japan
72_325,1,japan
1544_1682,1,japan
135_1544,1,japan
384_1544,1,japan
325_1544,1,japan
217_1544,1,japan
135_1682,1,japan
436_1682,1,japan
384_1682,1,japan
217_1682,1,japan
135_436,1,japan
135_384,1,japan
135_325,1,japan
135_217,1,japan
325_384,1,japan
217_325,1,japan
135_342,1,japan
69_342,1,japan
342_1642,1,japan
342_1520,1,japan
135_337,1,japan
112_337,1,japan
101_337,1,japan
69_337,1,japan
337_1642,1,japan
337_1682,1,japan
135_336,1,japan
135_385,1,japan
135_406,1,japan
101_135,1,japan
135_1599,1,japan
135_1642,1,japan
135_1520,1,japan
336_406,1,japan
101_336,1,japan
336_1599,1,japan
336_1642,1,japan
336_1682,1,japan
1544_1642,1,japan
1520_1544,1,japan
112_385,1,japan
385_406,1,japan
101_385,1,japan
385_1599,1,japan
385_1642,1,japan
385_1682,1,japan
69_112,1,japan
112_1599,1,japan
112_1520,1,japan
406_1642,1,japan
69_101,1,japan
101_1599,1,japan
101_1642,1,japan
101_1682,1,japan
101_1520,1,japan
69_1599,1,japan
1520_1599,1,japan
1642_1682,1,japan
1520_1682,1,japan
577_1024,1,japan
577_1549,1,japan
68_1190,1,japan
1024_1431,1,japan
380_1024,1,japan
380_1549,1,japan
479_1024,1,japan
1024_1549,1,japan
266_387,1,japan
342_387,1,japan
337_387,1,japan
87_387,1,japan
377_1693,1,japan
69_377,1,japan
377_439,1,japan
122_377,1,japan
87_377,1,japan
266_1693,1,japan
266_490,1,japan
111_266,1,japan
266_342,1,japan
266_337,1,japan
266_439,1,japan
122_266,1,japan
87_266,1,japan
11_1693,1,japan
490_1693,1,japan
69_1693,1,japan
439_1693,1,japan
122_1693,1,japan
87_1693,1,japan
11_69,1,japan
11_439,1,japan
11_122,1,japan
69_490,1,japan
439_490,1,japan
111_342,1,japan
111_337,1,japan
87_111,1,japan
69_439,1,japan
69_122,1,japan
69_87,1,japan
122_439,1,japan
87_122,1,japan
343_384,1,japan
87_384,1,japan
269_384,1,japan
168_384,1,japan
384_1483,1,japan
384_1538,1,japan
272_384,1,japan
1248_1451,0,japan
675_1171,0,japan
675_1451,0,japan
675_966,0,japan
675_690,0,japan
201_1171,0,japan
1171_1232,0,japan
201_1451,0,japan
201_966,0,japan
201_690,0,japan
1232_1451,0,japan
966_1451,0,japan
690_1451,0,japan
966_1232,0,japan
2_991,0,japan
2_454,0,japan
85_468,1,japan
158_468,1,japan
351_468,1,japan
468_1488,1,japan
85_267,1,japan
85_1488,1,japan
351_977,1,japan
267_1488,1,japan
530_531,0,japan
942_981,0,japan
845_1641,0,japan
845_1552,0,japan
1552_1641,0,japan
1541_1686,0,japan
326_1063,0,japan
326_632,0,japan
326_668,0,japan
1063_1309,0,japan
632_1309,0,japan
668_1309,0,japan
668_1063,0,japan
632_1100,0,japan
542_632,0,japan
542_668,0,japan
433_1143,1,japan
1143_1502,1,japan
823_1143,1,japan
433_1721,1,japan
1645_1721,1,japan
433_1645,1,japan
433_1502,1,japan
433_800,1,japan
823_1502,1,japan
800_1502,1,japan
174_463,0,japan
463_1320,0,japan
463_671,0,japan
463_662,0,japan
463_917,0,japan
489_917,0,japan
174_350,0,japan
350_1320,0,japan
350_1225,0,japan
350_671,0,japan
350_917,0,japan
174_671,0,japan
174_662,0,japan
174_917,1,japan
671_1320,0,japan
662_1320,0,japan
917_1320,0,japan
671_1225,0,japan
917_1225,0,japan
662_671,0,japan
646_662,0,japan
646_917,1,japan
662_917,0,japan
415_1484,0,japan
1015_1484,0,japan
1358_1484,0,japan
406_1325,1,japan
1325_1642,1,japan
269_1325,1,japan
251_1724,1,japan
251_349,1,japan
406_868,1,japan
868_1642,1,japan
269_868,1,japan
269_336,1,japan
3_214,1,japan
269_385,1,japan
63_1724,1,japan
63_269,1,japan
269_1642,1,japan
349_1724,1,japan
326_1356,0,japan
1301_1356,0,japan
326_1350,0,japan
1301_1350,0,japan
668_936,0,japan
668_1301,0,japan
322_814,0,japan
380_814,1,japan
441_814,1,japan
814_1024,1,japan
322_577,0,japan
380_822,1,japan
441_822,1,japan
322_380,0,japan
322_441,0,japan
322_1073,0,japan
322_1381,0,japan
322_1024,0,japan
380_1073,0,japan
380_1392,1,japan
441_1073,0,japan
441_1381,0,japan
441_1024,1,japan
441_1392,1,japan
441_1549,1,japan
1381_1647,0,japan
1024_1647,1,japan
1024_1073,0,japan
1073_1392,0,japan
1073_1549,0,japan
1024_1381,0,japan
1381_1549,0,japan
191_1428,0,japan
191_1551,0,japan
1003_1157,0,japan
191_627,0,japan
191_689,0,japan
344_1621,0,japan
344_972,0,japan
344_498,0,japan
344_517,0,japan
498_517,0,japan
336_1299,1,japan
291_336,1,japan
336_387,1,japan
336_1496,1,japan
177_336,1,japan
291_1299,1,japan
337_1299,1,japan
1299_1642,1,japan
87_1299,1,japan
177_1299,1,japan
291_387,1,japan
291_1496,1,japan
291_337,1,japan
291_1642,1,japan
87_291,1,japan
387_1496,1,japan
387_436,1,japan
387_1642,1,japan
387_406,1,japan
177_387,1,japan
436_1496,1,japan
337_1496,1,japan
1496_1642,1,japan
87_1496,1,japan
177_1496,1,japan
436_1642,1,japan
177_436,1,japan
177_337,1,japan
241_1642,1,japan
87_1642,1,japan
177_1642,1,japan
87_406,1,japan
87_177,1,japan
269_1608,1,japan
101_269,1,japan
111_269,1,japan
102_269,1,japan
148_1608,1,japan
101_148,1,japan
148_222,1,japan
148_266,1,japan
102_148,1,japan
1325_1608,1,japan
385_1608,1,japan
343_1608,1,japan
490_1608,1,japan
101_1608,1,japan
868_1608,1,japan
111_1608,1,japan
266_1608,1,japan
102_1608,1,japan
343_1325,1,japan
101_1325,1,japan
266_1325,1,japan
343_385,1,japan
222_385,1,japan
111_385,1,japan
266_385,1,japan
343_490,1,japan
111_343,1,japan
101_490,1,japan
222_490,1,japan
101_868,1,japan
101_111,1,japan
101_102,1,japan
102_868,1,japan
943_1170,0,japan
759_790,0,japan
598_1170,0,japan
598_667,0,japan
1045_1164,0,japan
667_1045,1,japan
665_849,0,japan
607_849,0,japan
816_1160,1,japan
653_816,1,japan
1082_1310,0,japan
949_1082,0,japan
769_1272,0,japan
1272_1336,0,japan
1204_1272,0,japan
918_1272,0,japan
1272_1308,0,japan
1082_1272,0,japan
830_1082,0,japan
1079_1082,0,japan
178_1691,0,japan
1393_1691,0,japan
1283_1691,0,japan
881_1691,0,japan
97_1691,0,japan
682_1691,0,japan
715_1691,0,japan
304_1691,0,japan
32_1691,0,japan
414_1177,0,japan
414_765,0,japan
1047_1213,1,japan
470_1081,1,japan
1081_1216,1,japan
53_1081,1,japan
470_1216,1,japan
53_470,1,japan
53_1216,1,japan
931_1213,1,japan
244_1213,1,japan
244_931,1,japan
35_344,0,japan
344_1330,0,japan
344_922,0,japan
344_502,0,japan
111_406,1,japan
917_1466,1,japan
360_917,1,japan
111_336,1,japan
16_454,0,japan
197_867,0,japan
756_867,0,japan
1_669,0,japan
454_669,0,japan
197_669,0,japan
2_812,0,japan
1_756,0,japan
197_454,0,japan
354_858,0,japan
835_1478,0,japan
601_1478,0,japan
563_1657,0,japan
835_1465,0,japan
601_1465,1,japan
974_1143,1,japan
206_1143,0,japan
759_931,1,japan
759_904,0,japan
904_931,0,japan
129_669,0,japan
376_669,0,japan
129_1118,0,japan
197_1118,0,japan
1118_1320,0,japan
129_1219,0,japan
129_712,0,japan
129_1320,0,japan
376_1340,0,japan
1320_1340,0,japan
197_917,1,japan
1031_1198,1,japan
1031_1453,1,japan
572_1052,1,japan
572_574,1,japan
572_1388,1,japan
572_1198,1,japan
934_1052,0,japan
1052_1198,1,japan
710_1052,1,japan
1052_1453,1,japan
923_1388,1,japan
923_1198,1,japan
679_923,1,japan
923_1453,1,japan
574_934,0,japan
574_1388,1,japan
574_1198,1,japan
574_679,1,japan
574_710,1,japan
574_1453,1,japan
934_1198,0,japan
1198_1388,1,japan
710_1388,1,japan
1388_1453,1,japan
679_1198,1,japan
710_1198,1,japan
1198_1453,1,japan
679_710,1,japan
710_1453,1,japan
49_1471,0,japan
49_323,0,japan
49_421,0,japan
49_450,0,japan
49_533,0,japan
268_1471,0,japan
268_323,0,japan
268_421,0,japan
268_450,0,japan
268_533,0,japan
450_1151,0,japan
450_999,0,japan
1471_1540,0,japan
323_1540,0,japan
421_1540,0,japan
450_1540,0,japan
533_1540,0,japan
450_586,0,japan
450_1471,0,japan
323_450,0,japan
450_591,0,japan
421_450,0,japan
450_533,0,japan
104_826,1,japan
104_717,1,japan
438_816,1,japan
816_978,1,japan
104_816,1,japan
104_978,1,japan
5_959,0,japan
79_255,1,japan
11_79,1,japan
1189_1480,1,japan
729_1480,1,japan
255_1480,1,japan
255_1189,1,japan
729_1085,1,japan
397_1038,1,japan
11_255,1,japan
1015_1091,0,japan
267_1091,0,japan
1301_1332,0,japan
1301_1309,0,japan
377_1567,1,japan
114_377,1,japan
377_1605,1,japan
377_1299,1,japan
325_377,1,japan
1567_1608,1,japan
119_1608,1,japan
114_1608,1,japan
1605_1608,1,japan
1299_1608,1,japan
3_1608,1,japan
1605_1715,1,japan
325_1715,1,japan
114_1567,1,japan
1567_1605,1,japan
119_1605,1,japan
114_1605,1,japan
114_1299,1,japan
114_325,1,japan
1299_1605,1,japan
135_1605,1,japan
325_1605,1,japan
301_357,1,japan
223_362,1,japan
217_362,1,japan
338_362,1,japan
386_1483,1,japan
386_1682,1,japan
790_982,0,japan
943_982,0,japan
1057_1368,1,japan
1415_1596,0,japan
1188_1596,0,japan
382_1596,0,japan
66_1188,0,japan
66_382,0,japan
269_1705,1,japan
387_1705,1,japan
269_1496,1,japan
269_387,1,japan
269_1682,1,japan
387_1538,1,japan
355_387,1,japan
343_387,1,japan
168_387,1,japan
387_1682,1,japan
102_387,1,japan
384_1495,1,japan
384_1599,1,japan
355_384,1,japan
384_387,1,japan
384_1496,1,japan
1495_1705,1,japan
384_1705,1,japan
102_384,1,japan
572_1470,1,japan
360_712,0,japan
360_1118,0,japan
572_794,1,japan
360_1340,0,japan
1078_1381,0,japan
1078_1456,1,japan
766_1381,0,japan
556_1381,0,japan
104_1720,1,japan
104_106,1,japan
1144_1456,1,japan
441_1144,1,japan
441_766,1,japan
106_474,1,japan
441_1456,1,japan
1676_1721,1,japan
816_1676,1,japan
329_1676,1,japan
259_1676,1,japan
278_1323,1,japan
278_329,1,japan
329_1721,1,japan
199_259,1,japan
329_816,1,japan
329_847,1,japan
259_329,1,japan
372_847,1,japan
347_1437,0,japan
347_824,0,japan
347_1354,0,japan
167_347,0,japan
347_1068,0,japan
347_348,0,japan
128_347,0,japan
167_1437,0,japan
167_824,0,japan
167_1354,0,japan
348_1354,0,japan
128_1354,0,japan
167_1068,0,japan
167_348,0,japan
128_167,0,japan
128_348,0,japan
197_1388,1,japan
174_574,1,japan
411_574,1,japan
905_1000,1,japan
1000_1323,1,japan
353_1000,1,japan
1000_1216,1,japan
53_1000,1,japan
14_1000,1,japan
470_1000,1,japan
278_1000,1,japan
905_1323,1,japan
905_1081,1,japan
353_905,1,japan
905_1216,1,japan
53_905,1,japan
14_905,1,japan
470_905,1,japan
278_905,1,japan
1216_1323,1,japan
53_1323,1,japan
14_1323,1,japan
470_1323,1,japan
353_1081,1,japan
278_1081,1,japan
353_1216,1,japan
53_353,1,japan
14_353,1,japan
353_470,1,japan
278_353,1,japan
14_1216,1,japan
278_1216,1,japan
14_53,1,japan
53_278,1,japan
14_470,1,japan
14_278,1,japan
278_470,1,japan
354_771,0,japan
534_668,0,japan
457_1159,0,japan
967_1159,0,japan
731_967,0,japan
321_967,0,japan
798_1079,0,japan
798_949,0,japan
798_1708,0,japan
1079_1237,0,japan
1237_1708,0,japan
1079_1708,0,japan
442_1508,1,japan
442_1522,1,japan
291_442,1,japan
72_442,1,japan
439_442,1,japan
122_442,1,japan
69_442,1,japan
439_1508,1,japan
1439_1508,1,japan
69_1508,1,japan
72_1522,1,japan
439_1522,1,japan
1439_1522,1,japan
122_1522,1,japan
69_1522,1,japan
291_439,1,japan
291_1439,1,japan
122_291,1,japan
69_291,1,japan
72_439,1,japan
72_271,1,japan
72_1439,1,japan
72_122,1,japan
69_72,1,japan
439_1439,1,japan
436_1439,1,japan
261_1358,1,japan
261_480,1,japan
261_468,1,japan
85_1529,1,japan
24_85,1,japan
24_1358,1,japan
468_480,1,japan
24_1529,1,japan
660_977,1,japan
1077_1455,1,japan
293_433,1,japan
278_433,1,japan
433_1455,1,japan
576_1645,1,japan
107_576,1,japan
576_595,1,japan
293_576,1,japan
107_1645,1,japan
293_1645,1,japan
278_1645,1,japan
107_595,1,japan
107_293,1,japan
107_1455,1,japan
293_1455,1,japan
103_869,0,japan
103_594,0,japan
452_869,0,japan
452_594,0,japan
83_452,0,japan
452_1210,0,japan
638_941,0,japan
638_1590,0,japan
83_638,0,japan
638_1210,0,japan
750_869,0,japan
869_1210,0,japan
594_750,0,japan
83_594,0,japan
594_1210,0,japan
750_941,0,japan
83_941,0,japan
941_1210,0,japan
750_1590,0,japan
83_1590,0,japan
1210_1590,0,japan
83_134,0,japan
134_1210,0,japan
441_790,0,japan
790_1144,0,japan
540_790,0,japan
441_540,0,japan
540_1144,0,japan
440_725,1,japan
588_1292,0,japan
588_1255,0,japan
602_746,0,japan
308_602,1,japan
602_949,0,japan
556_1647,1,japan
1221_1647,1,japan
285_293,1,japan
293_978,1,japan
1225_1396,0,japan
712_1225,0,japan
1118_1225,0,japan
671_1396,0,japan
1320_1396,0,japan
671_712,0,japan
780_1320,0,japan
917_1280,0,japan
646_1409,0,japan
574_1409,0,japan
197_1014,1,japan
917_1014,1,japan
646_1014,1,japan
574_917,1,japan
574_646,1,japan
386_1673,1,japan
402_1483,1,japan
11_402,1,japan
222_402,1,japan
168_402,1,japan
101_402,1,japan
436_1483,1,japan
101_1483,1,japan
11_802,1,japan
222_802,1,japan
101_802,1,japan
11_222,1,japan
11_119,1,japan
11_101,1,japan
222_1673,1,japan
101_1673,1,japan
101_119,1,japan
101_168,1,japan
101_436,1,japan
101_301,1,japan
101_1495,1,japan
63_72,1,japan
63_340,1,japan
164_1724,1,japan
340_1724,1,japan
136_1724,1,japan
362_1724,1,japan
72_349,1,japan
72_223,1,japan
72_164,1,japan
72_362,1,japan
72_266,1,japan
177_362,1,japan
177_266,1,japan
340_349,1,japan
136_349,1,japan
252_349,1,japan
223_340,1,japan
223_266,1,japan
136_164,1,japan
136_340,1,japan
252_340,1,japan
266_340,1,japan
136_362,1,japan
252_362,1,japan
272_1718,1,japan
148_272,1,japan
247_272,1,japan
356_1718,1,japan
148_356,1,japan
338_356,1,japan
102_1718,1,japan
102_255,1,japan
102_247,1,japan
247_1718,1,japan
69_419,1,japan
251_419,1,japan
255_1508,1,japan
1508_1599,1,japan
247_1508,1,japan
255_338,1,japan
148_338,1,japan
69_148,1,japan
69_338,1,japan
251_338,1,japan
69_251,1,japan
247_1599,1,japan
422_1599,1,japan
247_251,1,japan
251_422,1,japan
337_1508,1,japan
271_337,1,japan
337_402,1,japan
72_337,1,japan
336_1508,1,japan
72_336,1,japan
1299_1508,1,japan
385_1508,1,japan
402_1508,1,japan
111_135,1,japan
402_1299,1,japan
72_1299,1,japan
490_1299,1,japan
271_385,1,japan
385_402,1,japan
72_385,1,japan
241_271,1,japan
271_490,1,japan
111_271,1,japan
402_490,1,japan
72_490,1,japan
72_111,1,japan
406_490,1,japan
360_1219,0,japan
16_489,0,japan
535_1388,0,japan
1388_1470,1,japan
376_1388,1,japan
251_1544,1,japan
122_1544,1,japan
11_1544,1,japan
1544_1693,1,japan
1544_1605,1,japan
251_1693,1,japan
112_251,1,japan
135_338,1,japan
338_1724,1,japan
69_1724,1,japan
69_1605,1,japan
122_135,1,japan
11_135,1,japan
135_439,1,japan
112_122,1,japan
122_1605,1,japan
11_1724,1,japan
11_1605,1,japan
112_1693,1,japan
1605_1693,1,japan
419_1693,1,japan
112_439,1,japan
439_1605,1,japan
1466_1487,0,japan
334_1466,0,japan
756_1466,0,japan
1487_1704,0,japan
334_739,0,japan
739_1704,0,japan
334_1704,0,japan
756_1704,0,japan
669_1704,0,japan
265_713,0,japan
646_713,0,japan
713_1227,0,japan
265_787,0,japan
646_787,0,japan
787_1227,0,japan
265_1227,0,japan
265_1296,0,japan
265_319,0,japan
265_1704,0,japan
174_319,0,japan
174_1704,0,japan
350_1296,0,japan
646_1227,0,japan
646_1296,0,japan
319_646,0,japan
646_1704,0,japan
1227_1296,0,japan
319_1227,0,japan
1227_1704,0,japan
129_1296,0,japan
1296_1704,0,japan
129_1704,0,japan
319_1704,0,japan
463_1396,0,japan
662_1396,0,japan
265_1014,0,japan
265_929,0,japan
265_671,0,japan
265_1186,0,japan
265_1487,0,japan
265_662,0,japan
319_1014,0,japan
319_1487,0,japan
319_662,0,japan
929_1014,0,japan
1014_1186,0,japan
787_1487,0,japan
671_929,0,japan
929_1487,0,japan
662_929,0,japan
1186_1487,0,japan
662_1186,0,japan
863_1091,0,japan
24_1091,0,japan
707_1091,0,japan
24_863,0,japan
707_863,0,japan
24_707,0,japan
151_317,1,japan
87_183,1,japan
183_269,1,japan
183_356,1,japan
183_355,1,japan
183_272,1,japan
102_183,1,japan
183_1642,1,japan
183_1705,1,japan
356_387,1,japan
63_356,1,japan
356_1642,1,japan
356_1705,1,japan
272_387,1,japan
63_355,1,japan
384_1642,1,japan
272_1642,1,japan
272_1705,1,japan
63_102,1,japan
102_1642,1,japan
63_1705,1,japan
343_1642,1,japan
1642_1705,1,japan
837_855,0,japan
274_932,0,japan
396_587,0,japan
396_500,0,japan
815_1349,0,japan
152_170,1,japan
170_1349,0,japan
696_1164,0,japan
696_1045,0,japan
561_598,0,japan
561_1045,1,japan
601_1137,1,japan
200_1128,1,japan
200_310,1,japan
551_857,1,japan
173_1164,0,japan
173_914,0,japan
655_696,0,japan
173_1045,0,japan
434_1089,0,japan
309_398,1,japan
177_222,1,japan
161_1497,1,japan
251_340,1,japan
251_291,1,japan
251_362,1,japan
177_251,1,japan
340_1520,1,japan
291_1520,1,japan
362_1520,1,japan
177_1520,1,japan
436_1520,1,japan
340_1515,1,japan
247_340,1,japan
291_362,1,japan
291_1515,1,japan
266_291,1,japan
247_291,1,japan
362_1515,1,japan
148_161,1,japan
177_1515,1,japan
436_1515,1,japan
247_1515,1,japan
177_247,1,japan
594_1416,1,japan
594_742,1,japan
225_594,1,japan
878_1626,1,japan
912_1626,1,japan
1050_1626,1,japan
594_1626,1,japan
602_1626,1,japan
594_878,1,japan
308_912,1,japan
594_1050,1,japan
594_602,1,japan
334_360,0,japan
360_756,0,japan
756_1280,0,japan
360_669,0,japan
982_1014,1,japan
1041_1103,0,japan
746_1082,0,japan
594_949,0,japan
747_911,1,japan
747_1381,0,japan
747_1396,1,japan
747_983,1,japan
322_747,0,japan
747_1078,1,japan
581_747,1,japan
911_1381,0,japan
322_911,0,japan
983_1381,0,japan
964_1024,1,japan
1024_1396,1,japan
983_1024,1,japan
1024_1078,1,japan
964_1396,1,japan
964_983,1,japan
322_964,0,japan
322_1396,0,japan
322_983,0,japan
322_1078,0,japan
225_750,0,japan
225_452,0,japan
750_1416,0,japan
452_1416,0,japan
742_750,0,japan
452_742,0,japan
750_878,0,japan
452_878,0,japan
750_1050,0,japan
452_1050,0,japan
602_750,0,japan
452_602,0,japan
750_1626,0,japan
452_1626,0,japan
638_912,1,japan
912_941,0,japan
225_1210,0,japan
1210_1416,0,japan
742_1210,0,japan
83_225,0,japan
134_225,0,japan
83_1416,0,japan
134_1416,0,japan
83_742,0,japan
134_742,0,japan
295_1262,0,japan
947_951,0,japan
951_1181,0,japan
1200_1213,1,japan
270_1224,1,japan
270_1656,1,japan
1007_1245,1,japan
1068_1729,1,japan
1240_1354,0,japan
1240_1437,0,japan
841_1354,0,japan
1354_1729,0,japan
1496_1608,1,japan
183_1496,1,japan
247_1496,1,japan
301_1608,1,japan
357_1499,1,japan
1499_1608,1,japan
183_1499,1,japan
247_1499,1,japan
357_1608,1,japan
183_357,1,japan
247_357,1,japan
168_1608,1,japan
168_247,1,japan
1483_1608,1,japan
183_1608,1,japan
247_1608,1,japan
1538_1608,1,japan
164_1608,1,japan
183_1483,1,japan
247_1483,1,japan
183_247,1,japan
183_1538,1,japan
247_1538,1,japan
164_247,1,japan
1645_1676,1,japan
1352_1721,1,japan
329_1352,1,japan
1200_1720,1,japan
329_1645,1,japan
107_329,1,japan
766_964,1,japan
84_1446,1,japan
1392_1396,1,japan
380_1396,1,japan
84_371,1,japan
441_964,1,japan
1221_1381,0,japan
847_1221,1,japan
814_1329,0,japan
814_1144,1,japan
1024_1502,1,japan
1024_1144,1,japan
1073_1284,0,japan
322_1144,0,japan
94_1502,1,japan
213_1170,0,japan
213_790,0,japan
514_1315,0,japan
993_1170,0,japan
993_1253,0,japan
632_1301,0,japan
709_1225,0,japan
1243_1396,0,japan
709_1396,0,japan
15_1396,1,japan
1396_1647,1,japan
857_1396,1,japan
577_1396,1,japan
15_983,1,japan
983_1647,1,japan
857_983,1,japan
577_983,1,japan
15_964,1,japan
964_1647,1,japan
857_964,1,japan
15_1024,1,japan
15_1647,1,japan
15_857,1,japan
15_577,1,japan
857_1024,1,japan
577_857,1,japan
739_1296,0,japan
1296_1409,0,japan
489_1296,0,japan
929_1227,0,japan
739_1227,0,japan
1227_1409,0,japan
1186_1227,0,japan
739_929,0,japan
929_1409,0,japan
739_1186,0,japan
713_739,0,japan
1186_1409,0,japan
713_1409,0,japan
14_1012,1,japan
866_1519,0,japan
719_994,0,japan
126_994,0,japan
866_1171,0,japan
126_719,0,japan
126_497,0,japan
866_1242,0,japan
866_1451,0,japan
802_1499,1,japan
102_802,1,japan
355_802,1,japan
802_1705,1,japan
183_802,1,japan
255_1499,1,japan
1495_1499,1,japan
255_1496,1,japan
255_1495,1,japan
255_1705,1,japan
183_255,1,japan
247_355,1,japan
247_1495,1,japan
247_1705,1,japan
827_1042,0,japan
1232_1242,0,japan
201_1242,0,japan
675_1242,0,japan
990_1560,0,japan
316_990,0,japan
316_942,1,japan
54_765,0,japan
450_933,0,japan
108_199,1,japan
199_1611,1,japan
259_1611,1,japan
237_601,1,japan
237_1465,1,japan
931_1465,1,japan
55_905,1,japan
563_809,0,japan
563_1201,0,japan
84_270,1,japan
1174_1657,0,japan
296_1382,0,japan
237_1007,1,japan
173_237,0,japan
173_1007,0,japan
857_1539,1,japan
982_1157,0,japan
683_1170,0,japan
191_1609,0,japan
615_1167,0,japan
200_841,1,japan
200_1245,1,japan
1164_1213,0,japan
841_1164,0,japan
626_1611,1,japan
696_759,0,japan
244_759,1,japan
759_993,1,japan
696_1279,0,japan
613_696,0,japan
613_993,1,japan
206_1026,0,japan
206_1265,0,japan
1160_1465,1,japan
1143_1160,1,japan
1143_1465,1,japan
1080_1368,1,japan
607_1368,1,japan
514_1368,0,japan
904_1080,0,japan
1080_1170,0,japan
607_1315,0,japan
835_1699,0,japan
373_383,0,japan
1424_1679,0,japan
373_1424,0,japan
30_373,0,japan
1425_1679,0,japan
373_1425,0,japan
373_1430,0,japan
667_762,1,japan
244_790,0,japan
244_1699,0,japan
244_1080,1,japan
790_1026,0,japan
746_798,0,japan
798_1204,0,japan
991_1204,0,japan
746_1590,0,japan
746_941,0,japan
595_865,0,japan
1456_1502,1,japan
576_1456,1,japan
595_1456,1,japan
106_1455,1,japan
106_1602,1,japan
106_800,1,japan
106_847,1,japan
441_1221,1,japan
380_1221,1,japan
800_1455,1,japan
847_1455,1,japan
800_847,1,japan
314_1117,0,japan
309_394,1,japan
245_1117,0,japan
245_249,0,japan
309_1117,0,japan
158_432,1,japan
256_281,0,japan
256_370,0,japan
51_256,0,japan
281_370,0,japan
281_606,0,japan
51_281,0,japan
51_370,0,japan
606_1216,0,japan
347_1141,0,japan
347_1240,0,japan
347_876,0,japan
281_347,0,japan
167_1141,0,japan
348_1141,0,japan
128_1141,0,japan
876_1141,0,japan
281_1141,0,japan
167_1240,0,japan
167_876,0,japan
167_281,0,japan
348_876,0,japan
281_348,0,japan
128_876,0,japan
128_281,0,japan
281_876,0,japan
689_984,0,japan
454_1340,0,japan
454_489,0,japan
454_738,0,japan
738_1243,0,japan
877_1096,0,japan
887_1096,0,japan
600_1096,0,japan
382_1502,0,japan
382_982,0,japan
106_1502,1,japan
982_1502,1,japan
94_104,1,japan
94_1456,1,japan
982_1456,1,japan
683_1456,1,japan
689_922,0,japan
344_689,0,japan
502_689,1,japan
344_627,0,japan
518_1411,0,japan
1249_1297,0,japan
518_1249,0,japan
518_1099,1,japan
1100_1301,0,japan
1221_1315,0,japan
380_1315,0,japan
322_1315,0,japan
114_1080,1,japan
114_1221,1,japan
114_514,0,japan
514_1221,0,japan
322_1221,0,japan
380_514,0,japan
57_836,0,japan
293_836,0,japan
782_836,0,japan
420_836,0,japan
260_836,0,japan
146_836,0,japan
150_836,0,japan
209_836,0,japan
285_836,0,japan
57_293,0,japan
57_782,0,japan
57_420,0,japan
57_260,0,japan
57_146,0,japan
57_150,0,japan
57_285,0,japan
293_782,1,japan
293_420,0,japan
260_293,0,japan
146_293,0,japan
150_293,0,japan
260_782,0,japan
146_782,0,japan
285_782,1,japan
260_420,0,japan
150_420,0,japan
209_420,0,japan
285_420,0,japan
146_260,0,japan
150_260,0,japan
209_260,0,japan
260_285,0,japan
146_285,0,japan
150_285,0,japan
209_593,0,japan
518_1042,1,japan
152_888,1,japan
679_876,0,japan
679_1414,0,japan
246_679,0,japan
246_876,0,japan
1011_1414,0,japan
246_1011,0,japan
246_967,0,japan
967_1011,0,japan
1236_1471,0,japan
1471_1523,0,japan
323_1236,0,japan
323_1523,0,japan
421_1236,0,japan
421_1523,0,japan
222_803,1,japan
505_1231,0,japan
554_782,0,japan
266_338,1,japan
266_317,1,japan
416_1520,1,japan
317_1520,1,japan
121_1158,1,japan
245_1480,0,japan
314_782,0,japan
249_1480,0,japan
222_729,1,japan
662_739,0,japan
662_1227,0,japan
662_1704,0,japan
646_739,0,japan
1014_1227,0,japan
1014_1704,0,japan
1186_1704,0,japan
319_1409,0,japan
646_929,0,japan
1227_1487,0,japan
646_1487,0,japan
1296_1487,0,japan
174_334,0,japan
334_574,0,japan
757_1289,0,japan
757_772,0,japan
686_757,0,japan
886_1289,0,japan
772_1289,0,japan
941_1289,0,japan
899_1289,0,japan
1136_1289,0,japan
989_1289,0,japan
828_1289,0,japan
686_1289,0,japan
772_886,0,japan
886_899,0,japan
686_886,0,japan
772_1136,0,japan
772_989,0,japan
899_1136,0,japan
899_989,0,japan
686_1136,0,japan
686_989,0,japan
346_1289,0,japan
1007_1026,0,japan
68_1028,0,japan
925_1096,0,japan
1390_1394,0,japan
781_1390,0,japan
661_1417,0,japan
941_1159,0,japan
813_941,0,japan
690_1168,0,japan
588_806,0,japan
329_978,1,japan
329_433,1,japan
94_329,1,japan
106_329,1,japan
433_978,1,japan
106_978,1,japan
106_433,1,japan
1000_1012,1,japan
278_1012,1,japan
293_1502,1,japan
847_1502,1,japan
1143_1455,1,japan
293_1143,1,japan
293_847,1,japan
1233_1301,0,japan
66_903,0,japan
852_882,0,japan
948_1011,0,japan
911_1284,1,japan
607_747,1,japan
747_1284,1,japan
857_928,1,japan
1361_1698,0,japan
798_828,0,japan
812_828,0,japan
686_798,0,japan
686_812,0,japan
511_549,0,japan
689_762,1,japan
689_1057,1,japan
762_1428,0,japan
1057_1428,0,japan
230_412,1,japan
217_230,1,japan
183_218,1,japan
218_384,1,japan
218_239,1,japan
135_183,1,japan
183_1682,1,japan
183_340,1,japan
135_340,1,japan
135_164,1,japan
340_1682,1,japan
239_1682,1,japan
217_340,1,japan
340_384,1,japan
239_384,1,japan
222_342,1,japan
177_385,1,japan
177_490,1,japan
340_490,1,japan
490_1642,1,japan
111_177,1,japan
87_222,1,japan
111_340,1,japan
337_340,1,japan
340_1642,1,japan
340_832,1,japan
87_340,1,japan
111_1642,1,japan
114_439,1,japan
114_122,1,japan
114_1693,1,japan
114_269,1,japan
69_114,1,japan
439_1567,1,japan
122_1567,1,japan
1567_1693,1,japan
269_1567,1,japan
119_439,1,japan
439_1299,1,japan
119_122,1,japan
119_1693,1,japan
119_269,1,japan
122_269,1,japan
269_1693,1,japan
1299_1693,1,japan
69_269,1,japan
269_1299,1,japan
463_1118,0,japan
463_712,0,japan
129_463,0,japan
463_780,0,japan
130_724,0,japan
303_1292,0,japan
303_1045,0,japan
762_1292,1,japan
904_1003,0,japan
904_1045,0,japan
1045_1292,1,japan
756_1243,0,japan
712_1243,0,japan
1099_1613,1,japan
518_1102,1,japan
518_1334,1,japan
325_439,1,japan
439_1515,1,japan
329_1515,1,japan
329_1299,1,japan
329_1605,1,japan
329_626,1,japan
329_1292,1,japan
278_325,1,japan
278_1515,1,japan
278_1602,1,japan
278_490,1,japan
278_626,1,japan
325_1515,1,japan
325_490,1,japan
1515_1609,1,japan
1602_1609,1,japan
490_1609,1,japan
1605_1609,1,japan
1299_1515,1,japan
1515_1605,1,japan
490_1292,1,japan
1292_1605,1,japan
433_1292,1,japan
1567_1702,1,japan
1656_1676,1,japan
1642_1656,1,japan
1439_1656,1,japan
1656_1721,1,japan
1081_1656,1,japan
1052_1656,1,japan
1544_1721,1,japan
1544_1567,1,japan
1439_1676,1,japan
1245_1645,1,japan
1567_1642,1,japan
1081_1642,1,japan
1439_1721,1,japan
1081_1439,1,japan
1439_1645,1,japan
1439_1693,1,japan
1567_1721,1,japan
377_1721,1,japan
1693_1721,1,japan
1081_1567,1,japan
1567_1645,1,japan
1052_1081,1,japan
1081_1645,1,japan
1244_1494,0,japan
157_1494,0,japan
815_1559,0,japan
266_1508,1,japan
266_336,1,japan
336_1673,1,japan
87_1544,1,japan
387_1608,1,japan
87_1608,1,japan
87_1508,1,japan
336_1608,1,japan
215_1332,0,japan
215_913,0,japan
215_1287,0,japan
215_534,0,japan
215_495,0,japan
215_558,0,japan
558_1332,0,japan
558_913,0,japan
558_1287,0,japan
534_558,0,japan
495_558,0,japan
101_291,1,japan
291_349,1,japan
355_419,1,japan
355_1508,1,japan
85_1508,1,japan
266_402,1,japan
266_355,1,japan
362_402,1,japan
136_355,1,japan
356_385,1,japan
356_868,1,japan
337_356,1,japan
336_356,1,japan
135_1325,1,japan
72_1325,1,japan
325_1325,1,japan
385_387,1,japan
325_385,1,japan
135_868,1,japan
325_868,1,japan
72_1642,1,japan
325_1642,1,japan
135_387,1,japan
72_387,1,japan
325_387,1,japan
135_148,1,japan
72_148,1,japan
325_337,1,japan
325_336,1,japan
1016_1249,0,japan
1231_1249,0,japan
908_1249,0,japan
1231_1306,0,japan
1016_1231,0,japan
703_866,0,japan
908_1231,0,japan
313_745,0,japan
70_102,1,japan
70_136,1,japan
70_802,1,japan
11_70,1,japan
70_1724,1,japan
102_136,1,japan
11_102,1,japan
102_217,1,japan
102_1724,1,japan
349_802,1,japan
362_802,1,japan
340_802,1,japan
338_802,1,japan
802_1724,1,japan
11_362,1,japan
11_340,1,japan
11_217,1,japan
183_338,1,japan
217_1724,1,japan
1483_1508,1,japan
101_1508,1,japan
168_223,1,japan
101_164,1,japan
94_107,1,japan
160_1388,1,japan
385_1470,1,japan
1325_1470,1,japan
917_1388,1,japan
794_1388,1,japan
126_876,0,japan
585_876,0,japan
126_1141,0,japan
585_1141,0,japan
126_585,0,japan
126_348,0,japan
348_585,0,japan
497_631,0,japan
270_492,1,japan
84_199,1,japan
683_1315,0,japan
316_646,1,japan
412_1602,1,japan
747_1077,1,japan
259_1128,1,japan
949_1050,0,japan
878_949,0,japan
334_454,0,japan
334_1243,0,japan
1368_1456,1,japan
577_1368,1,japan
983_1368,1,japan
15_1368,1,japan
313_1368,1,japan
577_1456,1,japan
983_1456,1,japan
15_1456,1,japan
435_1592,1,japan
313_689,1,japan
94_119,1,japan
1024_1368,1,japan
857_1368,1,japan
412_626,1,japan
1352_1544,1,japan
239_1721,1,japan
1240_1676,1,japan
384_1721,1,japan
384_422,1,japan
384_1352,1,japan
422_1240,1,japan
1240_1352,1,japan
422_1721,1,japan
422_1352,1,japan
490_1439,1,japan
342_1439,1,japan
868_1439,1,japan
1439_1515,1,japan
336_1439,1,japan
87_1439,1,japan
868_1515,1,japan
336_1515,1,japan
87_1515,1,japan
535_917,0,japan
174_669,0,japan
1210_1280,0,japan
174_360,1,japan
756_1225,0,japan
129_756,0,japan
135_357,1,japan
357_1673,1,japan
177_338,1,japan
338_1673,1,japan
266_1599,1,japan
1299_1599,1,japan
135_1483,1,japan
177_1483,1,japan
135_1495,1,japan
135_177,1,japan
135_222,1,japan
177_1495,1,japan
1299_1673,1,japan
87_1682,1,japan
291_1538,1,japan
336_1538,1,japan
385_1538,1,japan
1538_1642,1,japan
336_384,1,japan
384_385,1,japan
291_385,1,japan
291_1608,1,japan
291_1682,1,japan
272_291,1,japan
272_336,1,japan
385_1496,1,japan
272_1496,1,japan
272_385,1,japan
1608_1642,1,japan
272_1608,1,japan
272_1682,1,japan
269_337,1,japan
269_442,1,japan
119_343,1,japan
114_343,1,japan
337_343,1,japan
343_442,1,japan
119_442,1,japan
114_490,1,japan
114_868,1,japan
114_385,1,japan
114_337,1,japan
114_442,1,japan
991_1159,0,japan
991_1708,0,japan
558_1301,0,japan
542_558,0,japan
558_1309,0,japan
336_1718,1,japan
342_1718,1,japan
1642_1718,1,japan
337_1718,1,japan
87_1718,1,japan
342_356,1,japan
101_340,1,japan
325_340,1,japan
72_251,1,japan
11_72,1,japan
72_101,1,japan
72_1520,1,japan
70_325,1,japan
101_177,1,japan
177_325,1,japan
251_325,1,japan
101_217,1,japan
101_325,1,japan
325_1520,1,japan
1237_1350,0,japan
650_1171,0,japan
767_1171,0,japan
201_866,0,japan
201_650,0,japan
201_767,0,japan
201_1519,0,japan
675_866,0,japan
650_675,0,japan
675_767,0,japan
675_1519,0,japan
650_866,0,japan
767_866,0,japan
650_767,0,japan
650_1242,0,japan
650_1451,0,japan
650_1519,0,japan
767_1242,0,japan
767_1451,0,japan
767_1519,0,japan
147_486,0,japan
461_937,0,japan
237_1292,1,japan
601_790,0,japan
601_613,1,japan
696_984,0,japan
607_790,0,japan
696_790,0,japan
607_696,0,japan
696_1292,0,japan
587_1292,0,japan
711_729,1,japan
1159_1356,0,japan
852_1159,0,japan
1100_1159,0,japan
1356_1708,0,japan
852_1708,0,japan
1100_1708,0,japan
1043_1100,0,japan
813_1356,0,japan
813_852,0,japan
246_813,0,japan
813_1100,0,japan
246_798,0,japan
755_1178,0,japan
925_1178,0,japan
385_411,1,japan
387_411,1,japan
411_1642,1,japan
342_411,1,japan
411_490,1,japan
337_411,1,japan
411_1325,1,japan
411_868,1,japan
336_411,1,japan
87_411,1,japan
1151_1236,0,japan
586_1236,0,japan
933_1236,0,japan
591_1236,0,japan
512_663,0,japan
731_936,0,japan
558_731,0,japan
495_731,0,japan
731_1309,0,japan
731_781,0,japan
731_1301,0,japan
731_913,0,japan
731_1332,0,japan
558_936,0,japan
936_967,0,japan
781_936,0,japan
913_936,0,japan
558_967,0,japan
558_781,0,japan
495_781,0,japan
967_1309,0,japan
781_1309,0,japan
913_1309,0,japan
781_967,0,japan
967_1301,0,japan
967_1332,0,japan
781_913,0,japan
781_1332,0,japan
114_832,1,japan
832_1605,1,japan
832_1693,1,japan
832_1608,1,japan
439_832,1,japan
325_832,1,japan
72_832,1,japan
1515_1567,1,japan
1508_1567,1,japan
72_1567,1,japan
114_1515,1,japan
1508_1605,1,japan
72_1605,1,japan
122_1608,1,japan
122_1515,1,japan
122_325,1,japan
1608_1693,1,japan
1515_1693,1,japan
325_1693,1,japan
72_1693,1,japan
439_1608,1,japan
1508_1515,1,japan
72_1515,1,japan
336_343,1,japan
343_436,1,japan
269_291,1,japan
269_436,1,japan
168_336,1,japan
168_385,1,japan
168_337,1,japan
168_291,1,japan
168_1642,1,japan
111_168,1,japan
337_1538,1,japan
436_1538,1,japan
111_1538,1,japan
272_337,1,japan
111_291,1,japan
111_436,1,japan
111_272,1,japan
340_1718,1,japan
340_1599,1,japan
384_1718,1,japan
177_384,1,japan
177_356,1,japan
101_356,1,japan
356_357,1,japan
101_1718,1,japan
177_301,1,japan
101_357,1,japan
1382_1428,0,japan
1428_1592,0,japan
696_1428,0,japan
1428_1690,0,japan
313_1428,0,japan
296_1428,0,japan
498_1382,0,japan
498_1592,0,japan
296_498,0,japan
1382_1592,0,japan
696_1382,0,japan
1382_1690,0,japan
313_1382,0,japan
689_1382,0,japan
627_1382,0,japan
984_1382,0,japan
696_1592,0,japan
1592_1690,0,japan
689_1592,1,japan
627_1592,1,japan
984_1592,0,japan
696_1690,0,japan
313_696,0,japan
689_696,0,japan
296_696,0,japan
313_1690,0,japan
689_1690,0,japan
627_1690,0,japan
296_1690,0,japan
984_1690,0,japan
313_1609,1,japan
296_313,0,japan
313_984,0,japan
296_689,0,japan
296_627,0,japan
296_984,0,japan
517_760,0,japan
517_1242,0,japan
517_1421,0,japan
517_549,0,japan
517_767,0,japan
517_1171,0,japan
517_1451,0,japan
517_866,0,japan
760_1421,0,japan
549_760,0,japan
344_760,0,japan
502_760,0,japan
760_1330,0,japan
1242_1421,0,japan
549_1242,0,japan
344_1242,0,japan
502_1242,0,japan
1242_1330,0,japan
549_1421,0,japan
344_1421,0,japan
767_1421,0,japan
1171_1421,0,japan
1421_1451,0,japan
1421_1621,0,japan
1421_1519,0,japan
866_1421,0,japan
502_1421,0,japan
1330_1421,0,japan
344_549,0,japan
549_1451,0,japan
549_866,0,japan
502_549,0,japan
549_1330,0,japan
344_767,0,japan
344_1171,0,japan
344_1451,0,japan
344_1519,0,japan
344_866,0,japan
502_767,0,japan
502_1171,0,japan
502_1451,0,japan
1330_1451,0,japan
502_1519,0,japan
502_866,0,japan
866_1330,0,japan
903_1188,0,japan
382_903,0,japan
1104_1596,0,japan
331_932,0,japan
932_1467,0,japan
898_1232,0,japan
898_1300,0,japan
396_831,0,japan
1232_1300,0,japan
274_573,0,japan
703_1168,0,japan
1168_1519,0,japan
587_1195,0,japan
703_1519,0,japan
703_1044,0,japan
747_1170,0,japan
1026_1170,0,japan
1077_1170,0,japan
237_1164,0,japan
213_237,0,japan
237_1143,1,japan
237_1047,1,japan
237_1026,0,japan
237_1265,0,japan
747_1164,0,japan
1143_1164,0,japan
1047_1164,0,japan
1164_1699,0,japan
1026_1164,0,japan
1077_1164,0,japan
747_1253,0,japan
213_747,0,japan
747_1213,1,japan
747_1047,1,japan
747_1699,0,japan
747_1026,0,japan
747_1265,0,japan
1143_1253,0,japan
1026_1253,0,japan
213_1143,0,japan
213_1077,0,japan
213_1265,0,japan
1143_1699,0,japan
1026_1143,0,japan
1143_1265,0,japan
1213_1699,0,japan
1047_1699,0,japan
993_1047,1,japan
1026_1077,0,japan
759_1160,1,japan
1160_1720,1,japan
1160_1167,0,japan
965_1080,1,japan
965_1465,1,japan
790_965,0,japan
965_1720,1,japan
244_965,1,japan
965_1167,0,japan
914_1080,0,japan
759_1080,1,japan
1080_1720,1,japan
1080_1167,0,japan
1003_1080,0,japan
1080_1157,0,japan
914_1465,0,japan
759_1465,1,japan
904_1465,0,japan
790_1465,0,japan
206_1465,0,japan
1465_1720,1,japan
244_1465,1,japan
1167_1465,0,japan
1003_1465,0,japan
1157_1465,0,japan
914_1720,0,japan
244_914,0,japan
914_1003,0,japan
206_759,0,japan
759_1720,1,japan
904_1720,0,japan
244_904,0,japan
904_1167,0,japan
790_1720,0,japan
206_1720,0,japan
244_1720,1,japan
1167_1720,0,japan
1003_1720,0,japan
244_1167,0,japan
244_1003,0,japan
244_1157,0,japan
237_759,1,japan
696_1057,0,japan
696_1167,0,japan
607_1057,1,japan
313_1057,1,japan
313_607,1,japan
601_1167,0,japan
1143_1167,0,japan
497_916,0,japan
497_1249,0,japan
497_1042,0,japan
497_1102,0,japan
388_497,0,japan
497_518,0,japan
916_1249,0,japan
916_1042,0,japan
518_916,0,japan
827_916,0,japan
740_916,0,japan
916_1182,0,japan
908_916,0,japan
1042_1249,0,japan
388_1249,0,japan
827_1249,0,japan
740_1249,0,japan
1182_1249,0,japan
740_1042,0,japan
1042_1182,0,japan
908_1042,0,japan
1183_1239,0,japan
765_1183,0,japan
54_1183,0,japan
388_1102,0,japan
388_518,0,japan
388_740,0,japan
765_1239,0,japan
54_1239,0,japan
518_740,0,japan
740_827,0,japan
827_1182,0,japan
827_908,0,japan
740_908,0,japan
908_1182,0,japan
745_1057,0,japan
655_1057,0,japan
696_745,0,japan
745_1630,0,japan
745_1465,0,japan
745_849,0,japan
655_745,0,japan
745_762,0,japan
1160_1265,0,japan
696_762,0,japan
849_1630,0,japan
655_1630,0,japan
762_1630,0,japan
244_1265,0,japan
762_1465,1,japan
655_849,0,japan
762_849,0,japan
770_1630,0,japan
770_1279,0,japan
770_943,0,japan
511_770,0,japan
511_1630,0,japan
1368_1630,0,japan
943_1279,0,japan
511_1368,0,japan
144_753,0,japan
144_471,0,japan
144_773,0,japan
144_207,0,japan
471_753,0,japan
471_773,0,japan
207_471,0,japan
91_1708,0,japan
91_813,0,japan
91_798,0,japan
91_246,0,japan
91_1041,0,japan
91_1159,0,japan
91_1233,0,japan
91_326,0,japan
91_1100,0,japan
91_1413,0,japan
91_852,0,japan
91_1063,0,japan
326_1708,0,japan
326_813,0,japan
326_798,0,japan
798_1063,0,japan
246_1413,0,japan
246_991,0,japan
1041_1233,0,japan
326_1041,0,japan
1041_1100,0,japan
852_1041,0,japan
1041_1063,0,japan
326_1159,0,japan
326_1413,0,japan
326_991,0,japan
1100_1413,0,japan
991_1100,0,japan
1063_1413,0,japan
852_991,0,japan
991_1063,0,japan
816_1167,0,japan
816_1455,1,japan
244_816,1,japan
1007_1465,1,japan
1007_1455,1,japan
1007_1045,1,japan
904_1455,0,japan
540_904,0,japan
173_904,0,japan
835_904,0,japan
540_1465,0,japan
1167_1455,0,japan
540_1167,0,japan
835_1167,0,japan
931_1167,0,japan
540_1455,0,japan
173_1455,0,japan
914_1455,0,japan
1157_1455,0,japan
244_1455,1,japan
1045_1455,1,japan
835_1455,0,japan
931_1455,1,japan
173_540,0,japan
540_914,0,japan
540_1157,0,japan
244_540,0,japan
540_835,0,japan
540_931,0,japan
835_914,0,japan
914_931,0,japan
244_835,0,japan
866_1099,0,japan
1099_1451,0,japan
1099_1242,0,japan
767_1099,0,japan
1168_1171,0,japan
866_1232,0,japan
767_1232,0,japan
866_1168,0,japan
1168_1451,0,japan
1168_1421,0,japan
767_1168,0,japan
502_1168,0,japan
1221_1431,1,japan
1381_1431,0,japan
983_1431,1,japan
964_1221,1,japan
964_1456,1,japan
1024_1221,1,japan
577_1221,1,japan
1221_1456,1,japan
577_766,1,japan
322_766,0,japan
1073_1456,0,japan
1024_1456,1,japan
322_1456,0,japan
441_983,1,japan
1041_1350,0,japan
1041_1356,0,japan
403_1041,0,japan
812_852,0,japan
746_852,0,japan
403_852,0,japan
812_1233,0,japan
1204_1233,0,japan
746_1233,0,japan
403_1233,0,japan
403_991,0,japan
812_1350,0,japan
91_812,0,japan
812_1204,0,japan
812_1356,0,japan
812_1100,0,japan
746_812,0,japan
812_1063,0,japan
403_812,0,japan
91_1350,0,japan
403_1350,0,japan
91_1237,0,japan
91_1356,0,japan
91_403,0,japan
403_798,0,japan
1204_1237,0,japan
746_1237,0,japan
1063_1237,0,japan
403_1237,0,japan
1204_1413,0,japan
403_1204,0,japan
403_1356,0,japan
746_1413,0,japan
403_1413,0,japan
746_1100,0,japan
403_1100,0,japan
746_1063,0,japan
403_746,0,japan
403_1063,0,japan
138_332,0,japan
1018_1678,0,japan
1017_1018,0,japan
1018_1658,0,japan
1017_1678,0,japan
1658_1678,0,japan
1017_1658,0,japan
882_989,0,japan
989_1365,0,japan
713_1289,0,japan
1227_1289,0,japan
828_895,0,japan
828_1179,0,japan
828_882,0,japan
828_1365,0,japan
686_895,0,japan
895_1365,0,japan
686_1179,0,japan
1179_1365,0,japan
882_1136,0,japan
1136_1365,0,japan
757_882,0,japan
757_1365,0,japan
686_882,0,japan
686_1365,0,japan
882_1365,0,japan
895_1708,0,japan
1179_1708,0,japan
882_1708,0,japan
246_941,0,japan
246_757,0,japan
638_813,0,japan
813_1079,0,japan
882_941,0,japan
638_882,0,japan
882_1043,0,japan
882_1079,0,japan
910_1345,0,japan
668_1345,0,japan
558_1345,0,japan
509_1345,0,japan
542_1345,0,japan
1345_1390,0,japan
1345_1709,0,japan
731_1345,0,japan
1301_1345,0,japan
1345_1394,0,japan
1309_1345,0,japan
936_1345,0,japan
781_1345,0,japan
668_910,0,japan
558_910,0,japan
509_910,0,japan
542_910,0,japan
910_1709,0,japan
731_910,0,japan
910_1301,0,japan
910_1394,0,japan
910_1309,0,japan
910_936,0,japan
781_910,0,japan
558_668,0,japan
509_668,0,japan
668_1390,0,japan
668_1709,0,japan
668_731,0,japan
668_1394,0,japan
668_781,0,japan
509_558,0,japan
558_1390,0,japan
558_1709,0,japan
558_1394,0,japan
509_542,0,japan
509_1390,0,japan
509_1709,0,japan
509_731,0,japan
509_1301,0,japan
509_1394,0,japan
509_1309,0,japan
509_936,0,japan
509_781,0,japan
542_1390,0,japan
542_1709,0,japan
542_731,0,japan
542_1394,0,japan
542_781,0,japan
1390_1709,0,japan
731_1390,0,japan
1301_1390,0,japan
1309_1390,0,japan
936_1390,0,japan
731_1709,0,japan
1301_1709,0,japan
1309_1709,0,japan
936_1709,0,japan
731_1394,0,japan
1301_1394,0,japan
1309_1394,0,japan
936_1394,0,japan
120_1330,0,japan
120_502,0,japan
120_760,0,japan
654_689,0,japan
689_761,0,japan
915_1279,0,japan
627_654,0,japan
627_849,0,japan
627_761,0,japan
654_1382,0,japan
654_1428,0,japan
654_1279,0,japan
654_849,0,japan
654_761,0,japan
296_654,0,japan
849_1382,0,japan
761_1382,0,japan
849_1428,0,japan
761_1428,0,japan
849_1279,0,japan
761_849,0,japan
296_849,0,japan
849_1592,0,japan
296_761,0,japan
761_1592,0,japan
189_1306,0,japan
1042_1306,0,japan
1182_1306,0,japan
908_1120,0,japan
631_908,0,japan
1120_1249,0,japan
631_1249,0,japan
1016_1120,0,japan
827_1016,0,japan
1016_1182,0,japan
189_1042,0,japan
916_1231,0,japan
916_1120,0,japan
631_916,0,japan
1120_1231,0,japan
631_1231,0,japan
1042_1231,0,japan
1182_1231,0,japan
631_1120,0,japan
827_1120,0,japan
1042_1120,0,japan
631_827,0,japan
631_1042,0,japan
495_1082,0,japan
967_1082,0,japan
620_1082,0,japan
1082_1404,0,japan
346_1082,0,japan
1082_1332,0,japan
1082_1287,0,japan
534_1082,0,japan
495_769,0,japan
769_967,0,japan
620_769,0,japan
769_1404,0,japan
346_769,0,japan
769_1332,0,japan
769_1287,0,japan
534_769,0,japan
495_620,0,japan
495_1404,0,japan
495_1346,0,japan
346_495,0,japan
620_967,0,japan
967_1404,0,japan
346_967,0,japan
924_1346,0,japan
346_924,0,japan
924_1301,0,japan
731_924,0,japan
924_936,0,japan
620_1332,0,japan
620_1287,0,japan
534_620,0,japan
1332_1404,0,japan
1287_1404,0,japan
534_1404,0,japan
346_1346,0,japan
1332_1346,0,japan
936_1346,0,japan
1287_1346,0,japan
346_1301,0,japan
346_1332,0,japan
346_731,0,japan
346_936,0,japan
346_1287,0,japan
346_534,0,japan
731_1287,0,japan
534_731,0,japan
534_936,0,japan
443_1461,0,japan
443_1424,0,japan
443_1541,0,japan
383_443,0,japan
47_443,0,japan
30_443,0,japan
443_1430,0,japan
1424_1461,0,japan
1461_1541,0,japan
383_1461,0,japan
47_1461,0,japan
30_1461,0,japan
1430_1461,0,japan
620_870,0,japan
481_620,0,japan
620_1079,0,japan
620_1308,0,japan
620_1310,0,japan
620_912,0,japan
620_941,0,japan
620_1272,0,japan
620_638,0,japan
481_870,0,japan
870_1404,0,japan
870_1079,0,japan
870_1308,0,japan
870_1310,0,japan
870_912,0,japan
870_941,0,japan
870_1272,0,japan
638_870,0,japan
870_1082,0,japan
769_870,0,japan
481_1404,0,japan
481_1079,0,japan
481_1308,0,japan
481_1310,0,japan
481_912,0,japan
481_941,0,japan
481_1272,0,japan
481_746,0,japan
481_1204,0,japan
481_638,0,japan
481_1082,0,japan
481_769,0,japan
1079_1404,0,japan
1308_1404,0,japan
1310_1404,0,japan
912_1404,0,japan
941_1404,0,japan
1272_1404,0,japan
746_1404,0,japan
1204_1404,0,japan
638_1404,0,japan
912_1308,0,japan
941_1308,0,japan
638_1308,0,japan
746_912,0,japan
912_1204,0,japan
912_1082,0,japan
769_912,0,japan
941_1272,0,japan
941_1204,0,japan
769_941,0,japan
638_1272,0,japan
638_1204,0,japan
638_1082,0,japan
638_769,0,japan
739_1096,0,japan
1096_1374,0,japan
790_1221,0,japan
1265_1720,0,japan
145_310,1,japan
790_983,0,japan
983_1080,1,japan
1502_1647,1,japan
601_1080,1,japan
1284_1396,1,japan
978_1258,1,japan
978_1699,0,japan
747_841,1,japan
841_1699,0,japan
106_1699,0,japan
173_1253,0,japan
173_1143,0,japan
173_1026,0,japan
173_1094,0,japan
268_1470,0,japan
1470_1540,0,japan
1151_1184,0,japan
179_1151,0,japan
1151_1660,0,japan
124_1151,0,japan
1151_1293,0,japan
999_1660,0,japan
179_533,0,japan
533_1660,0,japan
533_1293,0,japan
934_1184,0,japan
179_323,0,japan
323_1660,0,japan
124_934,0,japan
323_1293,0,japan
106_1143,1,japan
293_1258,1,japan
106_293,1,japan
800_1699,0,japan
293_800,1,japan
1303_1502,0,japan
175_1067,0,japan
181_1646,0,japan
181_1494,0,japan
181_440,0,japan
181_1067,0,japan
170_1002,0,japan
1494_1646,0,japan
440_1646,0,japan
1067_1646,0,japan
305_947,0,japan
947_1244,0,japan
440_1494,0,japan
1067_1494,0,japan
305_1244,0,japan
815_1002,0,japan
440_1067,1,japan
794_1031,1,japan
876_1198,0,japan
876_1031,0,japan
160_1031,1,japan
535_1198,0,japan
1198_1466,1,japan
535_1466,0,japan
1031_1466,1,japan
1466_1725,0,japan
1466_1672,0,japan
192_1720,0,japan
1720_1725,0,japan
192_1725,0,japan
192_1421,0,japan
1672_1725,0,japan
1177_1334,0,japan
233_1177,0,japan
725_1177,0,japan
1177_1307,0,japan
1038_1177,0,japan
981_1102,0,japan
233_1334,1,japan
725_1334,1,japan
1307_1334,0,japan
233_725,1,japan
233_1307,0,japan
388_981,0,japan
518_981,0,japan
840_1109,0,japan
840_966,0,japan
690_840,0,japan
725_1307,0,japan
725_1038,1,japan
1038_1307,0,japan
966_1109,0,japan
690_1109,0,japan
1425_1461,0,japan
443_1425,0,japan
702_1281,0,japan
1281_1292,0,japan
843_1281,0,japan
864_1254,0,japan
702_864,0,japan
500_864,0,japan
864_1292,0,japan
864_927,0,japan
864_1524,0,japan
153_1349,0,japan
702_1254,0,japan
500_1254,0,japan
927_1254,0,japan
1254_1524,0,japan
588_1254,0,japan
153_1559,0,japan
500_702,0,japan
702_1292,0,japan
702_843,0,japan
702_927,0,japan
702_1524,0,japan
588_702,0,japan
500_1292,1,japan
500_843,0,japan
500_1524,0,japan
500_588,0,japan
927_1292,0,japan
1292_1524,0,japan
843_927,0,japan
843_1524,0,japan
588_843,0,japan
927_1524,0,japan
588_927,0,japan
588_1524,0,japan
841_1455,1,japan
841_1478,0,japan
841_904,0,japan
841_1200,1,japan
1455_1478,0,japan
1164_1455,0,japan
1026_1455,0,japan
1455_1699,0,japan
1047_1455,1,japan
747_1455,1,japan
303_1478,0,japan
1478_1699,0,japan
922_1478,0,japan
1047_1478,0,japan
904_1026,0,japan
904_1699,0,japan
904_1047,0,japan
747_904,0,japan
303_1200,0,japan
200_303,0,japan
1200_1699,0,japan
200_1200,1,japan
173_747,0,japan
922_1047,0,japan
200_922,0,japan
607_914,0,japan
1051_1415,0,japan
26_331,0,japan
185_1125,0,japan
133_881,0,japan
99_881,0,japan
180_881,0,japan
881_1121,0,japan
133_304,0,japan
97_133,0,japan
133_1283,0,japan
133_682,0,japan
32_133,0,japan
133_715,0,japan
133_180,0,japan
133_178,0,japan
304_1532,0,japan
180_1532,0,japan
99_304,0,japan
304_1490,0,japan
180_304,0,japan
304_1121,0,japan
97_99,0,japan
97_180,0,japan
97_1121,0,japan
99_1283,0,japan
180_1283,0,japan
1121_1283,0,japan
99_682,0,japan
180_682,0,japan
682_1121,0,japan
32_99,0,japan
99_715,0,japan
99_180,0,japan
99_178,0,japan
32_180,0,japan
32_1121,0,japan
180_1490,0,japan
180_715,0,japan
715_1121,0,japan
180_1121,0,japan
178_180,0,japan
178_1121,0,japan
215_967,0,japan
215_1283,0,japan
215_1414,0,japan
215_1011,0,japan
813_1011,0,japan
967_1283,0,japan
495_1283,0,japan
1283_1414,0,japan
1283_1287,0,japan
1011_1283,0,japan
495_1011,0,japan
1011_1287,0,japan
368_1315,0,japan
368_1057,0,japan
368_943,0,japan
654_696,0,japan
313_654,0,japan
654_1391,0,japan
607_943,0,japan
696_943,0,japan
696_1391,0,japan
849_943,0,japan
849_1391,0,japan
665_1315,0,japan
313_1315,0,japan
745_1315,0,japan
665_1057,0,japan
665_943,0,japan
313_665,0,japan
665_745,0,japan
665_1391,0,japan
313_943,0,japan
313_1391,1,japan
745_1391,0,japan
745_1609,0,japan
1308_1590,0,japan
1336_1404,0,japan
1404_1590,0,japan
918_1404,0,japan
870_1336,0,japan
481_1336,0,japan
620_1336,0,japan
638_1336,0,japan
912_1336,0,japan
1336_1590,0,japan
870_1590,0,japan
870_918,0,japan
481_1590,0,japan
481_918,0,japan
620_1590,0,japan
620_918,0,japan
1272_1590,0,japan
638_918,0,japan
912_1590,0,japan
912_918,0,japan
769_1590,0,japan
918_1590,0,japan
180_1393,0,japan
180_1691,0,japan
99_1393,0,japan
133_1393,0,japan
1121_1393,0,japan
1284_1431,1,japan
1329_1396,0,japan
1094_1329,0,japan
1329_1392,0,japan
857_1329,0,japan
514_1329,0,japan
380_983,1,japan
983_1094,0,japan
514_983,0,japan
551_1396,1,japan
551_1392,1,japan
1094_1396,0,japan
514_1396,0,japan
576_1396,1,japan
380_1094,0,japan
1094_1392,0,japan
857_1094,0,japan
514_1094,0,japan
576_1094,0,japan
293_372,1,japan
857_1392,1,japan
576_1392,1,japan
514_576,0,japan
740_1231,0,japan
497_1231,0,japan
631_740,0,japan
40_1292,1,japan
40_1725,0,japan
740_1725,0,japan
740_1235,0,japan
1047_1725,0,japan
497_1725,0,japan
497_1235,0,japan
965_1292,1,japan
1235_1725,0,japan
860_932,0,japan
700_932,0,japan
228_932,0,japan
791_932,0,japan
932_1262,0,japan
932_1555,0,japan
295_932,0,japan
898_1360,0,japan
700_860,0,japan
228_860,0,japan
791_860,0,japan
860_1262,0,japan
860_1555,0,japan
295_860,0,japan
228_700,0,japan
700_791,0,japan
700_1262,0,japan
700_1555,0,japan
295_700,0,japan
898_1044,0,japan
228_1262,0,japan
228_1555,0,japan
228_295,0,japan
791_1262,0,japan
791_1555,0,japan
295_791,0,japan
1455_1720,1,japan
173_1170,0,japan
173_1720,0,japan
107_826,1,japan
94_865,0,japan
104_865,0,japan
107_865,0,japan
1164_1720,0,japan
1047_1720,1,japan
1026_1720,0,japan
104_107,1,japan
918_1208,0,japan
1208_1336,0,japan
1208_1404,0,japan
1208_1272,0,japan
912_1208,0,japan
918_941,0,japan
941_1336,0,japan
558_948,0,japan
731_948,0,japan
948_1301,0,japan
509_948,0,japan
948_1309,0,japan
948_1394,0,japan
948_1390,0,japan
910_948,0,japan
542_948,0,japan
948_1332,0,japan
781_948,0,japan
948_1709,0,japan
936_948,0,japan
509_1332,0,japan
1332_1394,0,japan
1332_1390,0,japan
910_1332,0,japan
1332_1709,0,japan
292_346,0,japan
292_772,0,japan
292_720,0,japan
292_1185,0,japan
292_948,0,japan
292_1346,0,japan
292_1345,0,japan
292_1390,0,japan
292_910,0,japan
292_1332,0,japan
292_668,0,japan
292_544,0,japan
346_720,0,japan
346_1185,0,japan
346_948,0,japan
346_1345,0,japan
346_1390,0,japan
346_910,0,japan
346_668,0,japan
346_544,0,japan
720_772,0,japan
772_1185,0,japan
772_948,0,japan
772_1346,0,japan
772_1345,0,japan
772_1390,0,japan
772_910,0,japan
772_1332,0,japan
668_772,0,japan
544_772,0,japan
720_1185,0,japan
720_948,0,japan
720_1346,0,japan
720_1345,0,japan
720_1390,0,japan
558_720,0,japan
720_910,0,japan
720_1332,0,japan
668_720,0,japan
544_720,0,japan
948_1185,0,japan
1185_1346,0,japan
1185_1345,0,japan
1185_1390,0,japan
558_1185,0,japan
910_1185,0,japan
1185_1332,0,japan
668_1185,0,japan
544_1185,0,japan
948_1346,0,japan
948_1345,0,japan
668_948,0,japan
1345_1346,0,japan
910_1346,0,japan
668_1346,0,japan
544_1346,0,japan
1332_1345,0,japan
544_1332,0,japan
813_1208,0,japan
840_1099,0,japan
840_1477,0,japan
767_840,0,japan
840_1451,0,japan
840_1613,0,japan
1099_1109,1,japan
1109_1477,0,japan
767_1109,0,japan
1109_1451,0,japan
1109_1613,1,japan
767_1477,0,japan
1451_1477,0,japan
1477_1613,0,japan
690_767,0,japan
690_1613,0,japan
767_966,0,japan
966_1613,0,japan
120_627,0,japan
120_689,0,japan
494_1003,0,japan
237_1003,0,japan
200_1003,0,japan
993_1003,0,japan
237_494,0,japan
200_494,0,japan
494_993,0,japan
494_922,0,japan
494_759,0,japan
200_237,1,japan
200_993,1,japan
200_759,1,japan
922_993,0,japan
1034_1168,0,japan
650_1168,0,japan
1034_1451,0,japan
201_1034,0,japan
866_1034,0,japan
1034_1242,0,japan
675_1034,0,japan
675_1421,0,japan
135_272,1,japan
177_272,1,japan
72_272,1,japan
337_869,0,japan
337_1483,1,japan
337_1470,1,japan
869_1538,0,japan
411_1538,1,japan
1538_1718,1,japan
490_1538,1,japan
868_1538,1,japan
1325_1538,1,japan
135_1538,1,japan
177_1538,1,japan
72_1538,1,japan
385_869,0,japan
411_869,0,japan
869_1718,0,japan
490_869,0,japan
336_869,0,japan
869_1642,0,japan
868_869,0,japan
869_1325,0,japan
111_869,0,japan
387_869,0,japan
72_869,0,japan
291_325,1,japan
291_1483,1,japan
135_291,1,japan
385_1483,1,japan
325_1718,1,japan
411_1718,1,japan
177_411,1,japan
111_411,1,japan
411_1470,1,japan
72_411,1,japan
135_1718,1,japan
1470_1718,1,japan
72_1718,1,japan
490_1470,1,japan
336_1483,1,japan
336_1470,1,japan
868_1470,1,japan
177_1325,1,japan
111_1470,1,japan
72_1470,1,japan
993_1235,0,japan
200_1235,0,japan
981_1249,0,japan
740_981,0,japan
497_981,0,japan
613_1200,1,japan
993_1128,1,japan
303_1128,0,japan
613_1725,0,japan
740_993,0,japan
497_993,0,japan
303_993,0,japan
993_1725,0,japan
303_1725,0,japan
770_982,1,japan
770_1014,1,japan
982_1630,0,japan
915_1630,0,japan
1191_1630,0,japan
1014_1630,0,japan
667_1630,0,japan
1609_1630,0,japan
511_982,0,japan
915_1191,0,japan
667_915,0,japan
915_1609,0,japan
511_915,0,japan
1191_1368,0,japan
667_1191,0,japan
511_1191,0,japan
1014_1368,1,japan
511_1014,0,japan
313_1279,0,japan
667_1368,1,japan
654_984,0,japan
511_667,0,japan
511_1609,0,japan
326_812,0,japan
326_403,0,japan
326_1237,0,japan
403_1103,0,japan
1063_1103,0,japan
1283_1504,0,japan
125_960,0,japan
682_1504,0,japan
960_1228,0,japan
304_1504,0,japan
304_960,0,japan
304_1722,0,japan
178_1504,0,japan
32_960,0,japan
599_960,0,japan
97_960,0,japan
178_960,0,japan
178_1722,0,japan
456_715,0,japan
456_599,0,japan
456_1228,0,japan
456_682,0,japan
97_456,0,japan
456_1283,0,japan
125_456,0,japan
32_456,0,japan
178_456,0,japan
456_1393,0,japan
682_1517,0,japan
97_1517,0,japan
1283_1517,0,japan
32_1517,0,japan
178_1517,0,japan
376_1280,0,japan
334_1225,0,japan
334_376,0,japan
334_917,0,japan
301_349,1,japan
135_301,1,japan
356_1605,1,japan
356_1520,1,japan
356_1522,1,japan
291_356,1,japan
164_255,1,japan
291_1495,1,japan
1642_1673,1,japan
1605_1642,1,japan
1508_1642,1,japan
1522_1642,1,japan
1567_1599,1,japan
183_1599,1,japan
325_1599,1,japan
349_1599,1,japan
183_1567,1,japan
168_1567,1,japan
1567_1673,1,japan
1520_1567,1,japan
1522_1567,1,japan
291_1567,1,japan
1567_1705,1,japan
183_325,1,japan
168_325,1,japan
135_168,1,japan
164_325,1,japan
266_325,1,japan
325_1522,1,japan
325_349,1,japan
325_1705,1,japan
1673_1705,1,japan
1520_1605,1,japan
1522_1605,1,japan
266_1522,1,japan
1508_1520,1,japan
349_1508,1,japan
1508_1705,1,japan
1520_1522,1,japan
349_1520,1,japan
1522_1705,1,japan
135_1522,1,japan
291_1705,1,japan
135_1705,1,japan
128_1411,0,japan
603_1411,0,japan
128_518,0,japan
128_603,0,japan
128_1042,0,japan
102_1673,1,japan
247_1673,1,japan
1499_1673,1,japan
1496_1673,1,japan
1495_1608,1,japan
336_1495,1,japan
102_291,1,japan
102_135,1,japan
102_337,1,japan
1608_1705,1,japan
355_1608,1,japan
337_1608,1,japan
247_337,1,japan
247_269,1,japan
337_1705,1,japan
101_1705,1,japan
301_336,1,japan
291_355,1,japan
291_1499,1,japan
135_355,1,japan
135_1499,1,japan
135_269,1,japan
135_1496,1,japan
1508_1538,1,japan
1499_1508,1,japan
269_1508,1,japan
1496_1508,1,japan
336_355,1,japan
101_355,1,japan
337_1499,1,japan
269_1499,1,japan
101_1496,1,japan
650_703,0,japan
201_703,0,japan
763_1014,0,japan
683_763,0,japan
763_982,0,japan
561_763,0,japan
851_1381,0,japan
104_847,1,japan
851_1221,0,japan
851_1024,0,japan
851_1078,0,japan
654_1690,0,japan
1382_1391,0,japan
761_1690,0,japan
761_1391,0,japan
761_984,0,japan
1391_1592,1,japan
296_1391,0,japan
1391_1428,0,japan
719_987,0,japan
232_435,1,japan
294_435,0,japan
435_1354,0,japan
232_1592,1,japan
232_294,0,japan
232_719,1,japan
232_1502,1,japan
294_1592,0,japan
1354_1592,0,japan
294_1354,0,japan
719_1354,0,japan
1354_1502,0,japan
63_802,1,japan
63_1538,1,japan
63_1693,1,japan
72_102,1,japan
72_355,1,japan
72_1705,1,japan
122_356,1,japan
122_355,1,japan
122_1538,1,japan
122_1705,1,japan
122_148,1,japan
802_1567,1,japan
442_1567,1,japan
355_1567,1,japan
112_1567,1,japan
70_1567,1,japan
148_1567,1,japan
356_442,1,japan
70_356,1,japan
356_1693,1,japan
102_1693,1,japan
802_1608,1,japan
802_1538,1,japan
802_1693,1,japan
802_1299,1,japan
442_1608,1,japan
355_442,1,japan
442_1538,1,japan
442_1705,1,japan
442_1544,1,japan
442_1693,1,japan
119_355,1,japan
119_1705,1,japan
119_291,1,japan
119_148,1,japan
70_355,1,japan
355_1693,1,japan
1538_1693,1,japan
1693_1705,1,japan
148_1705,1,japan
291_1693,1,japan
70_148,1,japan
70_1299,1,japan
1673_1721,1,japan
1508_1721,1,japan
1299_1721,1,japan
340_1721,1,japan
439_1721,1,japan
402_1721,1,japan
177_1721,1,japan
1515_1721,1,japan
340_1299,1,japan
69_802,1,japan
802_1515,1,japan
377_802,1,japan
349_402,1,japan
69_349,1,japan
422_439,1,japan
422_1515,1,japan
340_402,1,japan
340_377,1,japan
101_136,1,japan
402_439,1,japan
177_439,1,japan
377_402,1,japan
177_377,1,japan
217_1718,1,japan
217_1515,1,japan
11_1718,1,japan
1522_1718,1,japan
832_1522,1,japan
102_832,1,japan
384_832,1,japan
223_832,1,japan
832_1352,1,japan
11_1352,1,japan
135_1539,1,japan
1522_1539,1,japan
384_1539,1,japan
1352_1539,1,japan
135_223,1,japan
340_1605,1,japan
102_1605,1,japan
384_1605,1,japan
1352_1605,1,japan
340_1522,1,japan
340_1352,1,japan
1515_1522,1,japan
102_1522,1,japan
1352_1522,1,japan
102_1515,1,japan
384_1515,1,japan
615_1688,1,japan
167_615,0,japan
610_615,0,japan
615_719,1,japan
610_1068,0,japan
824_1688,1,japan
610_824,0,japan
719_824,1,japan
1240_1688,1,japan
610_1240,0,japan
1240_1657,0,japan
994_1240,0,japan
719_1240,1,japan
167_1688,0,japan
610_1688,0,japan
1437_1688,0,japan
1657_1688,0,japan
994_1688,0,japan
719_1688,1,japan
167_610,0,japan
167_1657,0,japan
167_994,0,japan
167_719,0,japan
610_1437,0,japan
610_1657,0,japan
610_719,0,japan
719_1437,0,japan
719_1657,0,japan
667_849,0,japan
849_1014,0,japan
511_849,0,japan
965_1200,1,japan
835_965,0,japan
841_965,1,japan
965_1213,1,japan
931_965,1,japan
601_965,1,japan
613_835,0,japan
835_1200,0,japan
931_1200,1,japan
40_1200,1,japan
40_835,0,japan
40_841,1,japan
40_1213,1,japan
40_931,1,japan
563_1174,0,japan
6_1541,0,japan
48_1541,0,japan
6_30,0,japan
30_48,0,japan
6_383,0,japan
48_383,0,japan
6_48,0,japan
6_1425,0,japan
6_1424,0,japan
6_1430,0,japan
6_1461,0,japan
48_1425,0,japan
48_1424,0,japan
48_1430,0,japan
48_1461,0,japan
658_815,0,japan
153_815,0,japan
505_815,0,japan
153_1002,0,japan
505_1002,0,japan
93_631,0,japan
170_658,0,japan
153_170,0,japan
170_505,0,japan
93_1120,0,japan
658_1349,0,japan
153_658,0,japan
505_658,0,japan
93_1349,0,japan
153_505,0,japan
505_807,0,japan
221_1557,0,japan
221_1503,0,japan
221_962,0,japan
221_1493,0,japan
221_364,0,japan
61_221,0,japan
88_221,0,japan
221_1622,0,japan
221_1107,0,japan
1503_1557,0,japan
962_1557,0,japan
1493_1557,0,japan
364_1557,0,japan
61_1557,0,japan
88_1557,0,japan
1557_1622,0,japan
1107_1557,0,japan
962_1503,0,japan
1493_1503,0,japan
364_1503,0,japan
61_1503,0,japan
88_1503,0,japan
1503_1622,0,japan
1107_1503,0,japan
962_1493,0,japan
364_962,0,japan
61_962,0,japan
88_962,0,japan
962_1622,0,japan
962_1107,0,japan
364_1493,0,japan
61_1493,0,japan
88_1493,0,japan
1493_1622,0,japan
1107_1493,0,japan
61_364,0,japan
88_364,0,japan
364_1622,0,japan
364_1107,0,japan
61_88,0,japan
61_1622,0,japan
61_1107,0,japan
88_1622,0,japan
88_1107,0,japan
1107_1622,0,japan
696_1014,0,japan
770_1391,1,japan
511_762,0,japan
511_655,0,japan
655_667,0,japan
655_1014,0,japan
667_745,0,japan
745_1014,0,japan
745_982,0,japan
978_1407,0,japan
1407_1645,0,japan
329_1407,0,japan
106_1407,0,japan
1143_1292,1,japan
244_1143,1,japan
1167_1292,0,japan
1167_1676,0,japan
1160_1455,1,japan
1160_1699,0,japan
1160_1292,1,japan
1160_1676,1,japan
978_1645,1,japan
1292_1455,1,japan
1292_1699,0,japan
244_1292,1,japan
1292_1465,1,japan
665_914,0,japan
368_914,0,japan
747_914,0,japan
607_1045,1,japan
607_763,0,japan
598_607,0,japan
607_953,0,japan
607_1191,0,japan
665_683,0,japan
665_747,0,japan
665_1045,0,japan
665_763,0,japan
598_665,0,japan
665_953,0,japan
665_1191,0,japan
747_1315,0,japan
1191_1315,0,japan
683_1368,1,japan
368_683,0,japan
683_747,1,japan
683_953,0,japan
683_1191,0,japan
561_943,0,japan
561_953,0,japan
368_1368,0,japan
747_1368,1,japan
763_1368,0,japan
953_1368,0,japan
368_747,0,japan
368_763,0,japan
368_598,0,japan
368_953,0,japan
368_1191,0,japan
747_1045,1,japan
747_763,0,japan
598_747,0,japan
747_943,0,japan
747_953,0,japan
747_1191,0,japan
763_1045,0,japan
953_1045,0,japan
1045_1191,0,japan
598_763,0,japan
763_943,0,japan
763_1191,0,japan
598_953,0,japan
598_1191,0,japan
943_953,0,japan
943_1191,0,japan
953_1191,0,japan
772_924,0,japan
924_1185,0,japan
720_924,0,japan
292_924,0,japan
910_913,0,japan
913_1709,0,japan
913_1011,0,japan
215_910,0,japan
495_910,0,japan
910_1287,0,japan
910_1414,0,japan
910_1011,0,japan
215_1309,0,japan
534_1309,0,japan
1011_1309,0,japan
509_534,0,japan
215_1709,0,japan
495_1709,0,japan
1287_1709,0,japan
1414_1709,0,japan
534_1709,0,japan
1011_1709,0,japan
534_1011,0,japan
1253_1381,0,japan
911_1253,0,japan
866_1109,0,japan
1109_1242,0,japan
690_866,0,japan
690_1242,0,japan
866_1477,0,japan
866_966,0,japan
966_1242,0,japan
683_915,0,japan
313_683,1,japan
665_1279,0,japan
168_1325,1,japan
168_868,1,japan
168_411,1,japan
168_490,1,japan
70_168,1,japan
114_266,1,japan
325_1439,1,japan
70_1439,1,japan
355_385,1,japan
114_355,1,japan
101_387,1,japan
112_1522,1,japan
112_490,1,japan
112_402,1,japan
112_362,1,japan
1522_1693,1,japan
336_1522,1,japan
1522_1608,1,japan
490_1522,1,japan
868_1522,1,japan
362_1522,1,japan
362_1325,1,japan
384_1325,1,japan
362_1693,1,japan
384_1693,1,japan
336_362,1,japan
384_439,1,japan
868_1567,1,japan
402_1567,1,japan
384_1567,1,japan
362_387,1,japan
362_869,0,japan
362_490,1,japan
384_490,1,japan
362_868,1,japan
384_868,1,japan
362_411,1,japan
362_384,1,japan
337_362,1,japan
384_411,1,japan
111_384,1,japan
547_1050,0,japan
103_1050,0,japan
134_1050,0,japan
1050_1210,0,japan
83_1050,0,japan
225_547,0,japan
103_225,0,japan
452_547,0,japan
452_830,0,japan
547_602,0,japan
103_602,0,japan
134_602,0,japan
602_1210,0,japan
83_602,0,japan
547_1416,0,japan
547_742,0,japan
547_594,0,japan
547_878,0,japan
547_1626,0,japan
547_750,0,japan
103_547,0,japan
547_830,0,japan
134_547,0,japan
547_1210,0,japan
547_949,0,japan
83_547,0,japan
103_1416,0,japan
103_742,0,japan
103_878,0,japan
134_878,0,japan
878_1210,0,japan
83_878,0,japan
103_1626,0,japan
134_1626,0,japan
1210_1626,0,japan
83_1626,0,japan
192_1245,0,japan
192_1478,0,japan
303_1245,0,japan
1245_1478,0,japan
1128_1245,1,japan
1421_1551,0,japan
549_1551,0,japan
1421_1464,0,japan
191_1421,0,japan
191_344,0,japan
191_549,0,japan
281_1297,0,japan
126_281,0,japan
348_1297,0,japan
256_603,0,japan
603_994,0,japan
603_719,0,japan
603_1141,0,japan
256_987,0,japan
167_987,0,japan
987_1141,0,japan
256_1411,0,japan
256_994,0,japan
256_719,1,japan
256_1141,0,japan
256_348,0,japan
126_128,0,japan
347_1688,0,japan
167_1411,0,japan
719_1411,0,japan
876_1411,0,japan
1141_1411,0,japan
348_1411,0,japan
347_1411,0,japan
126_1411,0,japan
876_994,0,japan
994_1141,0,japan
348_994,0,japan
347_994,0,japan
126_167,0,japan
719_876,0,japan
719_1141,0,japan
348_719,0,japan
347_719,0,japan
126_347,0,japan
68_115,0,japan
115_441,0,japan
660_1550,1,japan
466_1190,1,japan
466_1676,1,japan
576_1073,0,japan
1190_1676,1,japan
115_1190,0,japan
115_1073,0,japan
115_1645,0,japan
115_433,0,japan
551_1456,1,japan
814_1396,1,japan
857_1456,1,japan
1396_1456,1,japan
329_353,1,japan
414_1334,0,japan
414_440,0,japan
414_1183,0,japan
440_1334,1,japan
440_1183,0,japan
101_183,1,japan
247_1682,1,japan
1599_1608,1,japan
356_1496,1,japan
356_1499,1,japan
379_1015,0,japan
894_1091,0,japan
379_894,0,japan
379_1091,0,japan
379_863,0,japan
261_416,1,japan
261_1654,0,japan
85_416,1,japan
771_858,0,japan
370_585,0,japan
348_370,0,japan
256_585,0,japan
981_1216,0,japan
606_981,0,japan
388_1216,0,japan
388_606,0,japan
51_585,0,japan
51_348,0,japan
177_1567,1,japan
177_269,1,japan
168_177,1,japan
177_1619,1,japan
340_1567,1,japan
85_1567,1,japan
269_325,1,japan
269_340,1,japan
85_269,1,japan
72_269,1,japan
70_269,1,japan
223_269,1,japan
269_1619,1,japan
85_325,1,japan
85_340,1,japan
340_1619,1,japan
1508_1619,1,japan
168_1299,1,japan
72_1495,1,japan
85_168,1,japan
72_168,1,japan
291_1619,1,japan
85_1240,1,japan
70_85,1,japan
85_1619,1,japan
85_1673,1,japan
72_1619,1,japan
72_1599,1,japan
70_1619,1,japan
70_1599,1,japan
1619_1673,1,japan
119_232,1,japan
119_1354,0,japan
567_1123,0,japan
987_1182,0,japan
113_1086,0,japan
113_1182,0,japan
181_1239,0,japan
157_181,0,japan
181_233,0,japan
181_1183,0,japan
181_1038,0,japan
1067_1239,1,japan
1177_1239,0,japan
414_1239,0,japan
157_1239,1,japan
233_1239,1,japan
1239_1646,0,japan
440_1239,1,japan
1038_1239,1,japan
1239_1494,0,japan
1067_1177,0,japan
1067_1334,1,japan
414_1067,0,japan
54_1067,0,japan
157_1067,1,japan
233_1067,1,japan
157_1177,0,japan
1177_1183,0,japan
1177_1646,0,japan
1177_1494,0,japan
54_1334,0,japan
157_1334,1,japan
157_414,0,japan
233_414,0,japan
414_1646,0,japan
414_1038,0,japan
414_1494,0,japan
54_157,0,japan
54_233,0,japan
54_1646,0,japan
54_1038,0,japan
54_1494,0,japan
157_233,1,japan
157_1183,0,japan
157_1646,0,japan
157_440,1,japan
157_1038,1,japan
233_1183,0,japan
233_440,1,japan
233_1494,0,japan
1183_1646,0,japan
1038_1494,0,japan
1413_1590,0,japan
1208_1413,0,japan
852_1590,0,japan
1237_1590,0,japan
1100_1590,0,japan
1356_1590,0,japan
812_1590,0,japan
812_1208,0,japan
403_1590,0,japan
991_1590,0,japan
1122_1198,0,japan
1198_1409,0,japan
457_1198,0,japan
1052_1122,0,japan
699_1052,1,japan
876_1052,0,japan
1052_1409,0,japan
457_1052,0,japan
1052_1470,1,japan
574_1122,0,japan
574_899,0,japan
574_876,0,japan
457_574,0,japan
1122_1409,0,japan
646_899,0,japan
360_1396,1,japan
360_1704,0,japan
738_1280,0,japan
738_1704,0,japan
738_1014,1,japan
1280_1396,0,japan
174_1396,1,japan
489_1396,0,japan
129_1396,0,japan
197_1396,1,japan
1243_1704,0,japan
376_1704,0,japan
197_1704,0,japan
1225_1704,0,japan
195_669,0,japan
625_1180,0,japan
625_710,0,japan
625_1453,0,japan
195_867,0,japan
195_712,0,japan
1_195,0,japan
195_454,0,japan
195_738,0,japan
712_867,0,japan
738_867,0,japan
265_710,0,japan
265_1388,0,japan
265_1453,0,japan
1_712,0,japan
454_712,0,japan
923_1180,0,japan
679_1180,0,japan
710_1180,0,japan
1180_1388,0,japan
1180_1453,0,japan
738_1388,1,japan
1127_1241,0,japan
671_1127,0,japan
1127_1320,0,japan
463_1127,0,japan
174_1127,0,japan
867_1127,0,japan
1_1127,0,japan
350_1127,0,japan
671_1241,0,japan
1241_1320,0,japan
195_360,0,japan
360_1320,0,japan
195_1320,0,japan
195_463,0,japan
195_709,0,japan
174_195,0,japan
709_1320,0,japan
1_1320,0,japan
1320_1337,0,japan
872_1320,0,japan
872_929,0,japan
174_709,0,japan
174_867,0,japan
1_174,1,japan
51_1411,0,japan
126_370,0,japan
370_876,0,japan
347_370,0,japan
51_1141,0,japan
51_994,0,japan
585_719,0,japan
51_719,0,japan
847_1645,1,japan
433_847,1,japan
293_1407,0,japan
115_329,0,japan
293_329,1,japan
626_1190,1,japan
199_371,1,japan
107_1258,1,japan
94_1258,1,japan
701_809,1,japan
199_809,1,japan
84_809,1,japan
84_1611,1,japan
922_1245,0,japan
1245_1725,0,japan
740_922,0,japan
740_1120,0,japan
740_1016,0,japan
40_1478,0,japan
1292_1478,0,japan
497_922,0,japan
497_1120,0,japan
922_1725,0,japan
1016_1319,0,japan
577_1080,1,japan
514_577,0,japan
577_683,1,japan
114_577,1,japan
15_1221,1,japan
1221_1368,1,japan
683_1221,1,japan
15_1080,1,japan
15_514,0,japan
15_683,1,japan
15_114,1,japan
1080_1456,1,japan
1080_1396,1,japan
514_683,0,japan
514_964,0,japan
514_1456,0,japan
1368_1647,1,japan
964_1368,1,japan
114_1368,1,japan
1368_1396,1,japan
683_857,1,japan
114_857,1,japan
683_1647,1,japan
683_964,1,japan
114_683,1,japan
683_983,1,japan
683_1396,1,japan
114_1647,1,japan
1456_1647,1,japan
114_964,1,japan
114_1456,1,japan
114_983,1,japan
114_1396,1,japan
173_943,0,japan
904_1221,0,japan
380_1456,1,japan
380_1144,1,japan
904_983,0,japan
904_1094,0,japan
322_904,0,japan
790_1094,0,japan
322_790,0,japan
173_790,0,japan
1094_1456,0,japan
441_1094,0,japan
1094_1144,0,japan
322_1094,0,japan
173_1315,0,japan
135_1645,1,japan
1_1515,1,japan
217_1089,0,japan
1089_1515,0,japan
399_1609,0,japan
514_1024,0,japan
114_1024,1,japan
1024_1080,1,japan
868_1299,1,japan
868_1081,1,japan
291_832,1,japan
269_832,1,japan
269_1439,1,japan
278_1567,1,japan
329_1439,1,japan
278_1439,1,japan
115_135,0,japan
135_1081,1,japan
135_278,1,japan
329_1081,1,japan
115_353,0,japan
412_1656,1,japan
490_1721,1,japan
422_1693,1,japan
1352_1693,1,japan
336_422,1,japan
68_336,1,japan
336_1721,1,japan
68_422,1,japan
422_1656,1,japan
329_1656,1,japan
317_384,1,japan
218_317,1,japan
1520_1693,1,japan
1522_1721,1,japan
40_1522,1,japan
1605_1721,1,japan
384_1292,1,japan
115_1292,0,japan
266_384,1,japan
40_384,1,japan
384_1520,1,japan
218_1668,1,japan
832_1721,1,japan
102_1721,1,japan
1520_1668,1,japan
177_1608,1,japan
385_1673,1,japan
177_355,1,japan
385_1495,1,japan
951_1203,0,japan
1203_1433,0,japan
305_1203,0,japan
113_1203,0,japan
1181_1203,0,japan
1086_1203,0,japan
951_1433,0,japan
305_951,0,japan
245_951,0,japan
951_1244,0,japan
951_1035,0,japan
951_1001,0,japan
113_951,0,japan
951_1319,0,japan
951_1086,0,japan
947_1433,0,japan
1244_1433,0,japan
1001_1433,0,japan
113_1433,0,japan
1181_1433,0,japan
113_947,0,japan
947_1086,0,japan
305_1001,0,japan
113_305,0,japan
305_1181,0,japan
305_1086,0,japan
245_1181,0,japan
113_1244,0,japan
1086_1244,0,japan
113_1035,0,japan
113_1001,0,japan
1001_1181,0,japan
1001_1086,0,japan
113_1319,0,japan
1086_1181,0,japan
1213_1478,0,japan
965_1478,0,japan
931_1478,0,japan
326_986,0,japan
326_611,0,japan
326_681,0,japan
852_986,0,japan
611_852,0,japan
681_852,0,japan
986_1151,0,japan
611_1151,0,japan
1100_1151,0,japan
681_1151,0,japan
986_1523,0,japan
611_1523,0,japan
1100_1523,0,japan
681_1523,0,japan
933_986,0,japan
611_933,0,japan
681_933,0,japan
798_986,0,japan
611_798,0,japan
681_798,0,japan
586_986,0,japan
986_1237,0,japan
986_1356,0,japan
591_986,0,japan
586_611,0,japan
611_1237,0,japan
611_1356,0,japan
591_611,0,japan
586_681,0,japan
681_1237,0,japan
681_1356,0,japan
591_681,0,japan
1365_1413,0,japan
882_1413,0,japan
403_1365,0,japan
403_882,0,japan
403_686,0,japan
421_746,0,japan
421_1204,0,japan
991_1365,0,japan
812_1365,0,japan
1063_1365,0,japan
882_991,0,japan
686_991,0,japan
746_1236,0,japan
1204_1236,0,japan
812_882,0,japan
450_746,0,japan
882_1063,0,japan
686_1063,0,japan
450_1204,0,japan
646_750,0,japan
662_709,0,japan
709_712,0,japan
195_780,0,japan
195_756,0,japan
867_917,0,japan
780_867,0,japan
1_334,0,japan
867_1118,0,japan
1_535,0,japan
709_756,0,japan
463_756,0,japan
421_1660,0,japan
450_1660,0,japan
1471_1660,0,japan
179_421,0,japan
421_1293,0,japan
179_450,0,japan
179_1471,0,japan
450_1293,0,japan
49_1052,0,japan
1293_1471,0,japan
1052_1471,0,japan
574_1184,0,japan
1052_1184,0,japan
268_1052,0,japan
124_574,0,japan
1052_1151,0,japan
124_1052,0,japan
183_336,1,japan
183_385,1,japan
259_809,1,japan
1031_1122,0,japan
1031_1386,0,japan
710_1122,0,japan
710_1386,0,japan
679_1122,0,japan
1122_1386,0,japan
574_1386,0,japan
1052_1386,0,japan
679_1386,0,japan
739_899,0,japan
1180_1198,0,japan
625_1198,0,japan
625_1186,0,japan
872_1296,0,japan
135_442,1,japan
790_1455,0,japan
1080_1455,1,japan
601_1455,1,japan
244_841,1,japan
1077_1080,1,japan
790_931,0,japan
540_841,0,japan
540_1080,0,japan
835_1080,0,japan
931_1080,1,japan
601_904,0,japan
396_927,0,japan
831_927,0,japan
587_1254,0,japan
396_1254,0,japan
702_803,0,japan
500_831,0,japan
587_588,0,japan
396_588,0,japan
588_831,0,japan
587_831,0,japan
587_864,0,japan
396_864,0,japan
831_864,0,japan
1045_1077,1,japan
213_1045,0,japan
1080_1253,0,japan
173_368,0,japan
368_904,0,japan
665_1170,0,japan
1170_1191,0,japan
173_665,0,japan
173_1191,0,japan
173_607,0,japan
173_598,0,japan
665_904,0,japan
665_1164,0,japan
904_1191,0,japan
747_790,0,japan
1164_1191,0,japan
607_1164,0,japan
870_967,0,japan
534_870,0,japan
948_967,0,japan
948_1082,0,japan
481_948,0,japan
769_948,0,japan
534_948,0,japan
481_1332,0,japan
967_1394,0,japan
967_1308,0,japan
967_1310,0,japan
781_1082,0,japan
534_1394,0,japan
481_781,0,japan
481_534,0,japan
769_781,0,japan
534_1308,0,japan
534_781,0,japan
534_1310,0,japan
910_924,0,japan
924_1709,0,japan
509_924,0,japan
924_1345,0,japan
668_924,0,japan
772_1709,0,japan
509_772,0,japan
772_936,0,japan
346_1709,0,japan
292_1709,0,japan
346_509,0,japan
292_509,0,japan
346_1309,0,japan
292_1309,0,japan
292_936,0,japan
1012_1028,0,japan
68_278,1,japan
710_917,1,japan
1122_1388,0,japan
535_1052,0,japan
917_1386,0,japan
1386_1388,0,japan
1198_1386,0,japan
1014_1388,1,japan
710_794,1,japan
625_1289,0,japan
739_1289,0,japan
1186_1289,0,japan
160_710,1,japan
454_780,0,japan
454_463,0,japan
1031_1180,0,japan
923_1386,0,japan
625_1386,0,japan
1180_1386,0,japan
1386_1453,0,japan
669_1241,0,japan
129_1127,0,japan
1127_1396,0,japan
1280_1320,0,japan
278_1656,1,japan
304_1517,0,japan
295_314,0,japan
314_1555,0,japan
26_619,0,japan
26_700,0,japan
274_619,0,japan
573_619,0,japan
619_860,0,japan
619_932,0,japan
619_700,0,japan
274_295,0,japan
295_573,0,japan
274_1555,0,japan
573_1555,0,japan
274_1262,0,japan
274_860,0,japan
274_700,0,japan
274_1467,0,japan
573_1262,0,japan
331_573,0,japan
573_791,0,japan
573_860,0,japan
573_932,0,japan
573_700,0,japan
573_1467,0,japan
1262_1467,0,japan
331_791,0,japan
791_1467,0,japan
860_1467,0,japan
700_1467,0,japan
237_303,0,japan
494_1047,0,japan
759_1047,1,japan
303_494,0,japan
933_1708,0,japan
1365_1708,0,japan
681_1708,0,japan
1151_1708,0,japan
1523_1708,0,japan
591_1708,0,japan
681_1365,0,japan
681_882,0,japan
1564_1698,0,japan
1556_1698,0,japan
1138_1698,0,japan
1556_1564,0,japan
1138_1564,0,japan
1138_1556,0,japan
177_183,1,japan
85_183,1,japan
416_1682,1,japan
261_317,1,japan
1_490,1,japan
490_535,0,japan
535_868,0,japan
278_416,1,japan
1_336,1,japan
336_535,0,japan
535_1642,0,japan
1602_1642,1,japan
432_645,1,japan
894_1484,0,japan
76_1705,1,japan
439_1705,1,japan
69_1705,1,japan
1539_1705,1,japan
76_1693,1,japan
112_349,1,japan
112_266,1,japan
76_832,1,japan
76_1522,1,japan
76_1567,1,japan
1539_1567,1,japan
76_119,1,japan
76_325,1,japan
69_76,1,japan
76_122,1,japan
72_76,1,japan
439_1539,1,japan
119_1539,1,japan
69_1539,1,japan
122_1539,1,japan
24_1619,1,japan
71_1091,0,japan
24_71,1,japan
229_333,1,japan
1239_1307,0,japan
725_1239,1,japan
1067_1307,0,japan
725_1067,1,japan
233_765,0,japan
765_1334,0,japan
765_1307,0,japan
234_416,1,japan
725_765,0,japan
765_1494,0,japan
157_765,0,japan
54_725,0,japan
1307_1494,0,japan
725_1494,0,japan
181_1307,0,japan
414_1307,0,japan
157_1307,0,japan
181_725,0,japan
414_725,0,japan
157_725,1,japan
922_1128,0,japan
1128_1292,1,japan
1026_1045,0,japan
1080_1164,0,japan
1080_1191,0,japan
747_1080,1,japan
213_598,0,japan
173_213,0,japan
173_1077,0,japan
206_494,0,japan
206_1007,0,japan
494_1128,0,japan
1007_1128,1,japan
1003_1128,0,japan
759_1128,1,japan
494_1007,0,japan
759_1007,1,japan
115_1284,0,japan
1265_1292,0,japan
303_1720,0,japan
665_1253,0,japan
953_1170,0,japan
763_1170,0,japan
173_953,0,japan
173_763,0,japan
1007_1235,0,japan
922_1235,0,japan
1007_1725,0,japan
876_1180,0,japan
876_923,0,japan
611_1159,0,japan
246_611,0,japan
1204_1590,0,japan
421_611,0,japan
611_1236,0,japan
450_611,0,japan
1100_1136,0,japan
941_1100,0,japan
421_1100,0,japan
757_1100,0,japan
1100_1236,0,japan
450_1100,0,japan
913_948,0,japan
948_1287,0,japan
495_948,0,japan
534_1390,0,japan
1011_1332,0,japan
936_1011,0,japan
215_936,0,japan
1061_1414,0,japan
771_1414,0,japan
695_1414,0,japan
785_1414,0,japan
1059_1414,0,japan
580_1414,0,japan
346_1011,0,japan
1011_1061,0,japan
292_1011,0,japan
771_1011,0,japan
695_1011,0,japan
785_1011,0,japan
1011_1059,0,japan
580_1011,0,japan
346_913,0,japan
913_1283,0,japan
913_1061,0,japan
1061_1287,0,japan
495_1061,0,japan
292_913,0,japan
292_1287,0,japan
292_495,0,japan
771_913,0,japan
771_1287,0,japan
495_771,0,japan
695_913,0,japan
695_1287,0,japan
495_695,0,japan
785_913,0,japan
913_1059,0,japan
580_913,0,japan
785_1287,0,japan
495_785,0,japan
1059_1287,0,japan
495_1059,0,japan
580_1287,0,japan
495_580,0,japan
867_1340,0,japan
867_1396,0,japan
195_1340,0,japan
669_709,0,japan
662_1241,0,japan
129_195,0,japan
340_1538,1,japan
76_1538,1,japan
1522_1538,1,japan
76_1718,1,japan
164_1718,1,japan
76_269,1,japan
76_355,1,japan
69_355,1,japan
114_362,1,japan
362_1721,1,japan
114_251,1,japan
251_402,1,japan
325_422,1,japan
72_377,1,japan
114_1352,1,japan
177_1605,1,japan
325_1721,1,japan
325_402,1,japan
72_1721,1,japan
868_1721,1,japan
72_1352,1,japan
1352_1567,1,japan
177_1352,1,japan
1299_1352,1,japan
102_177,1,japan
1052_1180,0,japan
574_1180,0,japan
489_1118,0,japan
1118_1243,0,japan
917_1243,0,japan
1143_1720,1,japan
1292_1720,1,japan
1699_1720,0,japan
757_1350,0,japan
1136_1350,0,japan
895_991,0,japan
991_1179,0,japan
895_1041,0,japan
403_895,0,japan
1041_1179,0,japan
403_1179,0,japan
720_1394,0,japan
720_1709,0,japan
924_1394,0,japan
772_1394,0,japan
1185_1394,0,japan
1185_1709,0,japan
1346_1394,0,japan
346_1394,0,japan
292_1394,0,japan
1346_1709,0,japan
812_1079,0,japan
812_941,0,japan
638_812,0,japan
812_912,0,japan
812_918,0,japan
1204_1208,0,japan
812_1336,0,japan
1100_1365,0,japan
246_1365,0,japan
246_681,0,japan
611_1708,0,japan
882_1100,0,japan
986_1708,0,japan
246_986,0,japan
688_807,0,japan
858_1313,0,japan
152_417,0,japan
151_152,1,japan
152_317,1,japan
703_966,0,japan
703_1232,0,japan
675_1109,0,japan
201_1109,0,japan
703_1242,0,japan
703_767,0,japan
675_703,0,japan
675_1477,0,japan
201_1477,0,japan
767_1300,0,japan
87_802,1,japan
87_1605,1,japan
87_1567,1,japan
87_114,1,japan
355_1352,1,japan
1352_1608,1,japan
439_1352,1,japan
384_1299,1,japan
122_384,1,japan
122_1352,1,japan
665_982,0,japan
953_982,0,japan
849_953,0,japan
812_895,0,japan
812_1179,0,japan
904_1213,0,japan
1003_1213,0,japan
1213_1455,1,japan
759_1213,1,japan
540_1003,0,japan
540_965,0,japan
540_759,0,japan
540_747,0,japan
747_1003,0,japan
244_747,1,japan
965_1455,1,japan
747_1167,0,japan
747_1465,1,japan
747_759,1,japan
304_456,0,japan
598_1630,0,japan
511_683,0,japan
511_763,0,japan
511_598,0,japan
120_1592,0,japan
667_763,0,japan
1045_1699,0,japan
1164_1292,0,japan
1026_1292,0,japan
1253_1292,0,japan
173_1292,0,japan
747_1720,1,japan
1253_1720,0,japan
1045_1143,1,japan
173_1265,0,japan
953_1057,0,japan
813_1237,0,japan
246_1237,0,japan
403_813,0,japan
246_403,0,japan
69_1608,1,japan
384_442,1,japan
76_442,1,japan
442_1352,1,japan
76_135,1,japan
76_1608,1,japan
76_356,1,japan
356_1352,1,japan
1007_1143,1,japan
213_1007,0,japan
213_1292,0,japan
745_1368,0,japan
598_745,0,japan
648_1451,0,japan
650_1360,0,japan
650_1232,0,japan
703_1360,0,japan
648_703,0,japan
866_1360,0,japan
648_866,0,japan
767_1360,0,japan
648_767,0,japan
1242_1360,0,japan
675_1360,0,japan
1232_1360,0,japan
1168_1360,0,japan
201_1360,0,japan
648_1360,0,japan
648_1519,0,japan
648_1242,0,japan
648_675,0,japan
648_1232,0,japan
648_1168,0,japan
201_648,0,japan
813_1590,0,japan
534_912,0,japan
215_912,0,japan
534_1272,0,japan
215_1272,0,japan
534_1336,0,japan
215_1336,0,japan
534_918,0,japan
215_918,0,japan
1079_1100,0,japan
638_1100,1,japan
852_941,0,japan
852_1079,0,japan
852_1365,0,japan
638_852,0,japan
941_1356,0,japan
1079_1356,0,japan
1356_1365,0,japan
638_1356,0,japan
882_1356,0,japan
941_1237,0,japan
1237_1365,0,japan
638_1237,0,japan
882_1237,0,japan
93_740,0,japan
93_1249,0,japan
129_334,0,japan
174_1118,0,japan
769_1390,0,japan
481_1390,0,japan
1082_1390,0,japan
447_981,0,japan
447_518,0,japan
702_930,0,japan
803_930,1,japan
702_782,0,japan
207_968,0,japan
1361_1565,0,japan
753_968,0,japan
773_968,0,japan
54_1257,0,japan
1177_1257,0,japan
1257_1334,0,japan
1265_1455,0,japan
912_1237,0,japan
403_611,0,japan
611_812,0,japan
403_986,0,japan
812_986,0,japan
403_912,0,japan
403_681,0,japan
852_912,0,japan
681_812,0,japan
540_1720,0,japan
931_1720,1,japan
494_1465,0,japan
195_1280,0,japan
215_870,0,japan
215_1394,0,japan
215_1310,0,japan
215_1308,0,japan
913_1404,0,japan
495_1345,0,japan
1011_1345,0,japan
1287_1345,0,japan
913_1345,0,japan
495_668,0,japan
668_1011,0,japan
769_1011,0,japan
769_913,0,japan
481_495,0,japan
481_1011,0,japan
481_1287,0,japan
481_913,0,japan
620_1011,0,japan
620_913,0,japan
1011_1082,0,japan
913_1082,0,japan
356_1656,1,japan
87_1656,1,japan
343_1439,1,japan
135_343,1,japan
343_1567,1,japan
1299_1522,1,japan
278_436,1,japan
87_135,1,japan
342_384,1,japan
342_1567,1,japan
340_387,1,japan
340_1325,1,japan
87_869,0,japan
340_869,0,japan
87_362,1,japan
72_87,1,japan
340_411,1,japan
336_340,1,japan
1003_1245,0,japan
759_1245,1,japan
494_1245,0,japan
213_763,0,japan
87_405,0,japan
340_405,0,japan
405_490,0,japan
343_405,0,japan
405_411,0,japan
342_405,0,japan
342_1538,1,japan
405_436,0,japan
436_869,0,japan
384_405,0,japan
405_1642,0,japan
336_405,0,japan
405_1538,0,japan
405_1508,0,japan
387_405,0,japan
405_1325,0,japan
72_405,0,japan
405_868,0,japan
405_1673,0,japan
325_405,0,japan
269_405,0,japan
168_405,0,japan
135_405,0,japan
405_422,0,japan
325_343,1,japan
422_1642,1,japan
135_1721,1,japan
1605_1656,1,japan
1439_1619,1,japan
1052_1515,1,japan
239_1515,1,japan
215_620,0,japan
215_1404,0,japan
120_1428,0,japan
120_761,0,japan
511_1057,0,japan
284_1394,0,japan
1011_1394,0,japan
495_1394,0,japan
913_1394,0,japan
1287_1394,0,japan
284_1309,0,japan
284_936,0,japan
284_1345,0,japan
284_1332,0,japan
284_1709,0,japan
284_1011,0,japan
284_668,0,japan
284_495,0,japan
284_913,0,japan
284_1287,0,japan
534_1345,0,japan
936_1185,0,japan
720_936,0,japan
663_785,0,japan
512_785,0,japan
246_812,0,japan
403_941,0,japan
403_1708,0,japan
403_638,0,japan
403_1079,0,japan
993_1465,1,japan
767_1034,0,japan
794_1386,0,japan
160_1386,0,japan
114_356,1,japan
832_1538,1,japan
114_1538,1,japan
355_832,1,japan
69_343,1,japan
76_343,1,japan
76_291,1,japan
114_291,1,japan
355_436,1,japan
436_1705,1,japan
76_87,1,japan
76_405,0,japan
76_114,1,japan
114_405,0,japan
269_342,1,japan
234_894,0,japan
234_1484,0,japan
342_362,1,japan
269_362,1,japan
343_362,1,japan
1609_1656,1,japan
239_336,1,japan
1_239,1,japan
1_384,1,japan
284_1346,0,japan
697_1346,0,japan
785_1346,0,japan
284_1185,0,japan
284_720,0,japan
284_910,0,japan
1100_1100,1,japan
1515_1642,1,japan
405_1718,0,japan
436_1599,1,japan
