pair_key,label,country,emb_0,emb_1,emb_2,emb_3,emb_4,emb_5,emb_6,emb_7,emb_8,emb_9,emb_10,emb_11,emb_12,emb_13,emb_14,emb_15,emb_16,emb_17,emb_18,emb_19,emb_20,emb_21,emb_22,emb_23,emb_24,emb_25,emb_26,emb_27,emb_28,emb_29,emb_30,emb_31,emb_32,emb_33,emb_34,emb_35,emb_36,emb_37,emb_38,emb_39,emb_40,emb_41,emb_42,emb_43,emb_44,emb_45,emb_46,emb_47,emb_48,emb_49,emb_50,emb_51,emb_52,emb_53,emb_54,emb_55,emb_56,emb_57,emb_58,emb_59,emb_60,emb_61,emb_62,emb_63
usa_21_47,0,usa,-0.5742041,-0.7654924,0.7406647,0.46344745,0.7502859,-0.9957256,-0.31923148,0.7885792,-0.1940088,0.27309656,0.5334372,0.42721972,0.05137126,-0.5891456,-0.4524538,0.69485253,0.7033499,-0.31555098,0.40631372,-0.6611842,-0.95442754,0.20428719,-0.7341296,-0.74636054,0.34646,-0.5168965,0.47464734,0.6580436,0.27778465,-0.5974861,0.8660998,0.66067183,0.35912895,-0.47305417,0.6776776,-0.9108188,0.48463187,-0.4133458,0.57773256,-0.6838784,-0.68532234,0.15192057,0.43022925,-0.5389664,0.56181777,-0.23814863,-0.7649364,-0.7742861,-0.51854354,0.6731113,0.5622192,-0.5637573,-0.91918504,-0.3175799,0.23280689,0.1190836,-0.67431843,-0.8101748,0.2545323,0.13136694,-0.6616746,1.057302,0.2877174,1.0160689
usa_26_47,0,usa,-0.86936104,-0.6073588,0.71711624,0.6879321,0.77745116,-0.93837255,-0.4835591,0.9788522,-0.27900988,0.50309956,0.8348587,0.4409387,-0.09854837,-0.67797107,-0.49330097,0.8228056,0.72887516,-0.54723454,0.498939,-0.7777051,-0.77121884,0.36531135,-0.7563393,-0.76959276,0.4938622,-0.6148898,0.5927394,0.70910865,0.4217648,-0.4612289,0.95633644,0.8302267,0.5059998,-0.41891855,0.77004653,-1.090785,0.49032634,-0.47132564,0.5037202,-0.65282893,-0.71767557,0.37504384,0.5117025,-0.75720376,0.64715165,-0.34041342,-0.6372103,-0.6467777,-0.5937055,0.96955264,0.58884406,-0.58233947,-0.86173975,-0.46838573,0.28097004,0.29526013,-0.67457646,-0.9221627,0.26583758,0.19140367,-0.63471675,0.9817639,0.5346602,1.194244
usa_47_49,0,usa,-0.36035296,-0.43448886,0.1576787,0.50143117,0.49253058,-0.65786564,-0.056512505,0.6443889,0.17862952,-0.14685115,0.3587325,0.27057987,0.34523213,-0.4505958,-0.3596484,0.38722855,0.17855576,0.064638644,0.17791994,-0.3045656,-0.500015,0.1309711,-0.36130032,-0.5232743,0.29139128,-0.14724621,0.42488366,0.42706895,0.11456824,-0.27919427,0.5054802,0.37322465,0.09778311,-0.0874452,0.52424514,-0.7265426,0.1570463,-0.2144761,0.32076204,-0.49430653,-0.4434922,-0.042282343,0.23303647,-0.37196854,0.12599498,0.13175118,-0.33309323,-0.49394226,-0.18998489,0.25172296,0.30891258,-0.44451886,-0.6251792,-0.26578826,-0.020889282,-0.1530488,-0.37904656,-0.5771964,-0.067851715,-0.049835972,-0.4246036,0.7693089,0.21263261,0.7863969
usa_47_104,0,usa,0.0039405227,-0.10755466,-0.19075057,-0.014568679,0.27478397,0.1697881,0.16801792,-0.04022398,0.6026127,-0.3328629,0.11481377,-0.099522226,0.3254776,-0.2590303,-0.07103326,-0.010524064,-0.19712868,0.41660047,-0.243076,-0.007265866,-0.12497996,-0.18440795,-0.03174547,-0.049950294,-0.23651594,0.2393796,-0.18996762,0.19752178,-0.5190231,-0.0059486628,0.15902157,0.21510303,-0.19600022,0.28062248,0.056961644,0.03480646,-0.3596925,0.14491768,0.12707353,-0.14471412,-0.2597807,-0.17158455,-0.09020963,0.29113296,-0.47269738,0.63333213,0.09577289,-0.31306532,0.0427052,0.06263341,-0.17319907,0.050326936,-0.1725901,-0.009227209,-0.128773,-0.35563368,-0.086384386,-0.12774546,-0.44832474,-0.25230813,-0.16487747,0.37547925,-0.19158433,0.4127397
usa_21_49,0,usa,0.05325134,0.024450127,-0.5602997,0.020417556,0.093866974,-0.041422248,0.20755377,-0.07596361,0.3308973,-0.72537506,-0.23048535,-0.05414947,0.55347496,-0.22581862,-0.0068013147,-0.16219541,-0.44851065,0.9110624,-0.34825388,0.22509648,0.12997925,-0.2568429,0.35738906,-0.13396025,-0.26619565,0.35008836,-0.01598487,0.06122662,-0.18183696,0.0731581,0.19591558,0.036109254,-0.2307185,0.30250204,-0.1535664,-0.036272764,-0.26280078,0.21660377,0.25163803,-0.006470822,-0.16809757,-0.53051615,-0.204836,0.42779672,-0.8340946,0.51255184,0.1376886,-0.18804166,-0.1254967,-0.31987503,-0.14750129,0.058490105,-0.17067917,0.002233632,-0.23434892,-0.26480478,-0.11305452,0.12386474,-0.53363717,-0.4054176,-0.048032016,0.20770091,-0.19749452,0.15000445
usa_21_104,0,usa,-0.4789396,-0.24870136,0.36824137,0.47495878,0.5822286,-0.68774855,-0.13143934,0.4490219,-0.27313218,0.27868292,0.58344907,0.33543748,-0.22441222,-0.49879453,-0.2806061,0.40015617,0.43647373,-0.31747282,0.32365593,-0.60312533,-0.6431488,0.27956063,-0.57640535,-0.74797875,0.34797263,-0.22224781,0.57724357,0.4541911,0.35997346,-0.52223176,0.63734037,0.67124563,0.22839764,-0.33992267,0.5065023,-0.52124345,0.41012657,-0.48585457,0.46910337,-0.5251587,-0.49081564,0.26915196,0.54317534,-0.5433002,0.47666612,-0.40369892,-0.6829229,-0.4595219,-0.50736105,0.6232328,0.48147368,-0.44634208,-0.63731974,-0.4281517,0.069627285,0.17352766,-0.52097875,-0.7211572,0.14804524,0.26147407,-0.43498728,0.9605201,0.4445765,0.8027108
usa_26_49,0,usa,-0.022460606,0.17519836,-0.49104422,0.11872937,0.079174355,-0.039783627,0.2842305,0.10411079,0.4259788,-0.78533447,-0.073357575,-0.2131311,0.66206056,-0.23937258,-0.07148628,-0.09138607,-0.50435495,0.93961334,-0.15024298,0.18310626,0.10313656,-0.23599708,0.3609259,-0.12669143,-0.14880186,0.4047619,0.08130978,0.09470705,-0.24379316,0.048370764,0.15652353,0.028260894,-0.2920953,0.3137138,-0.12404746,-0.09988788,-0.25844932,0.2655599,0.06081401,-0.042592205,-0.18233505,-0.5875015,-0.1012191,0.43838012,-0.73663366,0.5244794,0.22684677,-0.11648547,-0.14239918,-0.19501442,-0.21226384,-0.1060455,-0.16592419,0.006327614,-0.20021445,-0.41697434,-0.09439921,0.091010764,-0.4723524,-0.3818975,0.026877292,0.20714971,-0.108814746,0.19204511
usa_26_104,0,usa,-0.059508003,0.03314327,-0.15109834,0.07285079,0.23516661,0.0033531263,-0.018771492,0.12186085,0.33513644,-0.2840645,0.18320903,-0.14337504,0.30613166,-0.20160118,-0.10802832,0.20208268,-0.09278309,0.14272103,-0.071425475,0.012092166,-0.034757584,-0.02424325,0.07155173,-0.26482922,-0.013039425,0.13338666,0.055370834,0.15183446,-0.0786654,-0.064541265,0.32226598,0.19838905,-0.14755961,0.20680101,-0.05134587,-0.345792,-0.32289296,0.10493198,-0.036693327,-0.062202428,-0.21557024,-0.532949,0.043003537,0.14818294,-0.21087202,0.28578842,-0.010123216,-0.0949742,-0.06487389,0.32899225,-0.28780288,0.007265471,-0.26810503,-0.1626043,-0.30906862,-0.25789714,-0.14767954,0.07455002,-0.27404943,-0.1996069,0.002823934,0.31622908,-0.089737415,0.36686522
usa_49_104,0,usa,-0.105882645,-0.11645739,-0.30952743,0.26161745,0.2988719,-0.25421578,0.19275612,0.33449534,0.43381682,-0.62677985,0.019695178,0.007778704,0.55980754,-0.28489983,-0.13749705,0.05115461,-0.27362555,0.44954115,-0.12996605,-0.051877465,-0.10692833,-0.12680072,0.19244382,-0.19529334,0.035204004,0.26685297,0.2339521,0.1645032,-0.1718148,-0.028349258,0.24783568,0.08552846,-0.24420908,0.26518273,0.14660744,-0.36926097,-0.05778721,0.12399137,0.20941602,-0.23708783,-0.24852677,-0.3625743,0.012883581,0.14671074,-0.47619468,0.3905463,-0.003993377,-0.26367813,-0.062496558,-0.062205873,-0.04488805,-0.20541134,-0.4001409,-0.13898243,-0.15502745,-0.30669484,-0.14354979,-0.17190069,-0.4233992,-0.40280735,-0.14690042,0.43885532,0.054564584,0.41218153
usa_47_84,0,usa,-0.90905535,-0.7296698,0.769943,0.7295953,0.8407454,-0.9396648,-0.4754864,1.0331995,-0.1057969,0.26287487,0.75338095,0.5041335,-0.17361686,-0.7522517,-0.5880397,0.7108278,0.7165871,-0.32283926,0.46454087,-0.75730336,-0.9772411,0.43295923,-0.7146915,-0.82263047,0.5747571,-0.5170653,0.63436705,0.7414295,0.3790294,-0.65864426,0.9273751,0.7499198,0.5622459,-0.46875626,0.7704405,-0.962525,0.648049,-0.52576494,0.7450658,-0.72122073,-0.8522636,0.41121843,0.59463304,-0.71448314,0.5270269,-0.17572276,-0.7711977,-0.7651854,-0.53148866,0.9312329,0.6483083,-0.77942336,-1.0688295,-0.44993523,0.3158411,0.21009558,-0.75589263,-0.96543026,0.2533548,0.17720704,-0.74017787,1.1242794,0.46610397,1.2318527
usa_84_104,0,usa,-0.5129961,-0.35138768,0.42778483,0.62934506,0.6112696,-0.719438,-0.27079713,0.6696499,-0.06702414,0.18055469,0.7698257,0.38362604,-0.14643401,-0.59023196,-0.49892044,0.6871293,0.40134978,-0.19295168,0.24912745,-0.4748178,-0.6386314,0.40293765,-0.43745387,-0.6615517,0.6393403,-0.26469666,0.63278586,0.5992998,0.3046999,-0.5371419,0.60753036,0.7018487,0.34343034,-0.28228855,0.585144,-0.863685,0.3554557,-0.39386225,0.53608936,-0.53574026,-0.6066407,0.32173544,0.48336196,-0.6265623,0.30743825,-0.104958884,-0.6819828,-0.4897607,-0.48791626,0.6704718,0.4060616,-0.5980518,-0.80613995,-0.4335411,0.17296848,0.09240629,-0.50958896,-0.7038893,0.13559371,0.23017782,-0.55994695,0.93998116,0.4372393,1.0085882
usa_73_106,0,usa,-0.24628077,-0.054531027,-0.05010446,0.29690075,0.41436648,-0.1759238,0.027106218,0.2250166,0.46783307,-0.28755325,0.33950385,-0.020724282,0.39306676,-0.36162648,-0.1705007,0.19355877,-0.09616491,0.28366137,0.1110263,-0.0043141916,-0.3408049,-0.107637815,-0.073956765,-0.31861064,0.15024379,0.16079505,0.17480981,0.18500611,-0.13914573,-0.21775004,0.19892572,0.284212,-0.08482518,0.05398214,0.2872135,-0.6111226,0.04020168,-0.06182597,0.33173254,-0.27242163,-0.25584364,-0.041642994,0.04382254,-0.28135574,-0.34111246,0.20589909,-0.30774903,-0.35337162,-0.20109168,0.057705328,0.25250518,-0.3420672,-0.30495578,-0.15236184,0.076285824,-0.19200838,-0.203688,-0.24163547,-0.31440803,-0.16885269,-0.2921875,0.33832932,-0.00817164,0.5126537
usa_92_106,0,usa,-0.7402537,-0.5274899,0.6333481,0.50279003,0.69018424,-0.7615775,-0.32569388,0.89566696,-0.07946911,0.108011685,0.51443064,0.30779442,-0.0030095875,-0.5968891,-0.43010002,0.60565335,0.54903674,-0.22187918,0.3214282,-0.5865809,-0.98153955,0.29581773,-0.46549276,-0.5603068,0.5201811,-0.27910453,0.47766954,0.6267273,0.3670435,-0.62192595,0.781815,0.50980407,0.3364669,-0.2729376,0.7761607,-0.93933237,0.30305135,-0.28559977,0.5801291,-0.54861134,-0.6311274,0.306822,0.4649006,-0.4393976,0.3836129,-0.06353111,-0.6490297,-0.6881459,-0.39531302,0.5791889,0.5797289,-0.61588055,-0.86241615,-0.3919262,0.2859798,0.10197474,-0.59099656,-0.894822,0.09449862,0.12549493,-0.556117,0.84781975,0.41267186,1.0249946
usa_3_67,1,usa,0.34360465,0.10879716,-0.75286055,-0.2279801,0.055560514,0.14616083,0.5557103,-0.24692363,0.85950065,-0.871217,-0.37766126,-0.34002945,0.87392694,-0.073039144,0.2110834,-0.28806683,-0.6051471,0.9475342,-0.7049526,0.44988012,0.37770858,-0.72172534,0.4832979,0.032826148,-0.27743572,0.5579872,-0.12572145,-0.021553218,-0.6858279,0.29145712,-0.025542378,-0.29159373,-0.60853267,0.6596306,-0.25965738,0.016789064,-0.49833873,0.47046924,0.10272797,0.16890478,-0.0894988,-0.78934526,-0.39698803,0.6336827,-1.0625664,0.75953877,0.25534177,-0.072965264,0.41681555,-0.4219326,-0.56163704,0.17613316,-0.1021436,0.13380349,-0.3434303,-0.56007135,0.016436115,0.363271,-0.9350561,-0.8274729,0.06309469,0.054012597,-0.43015796,0.03756568
usa_12_67,1,usa,-0.071505405,-0.018051665,-0.37375507,0.11691426,0.278646,-0.17457876,0.34865934,0.11420204,0.5052308,-0.6549708,-0.12979165,-0.041996486,0.5365476,-0.2894969,-0.109209985,-0.0030949563,-0.33544916,0.5290918,-0.17244571,-0.060718678,-0.10977234,-0.17929456,0.13163516,-0.18096781,0.011942767,0.3158549,0.12906507,0.18121348,-0.32260045,-0.007988453,0.24793996,0.03877805,-0.32319242,0.27759463,0.055486858,-0.24831623,-0.2112141,0.22301252,0.1769619,-0.21599472,-0.26075923,-0.4555276,-0.09987357,0.35241714,-0.62094367,0.5944166,0.0604292,-0.28921258,-0.039255675,-0.20327869,-0.06541386,-0.105597615,-0.33870047,-0.060610667,-0.10945294,-0.26256093,-0.21396017,-0.016093396,-0.45848,-0.41130742,-0.12622029,0.43771183,-0.06119083,0.27209273
usa_43_67,1,usa,-0.45978117,-0.23461379,0.045996174,0.4351508,0.54952556,-0.5030705,-0.0086193085,0.50379235,0.09639875,-0.30104554,0.24768335,0.2919476,0.20724581,-0.5297162,-0.3667844,0.27927178,0.10983907,0.18812265,0.21283948,-0.35083747,-0.46648952,0.22487244,-0.21478721,-0.4377988,0.32611257,-0.009446375,0.45306665,0.45183253,0.13978636,-0.32577133,0.5531327,0.35335454,0.07970871,-0.0537995,0.44898158,-0.5728922,0.082731105,-0.1258943,0.42747697,-0.4711526,-0.47960982,0.007329121,0.2570147,-0.14469178,-0.068208285,0.20531163,-0.29294002,-0.4871087,-0.33984968,0.25281942,0.2637914,-0.39261353,-0.70320994,-0.29379874,0.15299988,0.033758715,-0.4416576,-0.5007379,-0.07155622,-0.08140061,-0.3961116,0.7441913,0.22370672,0.66316557
usa_3_12,1,usa,0.97458065,0.13083054,-1.6482708,-0.86203873,-0.17678781,0.9063827,1.0721285,-1.0815699,1.4665476,-1.7160258,-1.082941,-0.82731265,1.6032325,0.31425142,0.78725713,-0.99718606,-1.6190114,1.6545007,-1.0673603,1.0217823,1.0804341,-1.2859842,1.298462,0.73911846,-1.2698224,1.0727453,-0.78475964,-0.64681107,-1.3278753,0.9751067,-0.52912587,-0.92383206,-1.2344719,1.1859013,-1.105236,0.71450996,-1.0413214,0.9666954,-0.36148602,0.5658871,0.34617898,-1.4390663,-1.0551438,1.5000057,-1.9196848,1.4993792,0.99347883,0.2879569,0.73858607,-1.3884939,-0.9785307,0.7477043,0.6677716,0.549454,-0.8136811,-1.0072613,0.5259305,1.0686246,-1.5729573,-1.4984217,0.5339606,-0.69582754,-1.0057557,-0.83898187
usa_3_43,1,usa,0.14645576,-0.057228327,-0.63312536,0.11335507,0.18219425,-0.12080915,0.293276,-0.010217465,0.5605363,-0.8272765,-0.1832242,-0.03179889,0.66696,-0.12366478,0.032657176,-0.16792846,-0.4155072,0.75840664,-0.39024687,0.20220561,0.21263048,-0.41177356,0.43886188,-0.04495481,-0.17173937,0.5050979,0.03542943,-0.0006675571,-0.5223505,0.16496675,0.06948769,-0.033594526,-0.3593184,0.419712,-0.12628083,0.03750366,-0.20721227,0.18630324,0.17187808,-0.09720297,-0.119727194,-0.66816854,-0.17541413,0.4166094,-0.816351,0.64116037,0.15888037,-0.15448585,0.03872419,-0.29951316,-0.21491899,-0.039162558,-0.20644191,0.03529106,-0.3194114,-0.43326083,0.009010002,0.10413967,-0.6201266,-0.4691329,-0.005498551,0.20968711,-0.14544433,0.18338604
usa_12_43,1,usa,0.77778924,0.6023127,-0.6760489,-0.83693314,-0.16154106,0.47593433,0.63475096,-0.84243816,1.3632374,-1.2757602,-0.6529502,-0.67974156,0.63682,0.20994222,0.30921,-0.75137347,-0.6887429,0.6802122,-0.537223,0.79814863,0.5070927,-0.60485315,0.32833198,0.41446137,-0.2606525,0.55392665,-0.6171909,-0.42916894,-0.94317234,0.50948566,-0.35389325,-0.7614777,-1.0088041,0.6435273,-0.9004971,0.82795584,-1.043861,0.22868939,-0.46868905,0.59047365,-0.013283879,-0.97581875,-0.5224228,1.0057681,-0.7123961,1.0113717,0.54736,0.14826241,1.1960343,-0.7544507,-0.942452,0.9148179,0.5324888,0.6584368,-0.4560583,-0.5620526,0.5550455,0.87697405,-1.4371297,-0.5409244,0.66858506,-0.52734065,-0.8149668,-0.60426533
usa_73_83,0,usa,-0.22210449,-0.38932282,0.07008807,0.33940813,0.3459671,-0.33584046,0.08858382,0.3907169,0.3626717,-0.4205239,0.15407258,-0.0030968934,0.4584049,-0.30474722,-0.18605657,0.14142783,0.0748929,0.37378234,-0.07198835,-0.17933415,-0.17469612,-0.04752942,0.1035093,-0.43044898,0.042506594,0.16193865,0.23279907,0.20830268,-0.17241412,0.007900171,0.3132683,0.22437987,-0.019254446,0.15235378,0.26760513,-0.504686,0.0019748434,-0.02426532,0.3581851,-0.34715027,-0.3794699,-0.3365531,0.12669528,-0.0831055,-0.4259941,0.26323962,-0.08977893,-0.26542902,-0.18432906,0.16017786,-0.046075746,-0.34759486,-0.43388015,-0.10796098,-0.20041287,-0.16274218,-0.24773687,-0.30003798,-0.38023117,-0.2772492,-0.22521865,0.45638737,0.044059075,0.5384988
usa_22_43,1,usa,0.92562306,0.5283663,-1.0919765,-0.9232764,-0.46175295,0.56139284,0.6737377,-0.95310587,1.2282059,-1.7803645,-0.96308,-0.73389226,1.1156304,0.4206609,0.4733132,-0.9147911,-0.9927361,1.6081508,-0.7939631,0.979359,0.7158902,-1.1785865,0.91081464,0.66853815,-0.9532222,1.1051039,-0.8652269,-0.43999565,-1.0880098,0.5803513,-0.43327397,-0.66607904,-1.0625242,0.8868433,-1.0291098,0.59270287,-1.1766087,0.9440813,-0.34263662,0.6275312,0.22724548,-1.3497387,-0.6976378,1.3598168,-1.7128386,1.3244966,0.87847924,0.23575418,0.70371974,-0.8008315,-0.9278317,0.7101761,0.6261525,0.67056024,-0.893099,-1.0330086,0.5415156,0.92003727,-1.5467399,-0.94821215,0.602388,-0.7304058,-0.99471647,-0.69370896
usa_43_64,1,usa,1.5889597,1.1027455,-1.6238766,-1.690375,-1.142369,1.6057128,1.3671147,-1.6062053,2.2968068,-2.279455,-1.6262066,-1.6374048,1.4022452,1.0346217,1.1229554,-1.5602738,-1.7229049,2.4588466,-1.2219814,1.8071901,1.478223,-1.6822907,1.4918486,1.0697384,-1.8370404,1.5491467,-1.7626687,-1.2600558,-1.7994089,1.4110571,-0.92131484,-1.374261,-1.6766787,1.6073827,-1.8842286,1.2915179,-1.8606294,1.4936556,-0.84686077,1.4400605,0.83632904,-1.8188133,-1.302733,1.9421072,-2.30794,1.9714698,1.788373,0.9291145,1.4944587,-1.5426195,-1.4754785,1.5463543,1.7150477,1.2997215,-1.530938,-1.7438326,1.0656917,1.7344791,-1.9490197,-1.4898481,1.2931006,-1.6068532,-1.893872,-1.5510453
usa_43_119,1,usa,-0.79226744,-0.20499094,0.36668587,0.7838213,0.81181896,-0.73150367,-0.35788587,0.61331177,-0.28923213,0.3197562,0.82473373,0.45753628,-0.2764913,-0.8370089,-0.47503167,0.7102281,0.48084792,-0.24744478,0.58862835,-0.5464737,-0.7837552,0.80227405,-0.38736197,-0.66372025,0.8535752,-0.23475875,0.8378415,0.8116825,0.46898994,-0.618619,0.691737,0.73583686,0.61661565,-0.28458887,0.69893444,-0.8268455,0.5890608,-0.6605157,0.65636283,-0.5983439,-0.8212151,0.4672375,0.7346415,-0.74611527,0.27355564,-0.4811485,-0.70681816,-0.6112709,-0.7175003,0.7311471,0.49677843,-0.76581967,-0.85998034,-0.6924014,0.4546297,0.20803428,-0.685387,-0.86921126,0.4769134,0.48235396,-0.7296145,0.8320325,0.63750505,0.97645664
usa_22_64,1,usa,1.1096663,0.6857317,-1.5327748,-1.0749937,-0.6100831,1.2881356,1.2160013,-1.5526689,1.9825654,-2.2873168,-1.1513021,-1.2761945,1.3191985,0.3151192,0.81767714,-1.3290088,-1.4587901,2.270956,-0.89813846,1.3094915,1.1169188,-1.8468822,0.8657313,0.8227818,-1.5540841,1.3005166,-1.0759354,-0.94306535,-1.8789939,0.93184006,-0.70267075,-0.9919915,-1.4878627,1.3775324,-1.3525825,0.86448205,-1.4996511,1.1605641,-0.51259387,0.7296541,0.54379255,-1.6286277,-0.91082835,1.5372317,-1.9747161,2.1132562,1.2458,0.24694894,1.1615496,-1.0913867,-1.1216553,0.7285289,0.8612396,0.91233826,-1.1757653,-1.4024594,0.6789289,1.0707483,-2.0401227,-1.7674376,1.1381624,-1.381845,-1.3880041,-1.1460412
usa_22_119,1,usa,0.14109398,0.14322692,-0.58048135,0.014587894,0.09197688,0.15433851,0.42578632,-0.17874658,0.5922182,-0.9732966,-0.23868102,-0.111672096,0.68374693,-0.06678954,0.03144799,-0.29509822,-0.4555881,0.7886946,-0.33400908,0.17904998,0.15304449,-0.40064424,0.53859484,-0.09383487,-0.23214409,0.6385925,-0.028457634,0.0095694065,-0.68433887,0.083947286,0.030152388,-0.112845175,-0.33029687,0.4007212,-0.21924393,-0.15302946,-0.3075095,0.26174915,0.23068362,0.0034276992,-0.17804965,-0.6314377,-0.08786458,0.5347218,-0.96448094,0.80114686,0.34860682,-0.09300078,-0.050281882,-0.2751157,-0.2581241,-0.13856646,-0.32958412,0.020633027,-0.19359714,-0.48800042,0.0643384,0.26873058,-0.73648524,-0.43607354,0.043521047,0.08666925,-0.3147332,0.23040155
usa_64_119,1,usa,-0.050156906,0.3478067,-0.53496104,-0.06749458,-0.11379023,0.03369078,0.24452907,-0.13671419,0.3736073,-0.7425057,-0.13986406,-0.0775351,0.47411507,-0.10318608,0.20205669,-0.32490906,-0.40843976,0.7652097,-0.340845,0.1164508,0.16533262,-0.4362344,0.4134843,-0.048998766,-0.35383245,0.52433914,-0.045810804,-0.06844589,-0.4544442,0.12622266,-0.02102378,-0.012192316,-0.29543048,0.35137713,-0.062265098,0.0973105,-0.3006299,0.37338322,0.009099603,0.15671653,0.06540391,-0.53132457,-0.11499362,0.3127285,-0.64757603,0.39594567,0.21554126,-0.020264223,0.018614076,-0.29968235,-0.16395879,0.042887643,-0.19279486,0.010034695,-0.41754636,-0.42270347,0.0879378,0.051088423,-0.49446726,-0.32933116,0.2114059,0.006867118,-0.24694698,0.020639159
usa_43_99,1,usa,0.2080183,0.07238898,-0.3104613,-0.1175997,-0.108712316,0.37797046,0.3423863,-0.36361316,0.42385998,-0.8127939,-0.37847254,-0.45452085,0.44637454,0.084133945,0.2256255,-0.2791759,-0.25008592,0.89184195,-0.04418219,0.21519999,0.23792961,-0.43536204,0.4091504,-0.0888986,-0.4011014,0.48632562,-0.3602553,-0.0371615,-0.61233467,0.19480576,0.09882056,0.051109344,-0.40070108,0.29132694,-0.4480685,-0.09082222,-0.71589124,0.19558685,0.30909708,0.16323882,-0.015404247,-0.4903996,-0.014209397,0.7388772,-0.6455698,0.69925505,0.4304514,-0.023341026,0.040371567,-0.30594888,-0.4638837,0.4387394,0.15001646,0.10077615,-0.27186993,-0.32159886,-0.0848844,0.38532832,-0.7287659,-0.21771482,0.14926207,-0.47391793,-0.36013138,-0.093039565
usa_64_99,1,usa,-0.007182762,-0.16283485,-0.029146329,0.14968532,0.119684055,-0.051652968,0.05297444,0.11095464,0.4507096,-0.7929877,0.10603938,-0.031053178,0.22289602,-0.24218714,-0.040472176,-0.030086562,-0.04385884,0.6311693,0.07496187,-0.029059276,-0.054823224,-0.20583716,0.14863855,-0.1716918,-0.3369665,0.17117827,0.052138183,0.10478898,-0.37607712,-0.01179938,0.25924504,0.23065856,-0.020729013,0.29936934,-0.113932,-0.27031517,-0.114186764,0.087143585,0.3280257,0.06147822,-0.32912153,-0.22686642,0.21972243,0.06922014,-0.32728136,0.3373276,0.080979496,-0.21554805,0.0010365471,0.07989023,-0.063493654,-0.101948276,-0.0076341555,-0.055280477,-0.3341553,-0.2036176,-0.14760605,-0.21614313,-0.46352136,-0.24640849,0.057429597,0.08847075,-0.15868703,0.4478795
usa_8_83,0,usa,-0.683895,-0.3691355,0.2104001,0.6024047,0.65764564,-0.5518316,-0.35929912,0.732432,-0.23996565,0.047790263,0.6209161,0.3805372,-0.10403227,-0.5909358,-0.3725778,0.50555146,0.51352596,-0.12101152,0.27301547,-0.42748547,-0.60540384,0.42437738,-0.3400324,-0.66410685,0.4412748,-0.06624758,0.59801453,0.5804108,0.51678157,-0.53035176,0.6940894,0.6885524,0.42485455,-0.15113902,0.56498957,-0.739063,0.25863585,-0.37258345,0.5909703,-0.44283548,-0.528036,0.16119969,0.5037694,-0.3267466,0.05888807,-0.24934646,-0.51179594,-0.58012503,-0.5226472,0.5082488,0.45603454,-0.45863348,-0.77534693,-0.42925113,0.36478636,0.23340514,-0.48813725,-0.6306638,0.07175907,0.22953933,-0.5519044,0.67550486,0.47065806,0.8193758
usa_83_104,0,usa,-0.7050134,-0.6319166,0.62500143,0.63710266,0.82448566,-0.85259247,-0.27310744,0.89441186,-0.0508786,0.28832522,0.66118693,0.3722059,-0.061444692,-0.7050915,-0.56443006,0.6812802,0.6458568,-0.4992453,0.4415856,-0.769613,-0.8380465,0.4615935,-0.51687586,-0.7526301,0.47766024,-0.33954495,0.622981,0.6106512,0.36661997,-0.54622626,0.7908326,0.6855783,0.37198326,-0.42584842,0.8051211,-1.0471971,0.52126485,-0.52445,0.54546547,-0.6489219,-0.78548014,0.28747535,0.49079037,-0.5211804,0.33321688,-0.26979837,-0.6378029,-0.67273116,-0.49352542,0.77930164,0.5908188,-0.6546348,-1.0362595,-0.39295167,0.22990766,0.120725036,-0.7136603,-0.9860637,0.18319166,0.25087386,-0.74153256,0.9432616,0.5026952,1.0788136
usa_8_73,0,usa,-0.58866274,-0.45711818,0.16741088,0.48849523,0.56055677,-0.46796447,-0.23804513,0.6215418,-0.0049637854,-0.019053653,0.5720583,0.25763807,0.010242544,-0.57343096,-0.39336997,0.38479665,0.37755162,-0.030116774,0.32184014,-0.3841744,-0.42997855,0.19943854,-0.29802933,-0.58498496,0.27172154,-0.04712314,0.5759816,0.33143747,0.13334079,-0.32035846,0.5524298,0.58157635,0.16505852,-0.015788548,0.42673653,-0.7178267,0.37098315,-0.3826999,0.53028494,-0.49592248,-0.5151434,0.07542582,0.3923425,-0.41409263,-0.18283689,-0.11316284,-0.45627242,-0.52827483,-0.3113085,0.49812996,0.404984,-0.42390296,-0.6233423,-0.2539146,0.1021139,0.04901758,-0.42511827,-0.6251852,-0.08710957,0.00043693185,-0.4153193,0.6016716,0.38059002,0.7225314
usa_8_104,0,usa,-0.5561974,-0.368357,0.20329113,0.57285845,0.5458445,-0.7081896,-0.25969794,0.74921846,-0.103688195,-0.13814244,0.5931774,0.40514416,0.07264882,-0.65797347,-0.49248308,0.52176714,0.40256122,0.050163344,0.3472679,-0.51119965,-0.6396995,0.32852858,-0.39826176,-0.66164863,0.33837247,-0.12945704,0.6632785,0.5056991,0.37962306,-0.3733837,0.69323486,0.6659273,0.28757438,-0.15510526,0.5380288,-0.7664145,0.29228038,-0.2886562,0.50201356,-0.5267836,-0.54942703,0.09299755,0.39860612,-0.34969583,0.08609681,-0.009814493,-0.41024452,-0.5743495,-0.42807993,0.40902725,0.49099833,-0.5740625,-0.7448348,-0.4166192,0.37116772,0.22047366,-0.51112086,-0.6037584,0.06366266,0.07550459,-0.51078653,0.78629327,0.36450845,0.84917563
usa_73_104,1,usa,1.0672326,0.42328897,-1.411059,-0.8651937,-0.46209556,0.48373276,0.9193382,-0.8538277,1.5880591,-1.653718,-0.7978997,-0.9195317,1.4568748,0.48884785,0.6880741,-0.88416386,-1.3039528,1.8008813,-1.0204966,1.1193775,0.79763085,-1.5212684,0.9773935,0.5317562,-1.162598,1.1155902,-0.8775566,-0.7944625,-1.489248,0.918944,-0.55129343,-0.7885251,-1.1066663,1.1061771,-0.7712227,0.7338128,-1.0062611,1.1993662,-0.35349402,0.60510933,0.47604746,-1.2141465,-0.9916276,1.1143777,-1.5970833,1.5484102,0.98209137,0.29699278,0.81249046,-1.2836194,-0.81146955,0.55586624,0.803074,0.60975206,-0.7824186,-0.9589573,0.6031172,0.9454024,-1.4892672,-1.5479144,0.49635968,-0.6483482,-1.0615753,-0.6759656
usa_39_112,0,usa,-0.30200928,-0.08560609,-0.19316614,0.41664165,0.39963043,-0.47982866,-0.016972788,0.51346606,0.15470609,-0.5245217,0.18787439,0.24032354,0.26584554,-0.4540655,-0.2878927,0.24418056,0.016416311,0.4077326,0.03994714,-0.20377031,-0.25493032,0.08279854,-0.086547986,-0.40375882,0.2341209,0.18444689,0.35534507,0.38501143,0.10170177,-0.2509477,0.4608043,0.28493866,-0.041613273,0.034401745,0.27817112,-0.46309215,-0.07021256,0.031180926,0.4267633,-0.34981254,-0.40187111,-0.08513969,0.29743224,0.029779218,-0.31972855,0.32638678,-0.15950547,-0.37348622,-0.31325415,0.13818642,0.21247166,-0.3124813,-0.5992386,-0.33543265,0.10448167,-0.098117694,-0.32427543,-0.34864292,-0.25289825,-0.1719167,-0.34465203,0.58700866,0.24829715,0.5281957
usa_110_112,0,usa,-0.21846274,-0.104501486,-0.20158163,0.37763745,0.38738388,-0.3663851,-0.035034552,0.34034607,0.15999952,-0.47541252,0.30416414,0.16508362,0.13651042,-0.49883637,-0.23520163,0.087794,-0.029009081,0.47598422,0.07088056,-0.29416257,-0.33994797,0.12978248,-0.031928442,-0.42362377,0.15866838,0.012376562,0.14321227,0.41623694,0.06926463,-0.26863098,0.40525028,0.1919879,0.093851015,-0.0919002,0.23837547,-0.374904,0.087384805,-0.0025750324,0.4923888,-0.30685538,-0.40905005,-0.048992634,0.25948143,0.001957111,-0.48019534,0.17148992,-0.28516263,-0.39559042,-0.32014874,0.12660903,0.16361645,-0.2435824,-0.424499,-0.27719164,0.076935984,-0.1874443,-0.2930815,-0.3192539,-0.037041552,-0.0906963,-0.48006564,0.42179745,0.117660135,0.4813271
usa_33_47,0,usa,-0.36590657,-0.11059582,-0.11084128,0.40011907,0.42201585,-0.46561438,-0.005724214,0.4680103,0.20672935,-0.41579482,0.20248774,0.20742473,0.28679687,-0.43092245,-0.2868232,0.21072692,0.022762813,0.25636947,0.02857535,-0.28678522,-0.2826384,0.091484286,-0.0568621,-0.38267285,0.20888337,0.17788355,0.37692034,0.31762692,0.010013439,-0.2171078,0.46102968,0.3008397,-0.06487735,0.08022341,0.25753045,-0.41856703,0.12874421,-0.00079649687,0.35581908,-0.36889237,-0.38644788,-0.15420353,0.27122462,-0.010153577,-0.22094405,0.2629022,-0.1599245,-0.38030118,-0.24440101,0.20971748,0.19899568,-0.32013214,-0.66097265,-0.21929604,0.03008639,-0.064382836,-0.30521536,-0.38592407,-0.24700293,-0.19469172,-0.33070645,0.6598419,0.1335927,0.593534
usa_12_22,1,usa,0.34133086,0.19105871,-0.73748,-0.25131384,-0.15672682,0.16356565,0.4381932,-0.12784517,0.8845234,-0.9888019,-0.3536633,-0.48436132,0.9574345,0.0974024,0.08638482,-0.33230242,-0.6521482,1.0931966,-0.5338711,0.4730745,0.3690049,-0.6893462,0.58989835,0.19945249,-0.39975366,0.6562456,-0.22334953,-0.23481499,-0.7928408,0.45513165,-0.12557203,-0.37502956,-0.55882454,0.62983805,-0.42229158,0.2586783,-0.27934337,0.5221243,-0.15450239,0.107791,-0.0018815845,-0.8098875,-0.35265982,0.6679364,-0.97590894,0.8987281,0.49880695,0.08620143,0.09826841,-0.38816655,-0.4685552,0.12979904,0.101652086,0.27521145,-0.40555567,-0.6337832,0.120795354,0.39060643,-0.7792036,-0.6992142,-0.03625465,0.06930482,-0.4748453,-0.21616739
usa_12_64,1,usa,0.38643405,0.099415585,-0.6531596,-0.56993586,-0.040669665,0.4082359,0.35194337,-0.6504362,1.0700333,-0.75751424,-0.41435128,-0.6104922,0.7770618,0.2300148,0.1927761,-0.34154925,-0.61100084,0.8629679,-0.54138815,0.54362583,0.23525193,-0.7831769,0.4423761,0.22946814,-0.5216421,0.5119767,-0.4781533,-0.28447878,-1.0946375,0.4746607,-0.24931979,-0.30736727,-0.6354452,0.38431627,-0.7649669,0.05606605,-0.5706848,0.68568987,-0.20469093,0.19914523,-0.09776443,-0.7295798,-0.66790426,0.6337456,-1.0524668,1.0678877,0.15459599,-0.05018824,0.27176815,-0.35716432,-0.4559887,0.5471475,0.3329951,0.39499965,-0.59318036,-0.65733075,0.18819235,0.50363564,-0.7720573,-0.6715041,0.11991893,-0.16717461,-0.56781703,-0.48156136
usa_12_99,1,usa,1.0420488,0.74827296,-0.9596122,-0.8875003,-0.38453472,0.6116968,0.62152034,-0.7372672,1.2823873,-1.3441813,-1.0405557,-0.76358986,1.020475,0.4705264,0.49886787,-1.0613738,-0.9851217,1.302948,-0.8684496,1.0959729,0.6857617,-1.0541052,0.5098468,0.89486593,-0.7166203,0.69671005,-0.7467929,-0.65167964,-0.88469666,0.70557517,-0.41563845,-0.8950051,-1.090047,0.9792341,-1.2739449,1.0526706,-1.1691405,0.7193975,-0.5573857,0.6279913,0.27608925,-1.0373657,-0.8981288,1.2014956,-1.0345249,1.0455406,0.7029309,0.41730446,0.8373282,-0.93758637,-0.7036057,1.0040314,0.7958011,0.5850514,-0.6986681,-1.0347074,0.6905875,1.105982,-1.1578085,-0.62477535,0.54756665,-0.46361962,-0.99442524,-0.95531183
usa_22_99,1,usa,-0.7479594,-0.42202902,0.4947644,0.52151686,0.7339939,-1.0584881,-0.35175553,0.6968832,-0.1917097,0.2479809,0.54169714,0.48686984,-0.1882021,-0.81412756,-0.57603925,0.6869068,0.6276775,-0.31956917,0.62848943,-0.6889721,-0.701155,0.49933597,-0.55637527,-0.596932,0.27040455,-0.40074217,0.5774664,0.76534426,0.2012108,-0.5870695,0.8443212,0.63586825,0.4444815,-0.34825665,0.81147665,-0.8533777,0.35708088,-0.47485238,0.61094683,-0.50436634,-0.7789323,0.24093302,0.5605113,-0.33145517,0.5384677,-0.17556447,-0.66825247,-0.6815574,-0.39030644,0.76141715,0.6623742,-0.51747733,-0.6707696,-0.48419693,0.037684944,0.12401377,-0.46907985,-0.6249215,0.15519954,0.4662488,-0.7407578,0.9235598,0.46439576,0.95541614
usa_10_69,1,usa,-0.4170785,-0.33195028,0.07385384,0.44008446,0.49371964,-0.6948313,-0.08700859,0.6074112,0.20345584,-0.10947039,0.42477086,0.34383413,0.26279372,-0.4185432,-0.3860749,0.46656466,0.18025786,0.027695894,0.30197027,-0.41881263,-0.45157343,0.26504108,-0.21821132,-0.4590117,0.30947033,-0.018861346,0.4626664,0.41658878,0.021725599,-0.2024492,0.5722754,0.3864786,0.14397722,-0.14687175,0.5324505,-0.750605,0.1762903,-0.11390355,0.32046592,-0.48055217,-0.41440418,-0.0024121702,0.2636872,-0.32439405,0.11181803,0.14863616,-0.2195734,-0.5101791,-0.25998163,0.34401423,0.33534217,-0.36970398,-0.6397908,-0.22623502,0.06385912,-0.06295404,-0.31578362,-0.57758534,-0.23424718,-0.17945322,-0.4075515,0.7089207,0.22214119,0.71641606
usa_58_69,0,usa,-0.18624489,-0.20523138,-0.18822524,0.38525048,0.36666906,-0.4514845,0.096316226,0.4646393,0.39562738,-0.46253166,0.17595467,0.15067089,0.4241025,-0.30488715,-0.23675813,0.20708647,-0.1385524,0.3348055,0.048337184,-0.18004647,-0.18030746,-0.03847941,0.03477823,-0.37176317,0.15322982,0.21201171,0.2650051,0.2971541,-0.082807176,-0.11502537,0.3519747,0.20255506,-0.08994978,0.12603305,0.22239886,-0.5027786,0.016019002,0.026451275,0.23806235,-0.3143385,-0.29873514,-0.23994002,0.20349249,-0.03709083,-0.2536683,0.3666774,-0.019554898,-0.3599695,-0.16700968,0.06407158,0.10519605,-0.29981893,-0.5051033,-0.19538073,-0.10819762,-0.26847333,-0.20326701,-0.33587432,-0.35367012,-0.33901098,-0.26895833,0.506106,0.12128842,0.54608846
usa_10_58,0,usa,-0.20086771,-0.16937713,-0.26373267,0.37333253,0.32852307,-0.39970893,0.10812987,0.4348131,0.3450675,-0.5059237,0.16067389,0.15831076,0.46432394,-0.29152402,-0.22855924,0.1797966,-0.11303188,0.3973832,0.008637473,-0.17656225,-0.1395497,-0.017952114,0.025997132,-0.3509766,0.13507147,0.24749543,0.29982996,0.24341397,-0.08667273,-0.109517395,0.35508126,0.19577208,-0.10942305,0.14443906,0.22390442,-0.4352454,-0.05015631,0.050787568,0.23756784,-0.29147884,-0.27980784,-0.21238613,0.18901673,0.029177792,-0.28628385,0.38353375,0.005135134,-0.33961976,-0.1568419,0.019116372,0.06765046,-0.2744617,-0.5054729,-0.16971526,-0.06863155,-0.251439,-0.19568132,-0.31322727,-0.37559667,-0.31517076,-0.22840574,0.50870746,0.11467861,0.5101679
usa_73_92,1,usa,1.128249,0.50509655,-1.6021607,-0.7839921,-0.6741809,0.55809575,0.8741386,-0.8536622,1.2217978,-1.9502157,-0.8336633,-0.78996134,1.2977374,0.58994174,0.81598365,-1.0393174,-1.6269711,1.5122297,-0.5903878,1.0803778,0.85471916,-1.28568,0.8753642,0.7599193,-1.032159,1.1214386,-0.93369615,-0.8072951,-1.2900134,0.6171694,-0.8574559,-1.0841098,-1.1167301,0.9081726,-0.80043125,0.9326167,-1.0530697,1.3751537,-0.5035233,0.7018339,0.6168758,-1.3664453,-1.0508505,1.5346117,-1.0409628,1.4974082,0.9641958,0.42517465,0.9025221,-1.5604755,-0.53893775,0.8439081,0.90201116,0.3400572,-0.79104316,-1.0247903,0.8942054,1.3072302,-1.1095307,-1.0399734,0.7924683,-0.80266625,-1.2486367,-1.1200421
usa_92_104,1,usa,0.26533827,0.34407267,-0.5736682,-0.53748965,-0.16604646,0.44259375,0.27747858,-0.40006685,0.96714246,-0.8314582,-0.36789653,-0.48788497,0.68568856,-0.01773607,0.2654748,-0.40236467,-0.6533525,0.8547065,-0.31881708,0.2881847,0.49463487,-0.5014458,0.53059393,0.30388746,-0.32931367,0.5446417,-0.36794436,-0.29441804,-0.58017224,0.3549223,-0.17626816,-0.19894245,-0.66961676,0.5268919,-0.6263211,0.282016,-0.57257044,0.37531084,-0.14754581,0.28547013,-0.026906177,-0.8141518,-0.21112393,0.54419994,-0.91055226,0.8293494,0.36590546,-0.0051543936,0.3220155,-0.2752266,-0.58175147,0.57989043,0.089346126,0.19373366,-0.60919267,-0.5156262,0.15993248,0.3882347,-0.8118234,-0.4936983,0.25740364,-0.26277736,-0.44307017,-0.29944322
usa_10_12,1,usa,0.31039718,0.086592704,-0.6648444,0.04848179,0.05768919,-0.061642032,0.4808423,0.005851254,0.7199528,-0.9505958,-0.24390551,-0.18800607,0.82506293,0.011829376,0.044083565,-0.23248139,-0.50443035,0.89434797,-0.34850824,0.26994455,0.3201451,-0.48038596,0.52119505,0.11914471,-0.25622535,0.55304176,0.048691332,-0.10172999,-0.75445783,0.23413832,-0.112152725,-0.14966518,-0.47564977,0.666387,-0.12479575,0.06545399,-0.2705636,0.4737348,0.038768318,0.0054162294,-0.02845484,-0.6904269,-0.23984493,0.50945634,-0.5300619,0.8822535,0.34565604,-0.09835727,0.20471236,-0.46051577,-0.14256617,-0.10782619,-0.04073924,0.12316494,-0.50852484,-0.6539763,0.11620408,0.29317394,-0.7256652,-0.6203124,0.21172598,0.2833267,-0.27059847,-0.1277658
usa_10_99,1,usa,-0.05605368,-0.06807904,-0.44045067,0.19914538,0.21252936,-0.24047299,0.20838413,0.27591324,0.4290307,-0.68074816,0.0094558075,0.025856338,0.6167245,-0.22645059,-0.15211077,0.037379805,-0.23918381,0.5559992,-0.18078613,-0.013560139,-0.044158608,-0.1481826,0.22438598,-0.19312648,-0.029084839,0.35357392,0.18296854,0.12495752,-0.22891483,-0.0006084889,0.22953928,0.06648215,-0.25332707,0.2677188,0.07025461,-0.23737206,-0.17654246,0.17533995,0.14425994,-0.17889783,-0.20721298,-0.40424776,0.036719237,0.18700004,-0.49322355,0.46958467,0.10407083,-0.23243825,-0.10139441,-0.12182551,-0.02465929,-0.18245935,-0.35873443,-0.10916691,-0.15296295,-0.32525945,-0.12129765,-0.16241655,-0.5201373,-0.39718822,-0.19153267,0.38859826,0.0018816069,0.30507562
usa_32_109,0,usa,-0.30190033,-0.1394419,-0.17479217,0.34120384,0.39675993,-0.37534034,0.05649575,0.36822388,0.298062,-0.41341949,0.17262347,0.10526143,0.34565312,-0.36948654,-0.23602392,0.16892521,-0.08543882,0.306629,0.022734746,-0.2182075,-0.23438624,0.03157584,0.038761847,-0.32328895,0.16504793,0.24911006,0.31352,0.26759923,-0.054011635,-0.17652863,0.39337668,0.25332245,-0.11398987,0.14578079,0.20442106,-0.3920537,0.0952067,0.003001541,0.30933973,-0.31260613,-0.3439718,-0.20152596,0.2240378,0.016700141,-0.27471542,0.27492642,-0.08218352,-0.36299562,-0.23871759,0.14868927,0.12794745,-0.27690658,-0.6407665,-0.15273736,-0.029577397,-0.10973854,-0.26705462,-0.40160304,-0.31500953,-0.22984925,-0.26785553,0.56059945,0.100211635,0.5675125
usa_73_109,0,usa,-0.684144,-0.512437,0.5080504,0.75980633,0.76336175,-0.933494,-0.38804215,0.9324895,-0.16749337,0.20102456,0.68724847,0.42645606,-0.18066354,-0.7124149,-0.58159053,0.65057117,0.5902682,-0.4257173,0.48043755,-0.61800104,-0.8657273,0.55601627,-0.52036965,-0.73418283,0.6198403,-0.31677103,0.6843492,0.73277307,0.51675844,-0.6011005,0.7832155,0.7396037,0.5020557,-0.3452595,0.7510553,-1.0337342,0.43261105,-0.48846936,0.6421474,-0.61449814,-0.7158261,0.30568677,0.6380472,-0.6501211,0.31511584,-0.31618235,-0.73529744,-0.6973493,-0.51783246,0.6859109,0.6516407,-0.76611555,-0.8225866,-0.553982,0.32050824,0.18572643,-0.6473667,-0.975118,0.25841755,0.23052695,-0.7246344,0.9611604,0.5878447,1.1448475
usa_32_73,0,usa,-0.3191994,-0.2554167,-0.013941981,0.3994122,0.4500407,-0.49115843,-0.036516592,0.5523807,0.23124516,-0.31558993,0.2927091,0.18780276,0.28039908,-0.40998083,-0.284647,0.2950362,0.09297803,0.19673885,0.09655328,-0.3097545,-0.3687968,0.13021407,-0.10636025,-0.449497,0.25455713,0.09330571,0.43508136,0.35836744,0.07804683,-0.2681641,0.4308087,0.34818769,0.018761806,0.025260128,0.39408213,-0.56516993,0.13324538,-0.11232154,0.37067023,-0.38394502,-0.38032177,-0.09521727,0.2827194,-0.18963271,-0.1903547,0.17163226,-0.19469213,-0.43822795,-0.2645451,0.28091022,0.2060044,-0.40927336,-0.6527,-0.26628467,0.03316784,-0.08342855,-0.34390014,-0.52063763,-0.24793544,-0.17654684,-0.33981627,0.6250791,0.24600175,0.6891483
usa_10_103,1,usa,0.0085622445,-0.02598604,-0.4708711,0.15680689,0.18543927,-0.18240851,0.26519632,0.21332327,0.5118854,-0.7922777,-0.09039401,0.0030833855,0.6419566,-0.20234916,-0.06830511,-0.045034297,-0.35614648,0.68626434,-0.20980799,0.016747192,0.0007773638,-0.22744632,0.22663563,-0.15723826,-0.07807859,0.4073637,0.16420007,0.080195636,-0.25020224,-0.0026751235,0.19818863,0.00047477335,-0.34743986,0.36158752,0.054684494,-0.18444484,-0.1464422,0.25269985,0.15172777,-0.1444973,-0.15058379,-0.40536594,-0.0018208474,0.29701394,-0.51973605,0.5426196,0.12042987,-0.22845529,-0.022459593,-0.22270125,-0.057958588,-0.12838228,-0.37475678,-0.042761907,-0.17095977,-0.31748515,-0.07219204,-0.12951936,-0.5533912,-0.47059762,-0.10482427,0.35808536,-0.05218835,0.25386134
usa_10_83,0,usa,-0.4692191,-0.36903974,0.1608102,0.46536958,0.52787364,-0.5304681,-0.11988493,0.6483866,0.078325085,-0.2043046,0.34887186,0.31932616,0.14299898,-0.4879425,-0.35500264,0.35062665,0.29847717,0.10987067,0.13330907,-0.37617314,-0.47346616,0.21254602,-0.32457912,-0.53417575,0.36624968,-0.00256937,0.5090357,0.42168915,0.16165298,-0.35292727,0.5483068,0.4276562,0.12174301,-0.062649556,0.5069,-0.6291115,0.17009643,-0.18794085,0.51774627,-0.45243233,-0.4504963,0.046341766,0.3113234,-0.27208188,-0.13801694,0.07855093,-0.3285757,-0.4832437,-0.30255854,0.38522482,0.25737667,-0.44567508,-0.7257696,-0.3356639,0.1390805,0.006340526,-0.4641683,-0.5897928,-0.107365526,-0.048318468,-0.4215274,0.7399928,0.3361507,0.7423359
usa_30_73,1,usa,0.6812637,0.119876206,-1.165266,-0.36885783,-0.19527136,0.34077048,0.84500235,-0.35991284,1.1907896,-1.4068975,-0.5554222,-0.37402287,1.154579,0.22753137,0.20150988,-0.5917589,-0.9587722,1.2936894,-0.8168955,0.64257765,0.63891506,-0.9584982,0.8888286,0.30505934,-0.67499965,0.8805285,-0.33672023,-0.47860074,-1.1485931,0.5433903,-0.3739879,-0.545317,-0.8508981,0.873153,-0.5460428,0.46502712,-0.7034464,0.7060546,-0.21125725,0.24640647,0.14441597,-1.0770576,-0.58043015,0.78465486,-1.3051921,1.207438,0.70351744,0.106845304,0.41938248,-0.80985945,-0.541489,0.2393232,0.2124837,0.43655625,-0.60953087,-0.97558343,0.30042154,0.58259535,-1.2152324,-1.0354387,0.33926645,-0.19997972,-0.5582179,-0.34557185
usa_47_63,0,usa,-0.11525011,-0.027840827,-0.3322022,0.2398318,0.22505875,-0.22304064,0.19896701,0.3006297,0.4346386,-0.5822437,0.028976668,-0.0036197752,0.55931276,-0.24440232,-0.15519366,0.06564259,-0.25731963,0.5284359,-0.16939127,-0.055497102,-0.08728227,-0.10904937,0.23250085,-0.20153067,0.020257734,0.36674774,0.23900372,0.12983596,-0.22721124,-0.03561134,0.2048545,0.091047905,-0.24520755,0.28941244,0.15608197,-0.2526009,-0.04353966,0.14686051,0.17331102,-0.21444395,-0.22690484,-0.33742082,0.084162846,0.17247835,-0.4031541,0.44688436,0.08894329,-0.2526514,-0.12404479,-0.03214474,-0.033762753,-0.20824265,-0.44449562,-0.05552932,-0.15262884,-0.30228904,-0.12768929,-0.18060447,-0.48241347,-0.37819815,-0.1564633,0.4526527,0.009198174,0.3475962
usa_12_73,1,usa,1.6007557,0.93942416,-1.3833512,-1.6887342,-0.98376125,1.5332437,0.933838,-1.7947301,2.0846617,-2.053304,-1.7015669,-1.4831147,1.195837,0.674712,1.2799876,-1.5828558,-1.7809722,1.9023132,-1.0906342,1.5979273,1.9881854,-1.6155504,1.3495673,1.4554484,-1.2145913,1.3249788,-1.3500142,-1.1603024,-1.9768935,1.0551062,-1.2560004,-1.3068491,-1.4958509,1.4781326,-1.5985967,1.7092625,-1.5923986,1.3170648,-0.6859497,1.5078748,0.6219488,-1.6645297,-0.94354117,1.8478687,-1.8410444,1.6187674,1.2900673,0.6105945,1.7831166,-1.5047712,-1.7061154,1.6859616,1.2646892,1.2271774,-1.5241971,-1.5440205,1.1602883,1.696518,-1.976388,-1.2300721,1.2774597,-1.2966076,-1.4173012,-1.75017
usa_12_30,1,usa,0.27257124,0.044693384,-0.6985031,-0.20997941,0.056805074,0.0046791434,0.5251234,-0.045540787,0.81271523,-0.9795069,-0.3779118,-0.14774823,0.82806116,-0.05701669,0.027626105,-0.308856,-0.49603468,0.7422049,-0.5879969,0.22796519,0.2610104,-0.59089506,0.54455954,0.0797174,-0.38906583,0.57597333,-0.12030664,-0.21592484,-0.7320775,0.2504177,0.009668186,-0.3032107,-0.70234954,0.56306237,-0.23043482,0.12986802,-0.51669717,0.5012573,-0.042692028,0.091005035,-0.10498676,-0.8295731,-0.34744877,0.5224166,-0.9496985,0.72347564,0.30599052,-0.049489208,0.2762145,-0.34876725,-0.34174418,0.15577576,-0.07952891,0.27239698,-0.412817,-0.65448344,0.042844072,0.16239719,-0.8298409,-0.67581236,0.10495821,0.00040040165,-0.30796576,0.00035270303
usa_55_112,0,usa,-0.17560863,-0.17147942,-0.20036542,0.44082814,0.45880622,-0.42554498,0.055706985,0.41876203,0.29575056,-0.5547765,0.110593356,0.19522892,0.25962782,-0.46869266,-0.21883087,0.16874784,-0.037684508,0.5069194,-0.002308987,-0.17793775,-0.19375744,0.06095846,0.011782296,-0.3131308,0.19702254,0.17709364,0.28216827,0.41478008,0.05949036,-0.22860843,0.36884275,0.22787067,0.0016809106,0.11399439,0.18346547,-0.32635486,-0.050177693,0.0025015473,0.42304608,-0.23076417,-0.46998027,-0.09060629,0.27254403,0.1053191,-0.37194622,0.3373681,-0.18756232,-0.40239894,-0.21548778,0.059087954,0.17231625,-0.27832896,-0.5059697,-0.19892727,-0.0105325505,-0.2105425,-0.3076255,-0.43506303,-0.28203464,-0.1920397,-0.3477184,0.5018662,0.23253289,0.40961322
usa_45_106,0,usa,-0.012521043,-0.04477171,-0.40631774,0.15748599,0.22009268,-0.20274535,0.26304668,0.23819372,0.4977552,-0.76706517,-0.07865051,0.020366691,0.6168316,-0.22531419,-0.08625774,-0.018824413,-0.32451767,0.6614529,-0.18974805,-0.015453942,-0.049990345,-0.2191731,0.17428964,-0.193457,-0.04832319,0.37663722,0.15669462,0.11005126,-0.22293383,-0.027564555,0.23794095,0.020370863,-0.32403842,0.31371498,0.057988398,-0.2374133,-0.14707147,0.25047034,0.18971004,-0.1524086,-0.18628639,-0.36838695,0.007634811,0.2633414,-0.50666463,0.5319199,0.09078431,-0.25733012,-0.03567701,-0.19173646,-0.04094015,-0.14836839,-0.40420842,-0.06660405,-0.11907754,-0.3086922,-0.1230349,-0.16555674,-0.5279507,-0.47581226,-0.12417614,0.37726817,-0.034446537,0.2828672
usa_45_112,0,usa,-0.25296688,-0.16030096,-0.20396516,0.30900237,0.3616922,-0.376424,0.061908998,0.41708213,0.29221347,-0.5465254,0.12620774,0.14413933,0.3619191,-0.41176993,-0.2558686,0.17511332,-0.05128765,0.4218294,-0.00311815,-0.23192054,-0.24742115,-0.0031145737,-0.030472852,-0.32000375,0.19749558,0.24038567,0.31033882,0.27013254,-0.04764176,-0.1593068,0.3684183,0.22314158,-0.15066803,0.14192648,0.23127934,-0.4257251,0.050807156,0.041171834,0.34726575,-0.31682083,-0.34004882,-0.19163758,0.18662658,0.038051188,-0.34777567,0.36395472,-0.13309492,-0.37063146,-0.1548121,0.078540824,0.1505204,-0.29353955,-0.5888866,-0.1936382,-0.004562944,-0.108230025,-0.25543067,-0.38169318,-0.3141863,-0.28544608,-0.258628,0.55037975,0.16865528,0.4717086
usa_106_112,0,usa,-0.5024388,-0.51793706,0.331463,0.44844303,0.6253444,-0.69403255,-0.086049356,0.6945729,0.09578488,-0.073429234,0.40959877,0.27828258,0.20246802,-0.49301374,-0.3962745,0.476674,0.23498206,-0.08555252,0.117903486,-0.48897725,-0.7325212,0.15809113,-0.3906994,-0.5415751,0.31947568,-0.24332039,0.3711338,0.48384476,0.08133894,-0.36969137,0.66896504,0.4209623,0.17052975,-0.2538299,0.41252762,-0.7617701,0.22314419,-0.24980271,0.45363715,-0.5338481,-0.6316266,-0.03186193,0.22024836,-0.35848346,0.08661065,0.11092185,-0.44983476,-0.569743,-0.3422971,0.43910897,0.4420722,-0.49633998,-0.7624911,-0.29278994,0.21661493,-0.06869872,-0.5531516,-0.5780858,-0.08583052,-0.058230914,-0.5298727,0.87335277,0.19729823,0.924508
usa_40_106,0,usa,-1.0217224,-0.8331079,0.6918155,0.7369632,0.8717246,-1.0515338,-0.49944153,1.0017222,-0.4464376,0.37847438,0.7312178,0.50927764,-0.30990002,-0.906173,-0.6489996,0.7995459,0.78501153,-0.5845812,0.620864,-0.79348755,-1.0216414,0.44585553,-0.8248612,-0.79748267,0.7114063,-0.53100973,0.7804953,0.7465545,0.5008871,-0.6806184,0.9701377,0.73849726,0.447406,-0.5111014,0.9068912,-1.1377944,0.6094259,-0.5409586,0.5492412,-0.77216387,-0.83145016,0.31517538,0.5715049,-0.57356346,0.7754069,-0.37086722,-0.87028766,-0.78819484,-0.51143825,0.89890397,0.7049677,-0.60270256,-1.0716577,-0.510373,0.44602624,0.2212374,-0.75053567,-0.92820805,0.26297927,0.23229048,-0.7104566,1.2229805,0.59183025,1.0887983
usa_12_35,1,usa,-0.27367917,-0.24070041,-0.17131412,0.34868598,0.39846915,-0.4225151,0.013472252,0.48216525,0.24606633,-0.43492916,0.1758808,0.15204062,0.3773852,-0.38667756,-0.24079727,0.20908031,-0.0066523775,0.29476088,-0.0140670985,-0.24878989,-0.2772024,0.06286143,-0.0026292503,-0.3456164,0.19083326,0.17104037,0.3188871,0.29302764,-0.026461154,-0.2007693,0.3837197,0.26305425,-0.06848777,0.08865772,0.31277913,-0.4476814,0.029302072,-0.022259496,0.3453437,-0.31985077,-0.3613613,-0.18375617,0.20942552,-0.028514512,-0.23606941,0.27512723,-0.1406656,-0.3863418,-0.16575553,0.10971324,0.16108795,-0.3199126,-0.58735156,-0.21430248,-0.034817666,-0.14091842,-0.2793764,-0.42234486,-0.29979885,-0.24802804,-0.3223956,0.5860475,0.19527811,0.5611539
usa_12_113,0,usa,-0.03801702,-0.034719568,-0.43257004,0.18811429,0.22452644,-0.22024833,0.21734545,0.23791456,0.4685264,-0.73201215,-0.044868656,0.02978684,0.5870276,-0.23204249,-0.11060602,-0.012705542,-0.2994414,0.62983674,-0.17334601,-0.027910378,-0.034165885,-0.17371082,0.17606115,-0.19767562,-0.03267891,0.37289494,0.19645718,0.114326715,-0.20225495,-0.027240902,0.22893615,0.045006774,-0.29835394,0.31824416,0.07861136,-0.23426668,-0.102405936,0.20769824,0.18265674,-0.17738363,-0.18972966,-0.37090328,0.041993275,0.25029838,-0.49726063,0.4838322,0.080382854,-0.25534567,-0.069545105,-0.15887919,-0.0327729,-0.15228365,-0.40244052,-0.07649864,-0.13880205,-0.27766892,-0.11212876,-0.17576429,-0.5073128,-0.43024725,-0.14586285,0.3881521,-0.023382314,0.30499917
usa_35_113,0,usa,0.12177652,0.011185419,-0.5808902,0.16207182,0.12599327,-0.14902171,0.33987325,0.13377891,0.5472917,-0.86381555,-0.0892219,-0.05838851,0.6525313,-0.1938463,-0.099565506,-0.13765013,-0.453089,0.7626846,-0.29887414,0.1105091,0.12944207,-0.3151534,0.34986424,-0.05592635,-0.17274961,0.4696164,0.080038,-0.027513318,-0.43603757,0.10340446,0.17687786,-0.04479807,-0.45785153,0.4416833,-0.17207737,-0.06442645,-0.22804573,0.32166302,0.14077899,-0.096683644,-0.14721069,-0.5631935,-0.05720894,0.40234286,-0.7364924,0.67278564,0.20931025,-0.18075553,0.004722424,-0.20979306,-0.09649289,-0.05977892,-0.24701026,0.023311153,-0.19624457,-0.4083636,-0.042375244,-0.06117937,-0.6516931,-0.5091856,-0.0251894,0.23289886,-0.09721255,0.17621997
usa_73_96,0,usa,-0.30219382,-0.19829226,-0.10506464,0.34073007,0.38579643,-0.4370591,-0.027513176,0.5313184,0.22526056,-0.39528906,0.2387285,0.14357254,0.36099422,-0.40758207,-0.2517988,0.2613244,0.0008676052,0.2950003,0.018040955,-0.2795344,-0.33204687,0.052319974,-0.042476106,-0.408269,0.20125192,0.13358839,0.3725086,0.33587855,0.07901638,-0.25866348,0.40976015,0.29357097,-0.06517174,0.07931931,0.36745125,-0.54093164,0.09110909,-0.03526698,0.35755765,-0.34692904,-0.37132442,-0.17803368,0.2214012,-0.0689953,-0.2517918,0.18606377,-0.16955902,-0.40816933,-0.22854623,0.2005403,0.183995,-0.32877314,-0.6548122,-0.23889619,0.033188023,-0.08037141,-0.3206727,-0.42342556,-0.28177217,-0.24956915,-0.31807357,0.5902548,0.2281252,0.60950166
usa_12_14,0,usa,-0.27360797,-0.43116218,-0.07699747,0.2949467,0.39482874,-0.45046705,0.011937462,0.55870295,0.2710051,-0.46433988,0.28214934,0.124522746,0.36053205,-0.4500979,-0.3454349,0.2958239,0.20046389,0.23789187,0.004738249,-0.29248932,-0.36671066,-0.064380445,-0.2174516,-0.54395413,0.11581704,0.04485306,0.4432335,0.21947084,-0.04074391,-0.19263281,0.48267895,0.3522635,-0.08814516,0.11901268,0.3905657,-0.6442944,0.06708242,-0.0014203489,0.38542572,-0.3927662,-0.41118833,-0.18187085,0.16694319,-0.20618683,-0.24011827,0.23619014,-0.14667407,-0.39465284,-0.1427438,0.18529382,0.13826632,-0.35134473,-0.61531925,-0.1940049,0.020325832,-0.17623416,-0.38362235,-0.3893445,-0.3191085,-0.29295093,-0.2824118,0.6301721,0.19804385,0.6123258
usa_14_106,0,usa,-0.43794173,-0.4234177,0.21271032,0.5229886,0.5787693,-0.64515936,-0.17542404,0.7365546,0.047155224,-0.058894627,0.4276684,0.3240396,0.08831295,-0.5383195,-0.39275706,0.42292917,0.32564577,-0.06876605,0.17216387,-0.43989092,-0.5807515,0.24017802,-0.28718367,-0.57551026,0.40285197,-0.107328966,0.48159826,0.5246534,0.2768073,-0.36514074,0.5801792,0.51973605,0.15206842,-0.15330198,0.516746,-0.78947127,0.13716386,-0.25379074,0.48076457,-0.44501677,-0.530152,-0.001764819,0.38289803,-0.4041415,-0.059322305,0.016790286,-0.39922726,-0.53241044,-0.34151468,0.46529233,0.35545832,-0.50481236,-0.7360642,-0.37575334,0.13158177,0.024211753,-0.47422427,-0.69189477,-0.06058622,-0.044024087,-0.5327509,0.7624174,0.36905205,0.9007028
usa_12_106,0,usa,0.060195893,-0.11633651,-0.3318577,-0.075638525,0.18165179,-0.05271329,0.29608566,0.07963577,0.6775805,-0.7634643,0.15582849,-0.34554332,0.68344706,-0.2659602,-0.1082474,-0.020984203,-0.10265386,0.6000702,-0.15409034,-0.0037295371,-0.16772199,-0.39063662,0.111218326,-0.19552639,-0.24918935,0.38089728,-0.032182135,-0.14383678,-0.5289942,0.107789874,0.17041346,0.059075743,-0.36597788,0.3463186,0.083554596,-0.257444,-0.31150314,0.3611498,0.2411671,-0.059599906,-0.20123237,-0.2736058,-0.059296742,0.08574203,-0.41892874,0.6111911,0.16468161,-0.27610096,0.12127901,-0.06303019,-0.13846155,-0.06567237,-0.29756325,0.033139408,-0.18862891,-0.2367329,-0.0920551,-0.05701887,-0.7593854,-0.6435398,-0.060450193,0.27179825,-0.22847037,0.16034019
usa_8_97,0,usa,-0.40176708,-0.30577818,0.055983156,0.5861877,0.50922364,-0.63723606,-0.119346485,0.6452896,0.07303981,-0.24275938,0.40236312,0.30525643,0.18758549,-0.51106,-0.3823818,0.34719592,0.21534657,0.08181697,0.14833689,-0.37841624,-0.48794708,0.27037102,-0.21776357,-0.5216309,0.3634166,-0.04530417,0.5269843,0.3721332,0.19446418,-0.3165257,0.53438425,0.43570018,0.19800454,-0.08552439,0.4148093,-0.5820744,0.14856943,-0.22469312,0.48136228,-0.446014,-0.50148296,-0.01619593,0.40749836,-0.23121145,-0.08653415,0.06076666,-0.3016566,-0.4881848,-0.346957,0.3332613,0.2661898,-0.49856067,-0.64155287,-0.39110878,0.101502515,-0.01767978,-0.41739362,-0.56108034,-0.08574817,0.041644465,-0.42987052,0.697655,0.3741482,0.79426336
usa_97_104,0,usa,-0.38300538,-0.26043573,0.07486269,0.37809962,0.5816919,-0.5502672,-0.11710016,0.4431517,0.2622822,-0.16690561,0.3899518,0.23009238,0.18673207,-0.48323,-0.36566633,0.34267816,0.0794958,-0.040791065,0.19602652,-0.32886788,-0.53177285,0.161793,-0.23640352,-0.5252338,0.25834197,0.039226055,0.35277498,0.37267375,0.09193389,-0.3036012,0.53928685,0.34075454,0.0073946193,-0.17161651,0.2718559,-0.6636201,0.22985557,-0.29667842,0.37679794,-0.48714083,-0.5730065,-0.21468088,0.25860012,-0.19362941,-0.16173285,0.20660117,-0.35161066,-0.4765594,-0.36662447,0.39079064,0.3014621,-0.37470034,-0.6201363,-0.33952332,0.13036971,-0.020540379,-0.40390462,-0.4706951,-0.16771474,-0.05593977,-0.4798136,0.70673525,0.11673631,0.8263692
usa_73_99,1,usa,0.25595558,0.04832555,-0.17883036,-0.027866513,0.27226597,-0.27543485,0.24597964,-0.06996489,0.5918361,-0.72784907,-0.2169989,-0.01277189,0.5015162,-0.26238498,0.07090296,-0.193151,-0.38654566,0.6503582,-0.1637975,0.03547956,0.12557161,-0.21954346,-0.050320245,0.0008048937,-0.069962494,0.30256402,0.098175146,0.1132553,-0.21275866,-0.12785488,0.2386828,-0.11909378,-0.43307614,-0.0075316206,-0.07460429,0.15310015,-0.023599818,0.10422477,0.1337775,0.06535473,-0.37761277,-0.5305776,-0.02980686,0.39329538,-0.44943976,0.36314324,0.12012412,-0.16743582,-0.101223186,-0.18373793,-0.012804858,-0.16209796,-0.513933,0.046395227,-0.08669975,-0.0856107,-0.11320172,0.11823976,-0.29887506,-0.13858262,-0.007872589,0.13926569,-0.42288572,0.099686116
usa_22_116,1,usa,-0.5205194,-0.31900075,0.32867068,0.43556458,0.5188246,-0.73460114,-0.07052651,0.588363,0.039237894,0.06255325,0.48407757,0.28565624,0.13572966,-0.6779388,-0.3268296,0.40984946,0.3780298,0.068370104,0.41739175,-0.37079072,-0.53471303,0.2711228,-0.32071704,-0.57387316,0.48430285,-0.19181097,0.4220351,0.6662013,0.18182927,-0.4731555,0.3971683,0.5617585,0.12702149,-0.2366259,0.55954075,-0.7573918,0.09042524,-0.38983357,0.6443213,-0.5471641,-0.6374041,-0.19104445,0.39519852,-0.34037387,0.05105312,-0.011252269,-0.4700182,-0.5926779,-0.29695734,0.5426073,0.3606795,-0.5202733,-0.7856735,-0.28900462,0.00014386326,-0.007660523,-0.47374302,-0.6345037,-0.17669031,0.07692707,-0.551008,0.57438236,0.26764023,0.95331305
usa_43_116,1,usa,0.3229903,0.11584748,-0.60040903,-0.15532103,-0.050546765,0.21348237,0.7129584,-0.37478262,0.91713655,-1.1170688,-0.50835377,-0.4721894,0.78125316,-0.00243143,0.18197696,-0.5079516,-0.7674195,1.0737435,-0.27250585,0.5613919,0.4516945,-0.6413608,0.49747232,0.030626886,-0.4448684,0.55181235,-0.34463757,-0.18897684,-1.0019205,0.34214258,-0.23255068,-0.40957373,-0.5067937,0.6147965,-0.3740993,0.20748809,-0.7487831,0.42319316,-0.057243623,0.23038459,0.082567364,-0.77168626,-0.45128036,0.4702186,-0.9873511,0.73782593,0.5402367,0.0031351,0.42880607,-0.4976599,-0.2953325,0.29540557,0.25483462,0.26877853,-0.59049845,-0.7684169,0.20244773,0.31875008,-0.96744275,-0.5795224,0.30393693,-0.31789318,-0.49400818,-0.28694844
usa_64_116,1,usa,0.062033013,-0.1247984,-0.5229036,-0.1605548,0.059004597,0.2176689,0.34496942,-0.16250834,0.5248418,-0.88137656,-0.2576459,-0.24120882,0.65446556,-0.114526734,0.21964808,-0.286434,-0.38000032,0.9549532,-0.4318728,0.28526235,0.215927,-0.5923239,0.328608,-0.16883567,-0.33319142,0.6026242,-0.1806268,0.00031156093,-0.61662954,0.056980237,-0.118664086,-0.112867795,-0.43191463,0.5254417,-0.15396464,0.02378168,-0.5052856,0.41744387,0.17701566,0.08896678,-0.04541348,-0.60300654,-0.2822016,0.62319267,-1.027487,0.6738434,0.18506552,-0.10970025,0.024230488,-0.35284534,-0.2750699,0.11044236,-0.10134055,-0.04190223,-0.42316756,-0.57313144,0.18460129,0.13766879,-0.7495234,-0.5681336,0.035356626,-0.21518004,-0.3371272,-0.07118479
usa_6_73,0,usa,-0.72592425,-0.4168115,0.62612313,0.51994896,0.74568266,-0.9568924,-0.23093179,0.70041084,-0.14413805,0.1931867,0.57016057,0.47971135,-0.20900285,-0.77727276,-0.5707055,0.627459,0.68247634,-0.41791826,0.37869456,-0.79157615,-0.968563,0.3050917,-0.9267538,-0.83093596,0.50252724,-0.46748978,0.60502887,0.57945174,0.38930658,-0.50951266,0.85789263,0.7024615,0.29498288,-0.6028431,0.7546313,-1.0734996,0.31603408,-0.38245457,0.6343087,-0.6310764,-0.70352423,0.40147865,0.5190562,-0.6528801,0.38981682,-0.2743965,-0.8759908,-0.6955587,-0.49049488,0.6308939,0.5394822,-0.5766523,-0.8915317,-0.44950116,0.15044165,0.11591098,-0.69541395,-1.0701957,0.039132003,0.20324656,-0.61134434,0.86144155,0.47593755,1.0059268
usa_39_73,0,usa,-0.28927976,-0.13203241,-0.19201332,0.3258914,0.3755256,-0.40529478,0.046893068,0.4186743,0.23611507,-0.52966547,0.16454408,0.14088278,0.32650644,-0.39353874,-0.25484592,0.14529033,-0.047008887,0.3513981,-0.0009313375,-0.23450422,-0.27907413,0.03413531,-0.009871796,-0.35342002,0.18999098,0.22921146,0.3338934,0.25452018,-0.0049159825,-0.17177644,0.41974276,0.2428604,-0.13143072,0.16272224,0.23743513,-0.41195425,0.034070577,0.04406354,0.33567438,-0.3045528,-0.35463607,-0.17946467,0.23299406,0.016211689,-0.30617356,0.28289568,-0.13839489,-0.35639417,-0.20859855,0.1355635,0.12150954,-0.25254956,-0.5949394,-0.19358124,0.03589236,-0.080696866,-0.2755574,-0.3883268,-0.29463193,-0.23308396,-0.26979262,0.5768985,0.15041366,0.53922886
usa_8_109,0,usa,-0.3042906,-0.25431097,-0.103573926,0.3556933,0.4222949,-0.44018722,-0.017078526,0.44043887,0.2673971,-0.2844815,0.2174367,0.11682887,0.3235966,-0.36701855,-0.2628304,0.23574194,0.01141452,0.20097934,0.0559484,-0.28031838,-0.31502098,0.094433285,-0.03274811,-0.40485853,0.21221708,0.124046266,0.3219384,0.35353613,0.006592512,-0.23019867,0.40886506,0.30307114,-0.013547339,0.06048459,0.30762145,-0.5040385,0.08724106,-0.08441193,0.3440156,-0.3463028,-0.3739308,-0.18628463,0.23947333,-0.1031454,-0.22361055,0.20366636,-0.13094912,-0.40034872,-0.27099028,0.19459352,0.15156752,-0.34766036,-0.6129866,-0.21471229,-0.040308274,-0.08517362,-0.31219447,-0.47570315,-0.23249009,-0.16692272,-0.35589156,0.5655579,0.14639582,0.6439133
usa_104_109,0,usa,-0.42379105,-0.4144883,0.04238826,0.3987529,0.50341886,-0.5252556,-0.105954744,0.62591076,0.15019208,-0.27408534,0.3126677,0.23923999,0.22867964,-0.48534405,-0.32969153,0.37275863,0.22371319,0.12969029,0.10379155,-0.33146363,-0.4964811,0.11046393,-0.25568947,-0.48879194,0.29842696,-0.018393233,0.44888145,0.39906812,0.16153815,-0.3488493,0.54758346,0.38719797,0.07305907,-0.043450367,0.49343234,-0.6378498,0.13419744,-0.15416071,0.49014685,-0.43207568,-0.45265782,-0.00095131993,0.29431307,-0.2904606,-0.07944573,0.13742527,-0.30515206,-0.46981114,-0.20669541,0.31941295,0.30692887,-0.46299025,-0.6988493,-0.30818284,0.07665048,-0.06318608,-0.4120522,-0.57329327,-0.18054268,-0.15130675,-0.40596232,0.72060454,0.29813248,0.73089445
usa_35_53,0,usa,0.13274321,-0.09051237,-0.48397076,0.057493094,0.047458865,-0.1865223,0.38059956,0.11231716,0.66946596,-0.7697718,-0.14520481,-0.10806563,0.5698388,-0.20469327,-0.021168925,-0.28402376,-0.1760929,0.71752733,-0.21814454,0.17028122,0.10980021,-0.3119676,0.22690281,-0.13289939,-0.12442807,0.2976554,0.21824546,-0.022234432,-0.42948475,0.035630926,0.0884901,-0.033273138,-0.3288627,0.5073658,-0.012617871,-0.07764083,-0.33110562,0.43780082,0.11733867,-0.011583,-0.08616451,-0.57272184,-0.11535579,0.18791905,-0.57399046,0.544121,0.1319379,-0.14884381,0.21241832,-0.23482248,-0.13749216,-0.17212677,-0.080697425,0.019541055,-0.2955586,-0.47613534,-0.02405826,-0.18767393,-0.725268,-0.45150095,-0.054025866,0.08309615,-0.10742995,0.03773563
usa_36_69,0,usa,-0.6836301,-0.3953354,0.24546608,0.71149063,0.69131225,-0.5519676,-0.38358602,0.7015817,-0.29397216,0.12802902,0.5737365,0.5233195,-0.14043096,-0.65173805,-0.45386207,0.5500152,0.55609894,-0.027922329,0.1969954,-0.4671591,-0.6576741,0.48740372,-0.3647775,-0.61149824,0.47230622,-0.07965927,0.5675418,0.5373593,0.43057778,-0.46673185,0.65041995,0.7313028,0.45450988,-0.23258598,0.51107323,-0.6529833,0.34348747,-0.2630657,0.57995045,-0.4692469,-0.6225317,0.2693618,0.45999068,-0.36807746,-0.0064890683,-0.17881155,-0.50006384,-0.63631296,-0.64746183,0.4045618,0.55052394,-0.42168844,-0.8001684,-0.40691215,0.34097508,0.1838634,-0.52219355,-0.53173304,0.14292122,0.22878459,-0.5573381,0.8075789,0.5188385,0.7046424
usa_36_73,0,usa,-0.3239041,-0.26127923,-0.043925054,0.44155675,0.44670105,-0.5076804,-0.044294596,0.5657346,0.19168457,-0.33814207,0.23602524,0.22515744,0.28575182,-0.44101018,-0.3089853,0.25703797,0.05463642,0.22293545,0.079095595,-0.2854911,-0.3345522,0.12706453,-0.060763463,-0.41014448,0.30645946,0.10892388,0.40490335,0.40098715,0.11117358,-0.2737726,0.42002383,0.31042662,0.035294216,0.024016589,0.3753969,-0.5679724,0.14820209,-0.12494451,0.36435395,-0.39584535,-0.39391044,-0.097232744,0.30411652,-0.120374985,-0.17741245,0.17812335,-0.22444236,-0.41450816,-0.29857358,0.22471932,0.19721603,-0.39752817,-0.64516413,-0.27932113,-0.0010671616,-0.1040225,-0.29293144,-0.47015387,-0.21426949,-0.18098816,-0.36266622,0.66623414,0.22476916,0.6686987
usa_69_73,1,usa,-0.20619448,-0.15550284,-0.22227189,0.30210203,0.3503545,-0.35736936,0.10342624,0.383147,0.33294696,-0.50333965,0.08852272,0.14079744,0.4243157,-0.32993934,-0.20956008,0.12079508,-0.13022104,0.3557955,-0.060807295,-0.15931089,-0.17703591,-0.037819587,0.123962305,-0.27653086,0.14787921,0.29143566,0.2578599,0.21599284,-0.09955292,-0.102946475,0.32916075,0.16637293,-0.16262722,0.1477062,0.17243059,-0.37908247,0.07073558,0.007545568,0.24121282,-0.30281276,-0.3020621,-0.26584157,0.15996388,0.068428054,-0.37932238,0.3484475,-0.060388383,-0.30728108,-0.20365676,0.06759515,0.06156715,-0.24911591,-0.5569643,-0.14571436,-0.084594406,-0.20264068,-0.19589965,-0.28894937,-0.3737588,-0.3110454,-0.24067621,0.54672116,0.08084202,0.51726013
usa_15_110,0,usa,-0.5854671,-0.3341309,0.14246368,0.5382921,0.5357406,-0.5971557,-0.24137193,0.71594733,-0.11049077,-0.18110186,0.45661107,0.37208024,0.016926251,-0.67333907,-0.42879754,0.36618316,0.3547837,0.08866222,0.25142774,-0.4745245,-0.5679917,0.33478904,-0.33100656,-0.6353588,0.45295858,-0.09412405,0.5139816,0.56382996,0.30094686,-0.46670675,0.62812036,0.50785017,0.23849967,-0.24659398,0.5964499,-0.7418269,0.14687869,-0.25901437,0.64849335,-0.49314097,-0.592236,0.23995036,0.53150856,-0.31945288,-0.1279273,0.03050147,-0.45559245,-0.5102889,-0.49374577,0.43557844,0.39568573,-0.51581174,-0.7945674,-0.4993092,0.20293333,0.06182635,-0.47043848,-0.6343086,0.042773735,0.035607178,-0.57399035,0.7202601,0.4367332,0.838173
usa_15_112,0,usa,0.19622523,0.09031092,-0.4775828,0.013555974,0.011285365,-0.09879258,0.25566253,0.21596628,0.5318442,-1.013022,-0.17553756,-0.18868974,0.6736042,-0.1284838,0.08619073,-0.15136868,-0.34402543,0.97218144,-0.14102319,0.13423184,0.13283032,-0.29537743,0.3782284,-0.09033388,-0.271128,0.3474909,0.043018144,0.050063416,-0.51568305,0.042580307,0.12132616,-0.14533877,-0.33883306,0.43294144,-0.030136585,0.004471518,-0.35426128,0.3331626,0.330347,-0.020804353,-0.26492482,-0.6071764,-0.09851748,0.56335837,-0.56316924,0.9175118,0.15600653,-0.146902,0.05876205,-0.1951997,-0.103087485,-0.09471968,-0.1658321,-0.044552006,-0.39439553,-0.39307213,0.02342321,0.17399698,-0.5360073,-0.37438414,0.0391625,0.26052716,-0.16919218,-0.013768889
usa_15_73,0,usa,0.09189825,-0.16966783,-0.27569872,0.19991755,0.21351808,-0.18790266,0.3475444,0.2224358,0.5198959,-0.5765194,-0.07966039,-0.058786027,0.63147205,-0.18306625,0.052439958,-0.07591552,-0.31483144,0.55262977,-0.28851783,0.028997488,-0.017315924,-0.285777,0.3241607,-0.15745485,0.018680722,0.18998103,0.095947295,0.1422259,-0.32337767,-0.115446866,0.116986915,0.0016389564,-0.22175002,0.31885713,0.09600427,-0.23094742,-0.1518,0.121610194,0.25797135,-0.16510276,-0.21032569,-0.512459,-0.09405103,0.24050525,-0.51585054,0.4660335,-0.010538474,-0.21789554,0.013751581,-0.12291495,-0.13130973,-0.21383238,-0.32816273,-0.089885235,-0.31556705,-0.3959099,-0.11612409,-0.07651553,-0.45930016,-0.3700907,-0.049914155,0.38641104,-0.015498526,0.27964413
usa_78_101,1,usa,-0.29553896,-0.2020035,-0.08760079,0.37985626,0.42710924,-0.4382211,-0.00083180517,0.5202659,0.21213087,-0.37880713,0.21820566,0.1952234,0.3287325,-0.39960602,-0.2467451,0.24187753,0.04048879,0.25212842,0.011713408,-0.24552484,-0.33005857,0.10768366,-0.03490122,-0.36694378,0.24859437,0.14794807,0.3889768,0.32757628,0.034987267,-0.2509496,0.40290305,0.28688422,-0.033400327,0.0573429,0.3584354,-0.49774233,0.055549055,-0.05535011,0.36130843,-0.34858882,-0.37611732,-0.11381078,0.2291023,-0.09853016,-0.21649468,0.20766598,-0.18812741,-0.4063862,-0.23258528,0.19705865,0.18712005,-0.34430254,-0.6345439,-0.23796172,0.02736476,-0.11567415,-0.31926316,-0.4430823,-0.28383633,-0.21325076,-0.34828743,0.62926763,0.23018107,0.62424713
usa_8_12,0,usa,-0.5689348,-0.39011216,0.13496232,0.5817436,0.60928226,-0.6701067,-0.2572844,0.7355324,-0.08387114,-0.094315894,0.51788026,0.3426501,0.00012202561,-0.6450284,-0.462651,0.44813815,0.3769953,-0.011761561,0.30180997,-0.5029719,-0.5586782,0.4062205,-0.27603963,-0.5538119,0.45886025,-0.088442534,0.59996116,0.5581854,0.3258937,-0.4586056,0.615565,0.56019825,0.2678613,-0.15085803,0.5823475,-0.7542367,0.27753592,-0.34085745,0.53477764,-0.51289207,-0.5698117,0.12214365,0.46943188,-0.34485248,0.0032187998,-0.05767949,-0.48060387,-0.5384099,-0.40559345,0.5192787,0.40295172,-0.52487093,-0.8034589,-0.42109805,0.23095798,0.10856631,-0.46482593,-0.69364214,0.008292459,0.046900738,-0.5439684,0.8543424,0.40571636,0.91675663
usa_12_104,1,usa,-0.10575608,-0.3985736,-0.10282814,0.30064198,0.4311666,-0.52063364,0.035200246,0.2806792,0.41666093,-0.386514,0.17448449,0.093350165,0.28335524,-0.39328352,-0.27703547,0.10604278,-0.11497925,0.38210332,0.16994469,-0.17874819,-0.096511655,-0.107392244,-0.07112611,-0.24092975,-0.12636498,0.0900265,0.15027618,0.28904092,-0.14699885,-0.096271455,0.3797015,0.2153726,-0.06476007,0.03221628,0.133274,-0.52474666,0.12098486,0.058051378,0.1830492,-0.34959272,-0.25133085,-0.33258113,-0.016416334,0.10733731,-0.36370552,0.41307136,-0.11617875,-0.42902273,-0.3084202,-0.008671664,0.2788984,-0.34825358,-0.38506332,-0.16330272,-0.026697934,-0.2031602,-0.24628517,-0.1771343,-0.31507993,-0.42239165,-0.28000343,0.45140943,-0.05595672,0.42038676
usa_12_62,0,usa,-0.3267934,-0.23458366,-0.031035542,0.44247946,0.4653508,-0.493365,-0.043164223,0.56012183,0.17104402,-0.35069728,0.26716012,0.25208557,0.29237777,-0.43855643,-0.3024795,0.28508082,0.09266293,0.20153107,0.060185354,-0.30899653,-0.36715394,0.17010747,-0.105545655,-0.4363571,0.2772924,0.086948216,0.44139743,0.34477127,0.10355287,-0.2746833,0.44051683,0.3392026,0.04654315,-0.0046601593,0.38920295,-0.52642417,0.11033014,-0.12384434,0.38875934,-0.38486403,-0.39357087,-0.0663365,0.28329438,-0.14425376,-0.17919415,0.1460059,-0.23449107,-0.42852616,-0.2658667,0.24529931,0.21867462,-0.3806042,-0.6477893,-0.2762403,0.051564433,-0.06849122,-0.34496468,-0.46699497,-0.22231188,-0.1525864,-0.37808794,0.6608794,0.25481778,0.6829131
usa_8_103,0,usa,-0.28266463,-0.17582528,-0.16817772,0.3767413,0.39006555,-0.43751317,0.012550399,0.4722534,0.21845812,-0.43897346,0.19084963,0.18248981,0.36150926,-0.39919358,-0.2613534,0.2044527,-0.027214378,0.3293085,0.0041132867,-0.23751596,-0.26643357,0.08412256,0.008135997,-0.3575405,0.20129248,0.17822789,0.3625185,0.30221474,0.023793876,-0.20886919,0.3842718,0.2648133,-0.05318827,0.08267829,0.30211166,-0.44583905,0.06360686,-0.034410134,0.32249942,-0.33935434,-0.35882878,-0.15934104,0.23094438,-0.0077026635,-0.24878666,0.24374023,-0.1498402,-0.37695014,-0.23200232,0.13952756,0.15742293,-0.31030002,-0.5962896,-0.22077128,-0.0021538362,-0.11015333,-0.27257776,-0.38541162,-0.28824374,-0.2196706,-0.32390776,0.61450154,0.17593247,0.5774156
usa_40_92,0,usa,-0.49883264,-0.2877571,0.0010785684,0.3290269,0.5840582,-0.5263067,-0.08799837,0.44294837,0.15898135,-0.024350211,0.3166018,0.14711794,0.028022349,-0.39938736,-0.3318388,0.40552676,0.17306957,-0.14961034,0.37282947,-0.4100026,-0.45945007,0.22289181,-0.14333516,-0.40945667,0.20682576,-0.0015518963,0.37787968,0.438564,0.09050487,-0.30113506,0.59270227,0.3891767,-0.030979224,-0.15544249,0.3528055,-0.65420437,0.2628945,-0.19337744,0.33894357,-0.4541328,-0.4233498,-0.08987661,0.23424983,-0.13268296,-0.104383506,0.037731834,-0.38393378,-0.50241697,-0.4035967,0.3345449,0.29849428,-0.29417235,-0.7882709,-0.2488761,0.119806096,-0.042347208,-0.36870933,-0.56276464,-0.1404497,-0.08359999,-0.52839315,0.6715897,0.17265598,0.62172556
usa_104_106,0,usa,-0.49365366,-0.34365726,0.29389676,0.37172797,0.52423006,-0.64069,-0.26661605,0.5206493,-0.0106087625,0.06586672,0.4647186,0.22361678,0.010269977,-0.5488474,-0.36377895,0.31131643,0.46820146,-0.043567747,0.26821643,-0.35554266,-0.57179195,0.24759158,-0.22354391,-0.47316083,0.41176873,-0.058031134,0.32812157,0.38264918,0.124773234,-0.3703423,0.59403956,0.48606154,0.23288313,-0.10899674,0.55488634,-0.69861054,0.33973905,-0.25000304,0.44160366,-0.421087,-0.5634673,0.09746874,0.39537722,-0.36336827,-0.030902058,0.012233458,-0.4031266,-0.5731735,-0.42040622,0.40479782,0.3457662,-0.4440671,-0.68983734,-0.3510794,0.16093016,0.08263732,-0.37168324,-0.6409203,-0.10029956,-0.07687142,-0.47259775,0.7551631,0.3686487,0.747175
usa_3_83,0,usa,-0.20706244,-0.29254174,-0.11408862,0.43802148,0.3701772,-0.5242285,0.05330012,0.43274212,0.15907392,-0.39148426,0.21717355,0.20722803,0.34377748,-0.43439454,-0.23991293,0.14501575,0.07940667,0.4184724,-0.017080903,-0.14656977,-0.19081393,-0.007417634,0.013373308,-0.38594478,0.10118805,0.13130595,0.37517983,0.3044593,-0.06593672,-0.08525792,0.40656653,0.3313236,0.018201716,0.0946278,0.21860322,-0.4360114,0.02970652,-0.057953335,0.40904894,-0.29916897,-0.43384847,-0.22141078,0.22640286,-0.04601163,-0.2693722,0.26456422,-0.12241191,-0.4114529,-0.2718994,0.12114136,0.23390386,-0.44743213,-0.45497522,-0.25162077,-0.06670766,-0.1601385,-0.29906875,-0.43986216,-0.28483585,-0.1737757,-0.27569842,0.5563046,0.1558058,0.5944594
usa_3_7,0,usa,-0.2399976,-0.15447536,-0.20971218,0.3541222,0.35203406,-0.4023164,0.04770624,0.4444972,0.25942853,-0.48653528,0.15876274,0.15126377,0.41358012,-0.36038843,-0.23686592,0.17570534,-0.07616866,0.36682236,-0.034191497,-0.19719887,-0.23234138,0.04601718,0.06466658,-0.31750733,0.16283402,0.21268512,0.32617182,0.25478065,-0.024154432,-0.16699511,0.34664744,0.22669946,-0.089406826,0.123860866,0.26071668,-0.39745635,0.027269278,0.008003913,0.28195587,-0.30765566,-0.3249546,-0.20565927,0.19200043,0.029151395,-0.280386,0.28313872,-0.096331514,-0.34822387,-0.2148386,0.078146674,0.11489186,-0.28665483,-0.55442953,-0.19451736,-0.038272627,-0.1485164,-0.23779173,-0.3381918,-0.3241688,-0.24561834,-0.2913376,0.5771416,0.14792892,0.53631926
usa_3_73,1,usa,-0.31574157,-0.28135616,0.14123109,0.2800149,0.31225806,-0.5235218,-0.12710069,0.5102618,0.3203166,-0.17952207,0.37930843,0.1426124,0.23219834,-0.40001047,-0.35045773,0.37900433,0.28273186,0.26120967,-0.015936539,-0.24626057,-0.3323808,-0.009714089,-0.18074179,-0.49434942,0.31929445,0.103306755,0.38126367,0.3462655,0.0019815713,-0.22722486,0.4199603,0.3139661,0.04384975,0.004632391,0.32751942,-0.5483369,0.096851155,-0.032665018,0.41880924,-0.34402046,-0.47902262,-0.016976789,0.33158207,-0.18555239,-0.14800256,0.22268787,-0.2000333,-0.41266704,-0.23202139,0.32756802,0.19506231,-0.40525073,-0.46665466,-0.29013878,0.043364093,-0.0372186,-0.4010073,-0.45238322,-0.16523865,-0.1624265,-0.3239802,0.63021547,0.214388,0.5227213
usa_3_6,0,usa,-0.27976704,-0.10829592,-0.09868883,0.26412487,0.2615354,-0.3537209,0.17980489,0.36943007,0.21670887,-0.35429442,0.21812397,0.10779342,0.36658967,-0.3850898,-0.18858376,0.12457287,-0.05257316,0.36864305,-0.02731356,-0.17101872,-0.22469026,-0.1848019,-0.1698874,-0.5182243,0.15159994,0.057817593,0.34388536,0.30268323,-0.043915905,-0.26573342,0.41008613,0.241541,-0.08781921,0.04878451,0.2820598,-0.5904405,-0.16392949,0.09589727,0.44250408,-0.27990508,-0.33333224,-0.24437898,0.28427917,0.032185793,-0.36985436,0.34378368,-0.13409479,-0.4192556,-0.12013252,0.15572563,0.1731395,-0.38882947,-0.5272789,-0.24582133,-0.06203998,-0.16800499,-0.3267989,-0.38978884,-0.35408157,-0.24276772,-0.19088647,0.2754417,0.12967286,0.4231099
usa_12_101,1,usa,-0.26734352,-0.17607589,-0.17545262,0.38042143,0.37307692,-0.42577052,0.026351087,0.46961245,0.228324,-0.4544634,0.18687484,0.17812762,0.37856537,-0.38725725,-0.25582457,0.20361905,-0.03288184,0.32679874,-0.0015580207,-0.2286091,-0.25222465,0.08122645,0.018342897,-0.35491183,0.19254072,0.18107446,0.35488796,0.2896473,0.020570848,-0.19833893,0.373073,0.25639328,-0.053013213,0.09169653,0.2932865,-0.43731725,0.04183779,-0.02597018,0.31286743,-0.33103475,-0.34859306,-0.16745266,0.22531667,-0.01084245,-0.25291285,0.24875107,-0.13093251,-0.36476845,-0.22923997,0.11540129,0.14254688,-0.30765933,-0.5763075,-0.22300918,-0.020276465,-0.12319416,-0.26201552,-0.3756024,-0.2925053,-0.20728621,-0.30883768,0.5988863,0.17922011,0.56707734
usa_99_101,1,usa,-0.09386918,-0.09057319,-0.3497134,0.26003614,0.24917886,-0.27226904,0.13925517,0.29379404,0.4182563,-0.71955633,-0.03332957,0.0856399,0.58406955,-0.25467613,-0.1381524,0.009827077,-0.3080613,0.6645408,-0.18011078,0.004215017,-0.05126591,-0.15304339,0.2248306,-0.16821134,-0.03225968,0.37262833,0.2037687,0.081711814,-0.20064044,0.02728489,0.2389233,0.07451236,-0.2311984,0.2671855,0.11173336,-0.170151,-0.050200194,0.20989178,0.17450161,-0.20177406,-0.21487156,-0.35108283,0.0075184777,0.23060298,-0.47763854,0.50324166,0.054344192,-0.2670264,-0.10817221,-0.1460424,0.0093388185,-0.18164977,-0.38353586,-0.06292767,-0.10431882,-0.28417298,-0.08411925,-0.12460679,-0.50504935,-0.47483563,-0.1597923,0.46972612,-0.008659422,0.29881915
usa_26_92,0,usa,-0.61153126,-0.62402797,0.35778135,0.62647927,0.7137536,-0.70923376,-0.24567845,0.8364043,-0.024869315,0.023384139,0.57753575,0.3482445,0.09241529,-0.66533965,-0.4780106,0.5478732,0.5202404,-0.25273132,0.26430622,-0.5728508,-0.675806,0.37176296,-0.4115458,-0.6556869,0.44443724,-0.27016422,0.6618506,0.548976,0.2931182,-0.414693,0.63067704,0.56750506,0.32534423,-0.19721144,0.7085019,-0.88944626,0.38263825,-0.33932143,0.51889706,-0.62480575,-0.70702636,0.13391931,0.43749762,-0.51239204,0.22502252,-0.10715508,-0.55153006,-0.5715168,-0.35546896,0.62222844,0.3942448,-0.54943305,-0.818201,-0.393723,0.13738115,0.048691366,-0.5460252,-0.75297916,0.017651655,0.045313627,-0.52927625,0.9343292,0.43929482,0.96832407
usa_46_73,0,usa,-0.49389344,-0.37858647,0.17197514,0.5786283,0.60060745,-0.63939387,-0.20382923,0.70027643,0.01812543,-0.14287677,0.39357707,0.34983397,0.14137603,-0.5667836,-0.40149027,0.42858714,0.29207143,0.025328778,0.17424384,-0.41947383,-0.52863866,0.30016714,-0.27626127,-0.5414264,0.45598328,-0.021919988,0.52579564,0.46828347,0.25154024,-0.37852246,0.5275736,0.4987191,0.21062241,-0.15359332,0.5012821,-0.7078508,0.20824294,-0.27700704,0.49372962,-0.49782723,-0.52719307,0.043501124,0.426782,-0.30713683,-0.018233076,-0.0029187799,-0.42330843,-0.53400207,-0.3372758,0.4407723,0.34413534,-0.50501233,-0.75993454,-0.3939484,0.13869897,0.037869833,-0.43936187,-0.63844806,-0.110712014,-0.074567296,-0.5000869,0.8030894,0.3841437,0.83298683
usa_11_64,1,usa,0.4932532,0.51533216,-0.88476306,-0.41617477,-0.08318423,0.41992664,0.77037257,-0.39241266,1.0563817,-1.2538526,-0.46815383,-0.5787206,0.97624964,0.15301979,0.29193425,-0.5148267,-0.92680156,1.391067,-0.58820826,0.6921859,0.50551575,-0.80742705,0.3832583,0.14246146,-0.75295234,0.84360653,-0.57971007,-0.388027,-0.9794791,0.5867759,-0.1647684,-0.3594322,-0.9243249,0.74197936,-0.56521136,0.35143834,-0.74230015,0.7536444,-0.15479958,0.27360007,0.23490968,-0.8801691,-0.53424144,0.8974556,-1.0778819,1.1799761,0.60057586,0.096295536,0.2686356,-0.7278934,-0.44792444,0.2979023,0.354451,0.29872409,-0.61193824,-0.73495114,0.18044381,0.5032898,-0.95765793,-1.0035079,0.17875606,-0.23670691,-0.61287844,-0.34666082
usa_11_22,1,usa,0.2053256,0.40897766,-0.60925096,-0.18585429,-0.0958707,0.29284012,0.42149007,-0.33430347,0.75180966,-1.0050501,-0.3054328,-0.25840256,0.5392595,-0.060130782,0.44142634,-0.33152008,-0.8189104,1.0687947,-0.42463174,0.4278804,0.36997744,-0.76600665,0.4109371,0.198531,-0.42755002,0.65051395,-0.23762096,-0.21431036,-0.51812583,0.3529747,-0.11642131,-0.10511684,-0.7155561,0.53626007,-0.3969741,0.12515615,-0.39168066,0.38592583,0.14810438,0.3286284,0.21150154,-0.6252862,-0.32480097,0.49872035,-0.75508493,0.7200918,0.19990872,-0.0155753195,0.2206949,-0.2604355,-0.3641984,0.17854074,0.00046218932,0.24034008,-0.5972298,-0.43587384,0.06856948,0.17251176,-0.74625975,-0.666581,0.29460904,-0.028026707,-0.37291682,-0.14452448
usa_11_43,1,usa,0.05926697,0.104824334,-0.24119172,0.02943793,0.21461198,-0.006764956,0.23497713,-0.070812784,0.60948724,-0.8485574,-0.11323508,-0.253242,0.52554435,-0.14991465,0.05021602,-0.20321766,-0.42973787,0.76683515,-0.14798495,0.19116338,-0.18154348,-0.24518076,0.18921232,-0.037485316,-0.26623482,0.30066264,-0.092291325,-0.012649596,-0.4038623,0.10253395,0.1337471,-0.00929641,-0.17640334,0.34159255,-0.099840134,-0.12727913,-0.25461176,0.26016653,0.07766551,0.019166999,-0.07108839,-0.36684376,-0.14395227,0.17143962,-0.53393537,0.70385027,0.08583544,-0.16972412,0.048099227,-0.3309504,-0.124362245,-0.09858337,-0.03243937,-0.06911999,-0.20249659,-0.3452928,-0.038979203,-0.049723297,-0.5116662,-0.41405347,-0.030402977,0.18637279,-0.30359805,0.2500098
usa_8_32,0,usa,-0.30825657,-0.1966024,-0.12028087,0.37169167,0.42294526,-0.40962207,-0.009690687,0.4289832,0.25929874,-0.32617646,0.2085988,0.12465285,0.31880307,-0.37437713,-0.24511883,0.21331906,-0.02237539,0.26667535,0.062210575,-0.2606562,-0.2847178,0.09185728,0.021284774,-0.37268272,0.20946091,0.16277818,0.32979816,0.3330893,0.025959343,-0.21863928,0.38556823,0.29701763,-0.024098225,0.07103492,0.2908526,-0.4834394,0.10059738,-0.07057743,0.31994876,-0.33865637,-0.3551848,-0.17620912,0.24510033,-0.055369824,-0.26679048,0.21091545,-0.124137364,-0.40038645,-0.31384823,0.18600726,0.14725614,-0.34075397,-0.6023454,-0.23079133,-0.04706467,-0.1088652,-0.28426936,-0.44562274,-0.25562873,-0.19012678,-0.34311795,0.5665288,0.15616876,0.60906404
usa_43_73,1,usa,0.20797953,0.20081596,-0.2873315,0.10893585,0.26789737,-0.11600573,0.3033413,-0.04555837,0.64425343,-0.6616742,-0.19734561,-0.18049216,0.45642686,-0.24009618,0.08808677,-0.17073527,-0.57356817,0.67064977,-0.017139249,0.14216426,0.05926337,-0.27065042,-0.027756568,0.09256354,-0.022325568,0.29280317,-0.040163994,0.18602604,-0.37149847,-0.017475396,0.23302802,-0.16726074,-0.33142528,0.0124242455,-0.29680544,0.009984992,-0.12635234,0.04992634,0.023719203,-0.03892851,-0.3268673,-0.59491163,-0.037202835,0.63206005,-0.30644494,0.8004936,0.15616468,-0.1608324,-0.006027393,-0.21807587,-0.005848862,-0.08640594,-0.24485421,-0.06746127,-0.122298084,-0.105065316,-0.11183301,0.1553133,-0.42458594,-0.23642242,-0.012207702,0.14349869,-0.32197654,0.092391536
usa_30_43,1,usa,0.6986147,0.12877774,-1.249368,-0.5209325,-0.2670759,0.24096783,0.84448767,-0.40576154,1.2835432,-1.446426,-0.4791044,-0.59519994,1.3128929,0.22875902,0.30886447,-0.58630294,-1.0016308,1.450694,-0.9164177,0.71216077,0.7232272,-1.076936,0.94139576,0.386177,-0.8434131,0.93499553,-0.32646763,-0.45789367,-1.2383214,0.6449212,-0.39672506,-0.56274956,-0.8881413,1.0283874,-0.39273942,0.46106997,-0.6711544,0.979077,-0.1553733,0.3123064,0.28303584,-1.0449616,-0.6741592,0.90379494,-1.2396655,1.1395149,0.7171304,0.112815976,0.6212248,-0.94657403,-0.60065204,0.26747966,0.3914097,0.46797976,-0.7075301,-0.9978781,0.41643995,0.6158886,-1.2368336,-1.2439847,0.3797524,-0.2655787,-0.61825645,-0.37261078
usa_99_104,1,usa,-0.2719611,-0.22796908,-0.22910658,0.27209345,0.35773677,-0.35526353,0.08154262,0.38809493,0.25419354,-0.52802765,0.10386024,0.1076986,0.38269746,-0.39025083,-0.21631452,0.082463816,-0.07028882,0.4225784,-0.11038723,-0.19057381,-0.19927016,-0.026509836,0.041400544,-0.29303613,0.10256019,0.211542,0.2967878,0.29640242,-0.08554336,-0.1983419,0.3644465,0.22232619,-0.110784985,0.15989406,0.2710476,-0.35733217,-0.021087945,0.0381388,0.36058596,-0.27587846,-0.3348552,-0.26215884,0.15833902,0.06821267,-0.3484776,0.3665209,-0.124273,-0.36323965,-0.1474289,0.104074806,0.13344502,-0.30420232,-0.5715524,-0.13057713,-0.02549491,-0.16323566,-0.24397615,-0.35534757,-0.3947759,-0.3041491,-0.23610656,0.5618619,0.120806806,0.487701
usa_73_97,0,usa,-0.19119996,-0.118349954,-0.30018175,0.29125673,0.29200172,-0.272688,0.18068358,0.3401736,0.34296417,-0.5952081,0.08555437,0.086708665,0.489729,-0.28427693,-0.18611152,0.07475716,-0.13476716,0.37252945,-0.14278758,-0.08655584,-0.12309769,-0.086722486,0.109799765,-0.27797034,0.0776406,0.2622937,0.2135299,0.14479885,-0.18034181,-0.08946586,0.27681446,0.09900321,-0.09927621,0.21731244,0.11846557,-0.27078953,-0.17127201,0.09026483,0.22866172,-0.2139931,-0.2934951,-0.28983337,0.13187169,0.11955398,-0.44763333,0.42895547,0.050023004,-0.25333178,-0.17445362,0.013908461,0.03122906,-0.23380673,-0.42484507,-0.15045288,-0.08025064,-0.2946067,-0.19048259,-0.1994986,-0.39132938,-0.2638034,-0.22264199,0.37963057,0.05391524,0.4138092
usa_6_8,0,usa,-0.3210374,-0.17882568,-0.13673031,0.3781534,0.4223109,-0.49687922,-0.004007831,0.47612447,0.2357975,-0.41394147,0.21632656,0.18094908,0.29773968,-0.40951794,-0.30542475,0.2242347,0.031589463,0.308181,0.045063894,-0.24169657,-0.28347796,0.06595152,-0.057045665,-0.35827312,0.21996775,0.17941846,0.37556684,0.271782,-0.0007086247,-0.2183695,0.4416157,0.26768738,-0.08747914,0.084503144,0.27540687,-0.45116046,0.13967521,-0.045066126,0.34304535,-0.3910213,-0.37228146,-0.17666325,0.2566968,-0.04651883,-0.26742405,0.24933425,-0.1753518,-0.3936426,-0.2344026,0.2256571,0.19357046,-0.32727107,-0.6488607,-0.20003271,0.042298134,-0.09620583,-0.3218937,-0.39825457,-0.2754253,-0.2276001,-0.31069642,0.63946223,0.17256781,0.6206845
usa_40_73,0,usa,-0.5171082,-0.30481312,-0.08352185,0.31214896,0.45597708,-0.4002489,-0.04785113,0.51771027,0.17700973,-0.38944998,0.36475694,0.1996207,0.22079255,-0.53207564,-0.32001734,0.30226815,0.095632665,0.23334451,0.16099982,-0.26440978,-0.41956985,0.08562486,-0.043781795,-0.44225174,0.23807296,0.049172044,0.36724466,0.33827692,0.051499568,-0.28545654,0.58780396,0.36217374,0.08120518,0.00340458,0.32253307,-0.5525223,0.057668738,-0.13949198,0.5285588,-0.4354393,-0.4999702,-0.12384336,0.32297006,-0.103363365,-0.19770062,0.26569977,-0.22839457,-0.4224053,-0.30768123,0.34799758,0.26465976,-0.35325032,-0.73214877,-0.30594772,0.12443663,-0.07859939,-0.43518132,-0.38519743,-0.2087867,-0.19508061,-0.33741367,0.6507003,0.20093375,0.73018986
usa_21_84,0,usa,-0.20134829,-0.38366607,0.16003425,0.39074704,0.3945219,-0.5432175,-0.04487954,0.48908907,0.120475926,-0.095022656,0.311448,0.15645248,0.1846561,-0.38956463,-0.28769168,0.27038532,0.3768825,-0.18601495,0.035025213,-0.31930092,-0.46592805,0.14359857,-0.24030513,-0.4917728,0.19240034,0.011466607,0.35738695,0.33234465,-0.09286284,-0.37428313,0.4289607,0.32403797,0.043664023,-0.04399644,0.38274646,-0.5842004,0.2384372,-0.18325803,0.33984166,-0.36394498,-0.49255458,-0.09966101,0.13427803,-0.2601307,-0.0413619,0.03960467,-0.31151873,-0.31962174,-0.1653669,0.33608568,0.17228323,-0.4578107,-0.43288863,-0.19971529,-0.07957991,-0.105339244,-0.35380125,-0.5631108,-0.15137282,-0.10537126,-0.4357104,0.7283356,0.25468493,0.6004268
usa_6_29,0,usa,-0.8692343,-0.71318954,0.73629963,0.6553289,0.90700716,-0.9260312,-0.37183177,0.7481465,-0.23166284,0.5290131,0.7657326,0.63432354,-0.15263969,-0.7561919,-0.5696567,0.83454216,0.80896425,-0.6400234,0.77585316,-0.6750422,-0.98377997,0.7781795,-0.8803933,-0.9807917,0.4782565,-0.4952392,0.7607675,0.61838955,0.76914513,-0.6082661,0.8937408,0.7721264,0.6016988,-0.5659954,0.944272,-1.0903258,0.5340037,-0.7263007,0.71735454,-0.5986368,-0.6129674,0.39629683,0.77316254,-0.77677286,0.87467176,-0.5484595,-0.7081915,-0.65968233,-0.42169467,0.79928434,0.66880983,-0.8124484,-0.9015175,-0.47301388,0.18710956,0.42630735,-0.68470854,-1.1993891,0.0781971,0.2865502,-0.6679623,0.76486236,0.44786972,1.0920656
usa_29_73,0,usa,-0.35427156,-0.20822491,0.038043328,0.26456758,0.45163494,-0.5183378,-0.1897741,0.42714608,0.1350973,-0.20897138,0.3280681,0.23367116,0.113407925,-0.4149573,-0.3562129,0.31894743,0.22269931,0.20532976,0.3781531,-0.13576663,-0.50519264,0.2656472,-0.21223623,-0.43683273,0.10207836,-0.05459349,0.23176464,0.3558485,0.24030891,-0.2231269,0.5893657,0.36610526,0.24085948,-0.20318067,0.23570213,-0.50012326,0.08691389,-0.274647,0.44340417,-0.33617914,-0.5097289,-0.020459004,0.28612387,-0.11040311,-0.12773079,0.26494172,-0.32296288,-0.39229047,-0.31378335,0.34554127,0.22768338,-0.41599566,-0.38470957,-0.26030436,0.06483838,-0.07458423,-0.4050128,-0.30385447,0.095886625,0.078321174,-0.46513134,0.5883182,0.06165301,0.7200459
usa_39_99,0,usa,-0.24223857,-0.14398843,-0.1971798,0.3350695,0.36326712,-0.41333628,0.0330481,0.43518502,0.27605656,-0.46896955,0.18295291,0.1229943,0.375637,-0.3766771,-0.26767656,0.19439644,-0.041453764,0.36050195,-0.011033125,-0.2123315,-0.2230702,0.055030935,0.033956,-0.32487336,0.19030908,0.21687062,0.33283094,0.25781375,-0.065627165,-0.16399394,0.3545308,0.24619353,-0.07544347,0.10970245,0.26512432,-0.42822832,0.08379033,-0.0030814558,0.32282838,-0.31727776,-0.33626676,-0.19063267,0.2000867,-0.00087198615,-0.30242613,0.28133595,-0.13283756,-0.37034976,-0.19415478,0.1076518,0.13418603,-0.32129487,-0.5613439,-0.19447406,-0.031644292,-0.15156154,-0.26176393,-0.37005556,-0.31390974,-0.27733508,-0.30151117,0.5690036,0.16692662,0.5223475
usa_15_113,0,usa,-0.2829582,-0.2542676,-0.07722346,0.39414,0.42526692,-0.48714608,-0.0069461986,0.5315863,0.23872858,-0.355437,0.19866318,0.17240974,0.32499087,-0.41120875,-0.29164106,0.23420566,0.0049920008,0.26233703,0.04708389,-0.24934398,-0.3042978,0.080037944,-0.004548259,-0.37401012,0.25636798,0.114529386,0.35506403,0.3840031,0.058035124,-0.23977083,0.39999774,0.28606227,-0.011955991,0.05831024,0.35998666,-0.56153643,0.114487976,-0.073532864,0.34414637,-0.3753151,-0.39367306,-0.13788778,0.2479413,-0.087211885,-0.21966705,0.21982688,-0.21291074,-0.40976316,-0.2531767,0.19917154,0.17679176,-0.38201636,-0.5961145,-0.231453,-0.031478606,-0.14656262,-0.28245518,-0.46746472,-0.25430918,-0.22593248,-0.34239867,0.6518913,0.21102093,0.6356954
usa_10_20,0,usa,-0.28789693,-0.19446857,-0.15788251,0.3678197,0.3980376,-0.4368295,0.005393274,0.48791263,0.23520136,-0.43593314,0.18665066,0.1736304,0.3842516,-0.39724484,-0.2518301,0.22124228,-0.02099704,0.3403017,0.0026410446,-0.23538153,-0.2619762,0.088479936,0.009865597,-0.33949596,0.20403013,0.19099401,0.32623938,0.29160318,0.0104797855,-0.18552242,0.39193356,0.24980107,-0.06618398,0.07969494,0.2936901,-0.44601965,0.056409188,-0.029237341,0.33051053,-0.3320981,-0.36479715,-0.1728509,0.21524766,-0.011787735,-0.26053756,0.25443998,-0.13592733,-0.3827328,-0.20752713,0.13185528,0.13901564,-0.30854923,-0.60389805,-0.22525111,0.008726113,-0.1228514,-0.2751345,-0.3860496,-0.3124782,-0.25135073,-0.31468296,0.6154393,0.18012252,0.57519376
usa_73_112,0,usa,0.22135973,-0.0838583,-0.47905743,0.043852516,0.12692368,0.05404748,0.5008351,0.042324334,0.74274033,-0.977398,-0.2446979,-0.125954,0.8042552,-0.088685945,0.033548966,-0.17993444,-0.55591,0.7343616,-0.355795,0.2342741,0.16970739,-0.53813887,0.4820501,0.040304616,-0.19626397,0.53212345,0.016524687,0.039686553,-0.50213474,0.11476402,-0.062317565,-0.12916836,-0.47784787,0.5505774,-0.12323767,-0.15990359,-0.2544372,0.33734977,-0.0038937777,-0.09273924,-0.05472225,-0.62251544,-0.22887366,0.38480192,-0.6669403,0.76488954,0.23838039,-0.096481554,0.08014294,-0.2819351,-0.08788313,-0.118012115,-0.2718635,0.09458144,-0.41522044,-0.6010338,0.0689335,0.063200995,-0.7525226,-0.6331521,0.04390198,0.23740721,-0.25817823,0.013694577
usa_42_73,0,usa,-0.341804,-0.27428162,-0.071073554,0.35333607,0.42240053,-0.44004554,0.002823472,0.4984334,0.19793433,-0.42770758,0.19846451,0.17735264,0.29550695,-0.41866893,-0.26862955,0.20872197,0.048359852,0.27393723,0.016528212,-0.2779349,-0.3526792,0.084677644,-0.09095914,-0.40130436,0.23171091,0.10238755,0.38539368,0.3127643,0.037571847,-0.23432416,0.44728482,0.29699546,-0.025606662,0.063896224,0.35545003,-0.49099416,0.08444114,-0.04099105,0.39024675,-0.35922068,-0.37580994,-0.13695216,0.20863128,-0.07112052,-0.2549788,0.21096167,-0.22134559,-0.39956558,-0.21577477,0.19107693,0.16454601,-0.33552602,-0.60528,-0.2210767,0.03944727,-0.07030192,-0.33087707,-0.4624196,-0.2528079,-0.20414168,-0.31484434,0.6489287,0.20594537,0.6143344
usa_73_101,1,usa,-0.33156985,-0.26489097,-0.010305181,0.4080154,0.452695,-0.52435863,-0.07046866,0.59270495,0.18968049,-0.30999976,0.2629117,0.22694656,0.24087887,-0.44535455,-0.3013466,0.270736,0.11537348,0.21507083,0.08800574,-0.33241695,-0.37124982,0.11288199,-0.05647739,-0.39376423,0.27688986,0.05705647,0.41154075,0.36844242,0.050382636,-0.2512598,0.4479382,0.33959863,-0.046831094,0.07671794,0.38024205,-0.5237864,0.15927762,-0.056565948,0.36737487,-0.40379733,-0.42733514,-0.13757497,0.26523834,-0.101674885,-0.14845866,0.20443115,-0.22726665,-0.43643224,-0.28406873,0.2760387,0.25216883,-0.37666482,-0.6526986,-0.24739322,0.017840363,-0.05767274,-0.32231724,-0.46550027,-0.1830568,-0.16758847,-0.35770133,0.6576552,0.21630086,0.68410236
usa_47_92,0,usa,-0.36698532,-0.24090357,-0.001952514,0.32275045,0.40362597,-0.22407466,-0.102232985,0.39649406,0.18654555,-0.31439638,0.28946128,0.1399232,0.17245825,-0.45518008,-0.1744029,0.22142488,0.17012478,0.18453689,-0.04130391,-0.2843122,-0.2532145,-0.037837096,-0.20966235,-0.44166893,0.2122549,0.06904605,0.34577888,0.34447998,-0.0004311204,-0.16797414,0.46017662,0.39031458,0.026264843,0.10413575,0.2210881,-0.59277654,0.028076995,-0.0076070577,0.40029722,-0.3641974,-0.38285223,-0.102350265,0.26346517,-0.12392454,-0.41772962,0.23565039,-0.23612396,-0.3676325,-0.17965025,0.23933151,0.08165988,-0.32396632,-0.56710356,-0.34271765,-0.029045194,-0.13096055,-0.3608852,-0.413741,-0.16712415,-0.2545211,-0.21778995,0.44988897,0.26020026,0.49603742
usa_14_26,0,usa,-0.3140235,-0.15558246,-0.16945758,0.32890832,0.36216074,-0.4116599,0.038143106,0.45594394,0.2657716,-0.46481612,0.18433052,0.13223931,0.35730737,-0.36234653,-0.24759635,0.20129001,-0.061690673,0.31016624,-0.032249868,-0.21405946,-0.2650789,0.010992639,0.06423544,-0.3290146,0.16393258,0.20953469,0.32170928,0.23506597,-0.06671027,-0.16239272,0.40118986,0.24584505,-0.105370544,0.10005371,0.2653771,-0.4178047,0.06504724,0.03944006,0.29233152,-0.29747605,-0.34607348,-0.2027925,0.18712762,0.019167066,-0.288176,0.29618624,-0.112216115,-0.35563117,-0.22403073,0.12537014,0.11790265,-0.2822201,-0.574189,-0.16200006,-0.02930466,-0.17813057,-0.27421224,-0.35353908,-0.33193853,-0.29415983,-0.28935117,0.5933012,0.1526981,0.56251645
usa_3_10,1,usa,-0.15695463,-0.23393627,-0.11703142,0.36915517,0.32706654,-0.35465044,0.11020634,0.44052747,0.35134763,-0.4978222,0.17165206,0.067371786,0.47407985,-0.30244216,-0.24725045,0.15907718,-0.04500781,0.40265203,-0.0325977,-0.14307007,-0.21284556,0.07475104,0.043064333,-0.354097,0.14985579,0.16676287,0.29512465,0.21121502,-0.085741736,-0.09453598,0.2805615,0.24192446,-0.05487568,0.17197491,0.28539342,-0.38481942,0.0070096776,-0.011670053,0.29275694,-0.328525,-0.28413466,-0.2814275,0.10016143,0.0107642785,-0.27850214,0.28060824,-0.09048034,-0.3138305,-0.13895576,-0.00010255724,0.054652605,-0.32099363,-0.41749862,-0.15453878,-0.14487836,-0.20793965,-0.23189344,-0.3489718,-0.36608905,-0.21056658,-0.23346706,0.5517257,0.13292278,0.51366824
usa_3_104,1,usa,-0.41569906,-0.45999634,0.10553731,0.5180451,0.56734747,-0.5572142,-0.09538799,0.63625157,0.11737547,-0.11605578,0.36915675,0.27786154,0.19195817,-0.47338519,-0.36345077,0.38234383,0.22803503,0.06562109,0.117397934,-0.40712368,-0.48457938,0.24912071,-0.22203171,-0.46420464,0.35133263,-0.08398728,0.43479985,0.46462798,0.15639508,-0.32995662,0.51250756,0.41878405,0.20805669,-0.067420706,0.4594549,-0.5276541,0.12913512,-0.2817203,0.46989584,-0.40977186,-0.5045403,-0.016643591,0.2970236,-0.27649218,-0.014544904,0.011317268,-0.33430898,-0.51280826,-0.27431655,0.37521723,0.22744761,-0.44758534,-0.735354,-0.30537182,0.042750496,0.0005427897,-0.3823877,-0.5710249,-0.07075442,0.035558134,-0.4321386,0.69439274,0.2963509,0.8030832
usa_43_104,1,usa,0.075720444,-0.03143103,-0.58046,-0.057272963,0.07392999,-0.03860156,0.3857456,0.11197883,0.66570807,-0.966891,-0.1839188,-0.10500806,0.68342525,-0.14014083,-0.026049748,-0.060109325,-0.41918808,0.769218,-0.39950624,0.12941702,0.058265917,-0.37834165,0.3418234,-0.1905308,-0.13428673,0.4840322,0.016966246,-0.019569315,-0.4228551,0.09390661,0.11699869,-0.06672465,-0.4371745,0.41217434,0.014831737,-0.12331204,-0.2702421,0.34547412,0.15417872,-0.051483996,-0.12051436,-0.48479313,-0.12708591,0.36006033,-0.7068313,0.74463505,0.24039267,-0.14743507,0.12667277,-0.309602,-0.2059849,-0.079660416,-0.35452384,0.0574003,-0.24946153,-0.46522978,-0.07838242,0.037283994,-0.65657145,-0.5899185,-0.059034828,0.2770527,-0.0681476,0.07724934
usa_40_104,0,usa,-1.026218,-0.76495373,0.64786834,0.9527893,0.92234296,-0.90020907,-0.6556532,1.0521189,-0.64721066,0.59299064,1.1014893,0.5786308,-0.4414723,-0.89555204,-0.67961746,1.0541136,0.87581444,-0.64164376,0.831821,-0.9213135,-1.0385034,0.69916695,-0.8367523,-0.9038018,0.80719745,-0.60886544,1.0996976,0.87970924,0.68256676,-0.8750738,0.99545884,1.0559531,0.6589994,-0.6293597,0.97709745,-1.1899196,0.95709395,-0.768413,0.64682496,-0.8666012,-0.95045483,0.50087875,0.75788593,-0.9604311,0.6321166,-0.7178555,-0.951749,-0.7696905,-0.8356334,1.167887,0.7478359,-0.7329257,-1.0548308,-0.60255927,0.54993135,0.35516348,-0.8890701,-1.0506098,0.49220517,0.56185,-0.7431295,1.17864,0.8508444,1.1958501
usa_99_113,0,usa,-0.24086669,-0.15340441,-0.20591718,0.3421071,0.3582031,-0.39648086,0.054082252,0.4379109,0.2676508,-0.47752163,0.15938656,0.14509611,0.3981229,-0.3659929,-0.23195183,0.1750313,-0.072365314,0.36289465,-0.021405645,-0.2004666,-0.2342009,0.04562533,0.05534842,-0.3190959,0.16992334,0.20986898,0.3313684,0.27061445,-0.02282653,-0.18334325,0.34680158,0.22988099,-0.09076796,0.120730236,0.27425417,-0.4118709,0.033384014,0.0022353157,0.29115605,-0.30718097,-0.32883498,-0.19641882,0.19305351,0.022146404,-0.280572,0.28919137,-0.10831973,-0.35694593,-0.20413741,0.0938009,0.12592292,-0.2931397,-0.5646046,-0.19266194,-0.03876739,-0.14764439,-0.24481104,-0.3572073,-0.3244606,-0.24943227,-0.29399943,0.5769313,0.15684137,0.53092426
usa_47_106,0,usa,-0.5132746,-0.3268548,0.030141596,0.4609441,0.52337897,-0.5859426,-0.17149396,0.65412134,0.023247384,-0.3022704,0.2892389,0.30850333,0.16421397,-0.5298137,-0.3327995,0.31602427,0.21580024,0.17184143,0.13419238,-0.3956586,-0.42241594,0.12169602,-0.23794225,-0.5225146,0.2751488,0.03191735,0.4550311,0.39679855,0.18386993,-0.33589676,0.60321826,0.40512058,0.0049680546,-0.036942907,0.4904769,-0.5786006,0.16104814,-0.10631811,0.4979107,-0.49121034,-0.48257196,0.021685459,0.33523357,-0.17707825,-0.12419454,0.15516219,-0.34709072,-0.49785304,-0.33793867,0.30715176,0.36079085,-0.39775598,-0.8120053,-0.28641155,0.15744942,0.070938736,-0.39666265,-0.5454106,-0.11636064,-0.19486982,-0.41089922,0.7311601,0.29618138,0.71490425
usa_10_104,1,usa,0.09423001,0.02180146,-0.45121646,0.024787802,0.18360841,-0.13882682,0.37135816,0.11596612,0.76448804,-0.7709707,-0.054313786,-0.17140311,0.707423,-0.05411504,0.059097275,6.438792e-05,-0.46017486,0.6912582,-0.23801714,0.046898544,0.11146333,-0.27370462,0.18682161,-0.11325152,-0.24083158,0.43474704,-0.1255978,-0.019229122,-0.5252404,0.27713412,0.08852547,-0.09273385,-0.49670863,0.4284376,-0.13330293,-0.0520477,-0.28463423,0.33242393,0.016642876,-0.13228524,-0.07352628,-0.57018995,-0.12642178,0.49021667,-0.5602019,0.67441505,0.29411083,-0.19442579,0.035287946,-0.2605148,-0.23789273,0.10842127,-0.25401592,0.077583924,-0.38025472,-0.38523617,-0.0049139783,0.005128883,-0.69939035,-0.6107788,-0.12274642,0.18174055,-0.26166046,0.15825625
usa_12_92,1,usa,0.97248566,0.41088128,-1.4671082,-0.6439502,-0.5008556,0.41188765,0.483423,-0.8247633,1.0509068,-1.4149702,-1.1064218,-0.4576262,0.77451473,0.59366673,0.50394434,-0.7954391,-1.3518586,1.1288034,-0.6695364,0.6390866,0.55016696,-0.7324179,0.73696154,0.53975606,-0.8387979,0.9603741,-0.68536603,-0.503387,-0.9368719,0.57013404,-0.5907732,-0.72441125,-0.938093,0.6840841,-0.75875866,1.0411127,-0.8825247,0.89015424,-0.33452287,0.5713867,0.3960138,-1.2196424,-0.81715214,1.4753885,-0.953682,1.2668756,0.73040223,0.27485597,0.7102123,-1.1182088,-0.3638134,0.8294161,0.63414145,0.5130278,-0.57344234,-0.78367865,0.6348825,0.77726865,-0.8430818,-0.6349399,0.59782076,-0.33752793,-0.7809442,-0.73642695
usa_43_92,1,usa,1.3069763,0.920752,-1.7200447,-1.2380065,-1.0608991,1.1361312,1.0873563,-1.3980647,1.3075303,-1.9014425,-1.3501279,-1.0477148,1.0062633,0.887916,0.9525051,-1.3375915,-1.3300037,1.5365071,-1.0624464,1.0478977,1.2899319,-1.0195721,1.4424897,0.8751378,-1.3505254,1.3680129,-1.1303178,-0.8831272,-1.7219588,0.7854291,-0.91943574,-1.107203,-1.695929,1.098818,-0.8892007,1.5047246,-1.5788893,1.0500892,-0.27677917,1.0138608,0.6347116,-1.6591346,-1.0737664,1.688215,-1.7511251,1.4042486,1.080526,0.6774378,1.1350741,-1.1868505,-1.3811696,1.3828508,0.9976016,0.9355458,-1.196106,-1.3305296,0.8337906,1.3125954,-1.5306306,-0.9549023,0.76587594,-1.2597786,-1.1919113,-1.12902
usa_92_99,1,usa,0.68064404,0.4585826,-1.2004974,-0.53563917,-0.5852807,0.67250234,0.7938651,-0.66640526,0.9032003,-1.7447332,-0.78453326,-0.8339459,1.1072004,0.36491922,0.6688183,-0.92922044,-1.0094824,1.5167005,-0.70012414,0.7840819,0.9202198,-1.082364,1.0245134,0.52938366,-0.9301774,1.1693863,-0.62550807,-0.66050935,-1.3171885,0.51660436,-0.7341175,-0.7458627,-1.1708056,0.8005093,-0.58872175,0.6935308,-0.917029,1.1021242,-0.20959848,0.4215633,0.5269903,-1.1418597,-0.8581603,1.0775645,-1.313655,1.0881885,0.77402085,0.47847372,0.5074839,-0.848428,-0.84572625,0.5410794,0.641446,0.3824139,-0.733758,-0.9911704,0.78056735,0.72363955,-1.2575085,-0.8169362,0.70294976,-0.6040882,-0.99321216,-0.78468114
usa_94_103,0,usa,-0.24794485,-0.15822594,-0.19650945,0.34764144,0.36151847,-0.40309197,0.048476793,0.44759402,0.26052472,-0.46671918,0.16500458,0.15108582,0.39122164,-0.37025282,-0.23405549,0.18095516,-0.06421335,0.35163736,-0.018568158,-0.20933859,-0.24132937,0.053574357,0.04890933,-0.32678682,0.17776105,0.20108698,0.33655858,0.27642214,-0.016045183,-0.18796039,0.35377258,0.23513809,-0.08740268,0.11283952,0.28190455,-0.42070827,0.035042174,-0.0041851997,0.29567495,-0.31401062,-0.33483273,-0.19090182,0.19778699,0.012144461,-0.2743877,0.28204766,-0.11591677,-0.35941046,-0.20927921,0.10355403,0.12932068,-0.29680055,-0.572458,-0.1979145,-0.0362985,-0.14222385,-0.25160658,-0.36562088,-0.3178556,-0.24305063,-0.2985389,0.58329624,0.16300282,0.5421199
usa_14_47,0,usa,-0.35059345,-0.20908467,-0.120475955,0.35097182,0.41519082,-0.4451087,0.0011926591,0.45979446,0.18026891,-0.37243083,0.22886127,0.17391896,0.29886848,-0.40569174,-0.31294164,0.23539776,0.039919294,0.25922847,0.0350471,-0.27291343,-0.32459405,0.12702486,-0.075368196,-0.36041734,0.24847049,0.12894183,0.36836457,0.32998005,0.016139977,-0.2176677,0.4242195,0.30164158,0.0053051785,0.057389915,0.3018713,-0.4417069,0.07482365,-0.050206345,0.33908936,-0.34151888,-0.3839852,-0.12361364,0.2155334,-0.043216016,-0.22696355,0.21122676,-0.18695232,-0.38799435,-0.2654146,0.16032892,0.16191351,-0.32195243,-0.5853412,-0.2160849,0.02907439,-0.06955968,-0.3190452,-0.44261363,-0.22461763,-0.17616901,-0.3476919,0.63824534,0.1802822,0.5812443
usa_61_112,0,usa,-0.6507056,-0.5032023,0.3312182,0.6743837,0.6712723,-0.82327884,-0.3402501,0.8363942,-0.15666607,0.070706844,0.5205629,0.4980997,-0.048399076,-0.71141005,-0.5454882,0.5232358,0.54762006,-0.13686477,0.39059648,-0.59223944,-0.70996696,0.48226953,-0.42489132,-0.6668474,0.57367265,-0.19967629,0.6445679,0.63819915,0.43395203,-0.4937293,0.71597236,0.6479821,0.35363305,-0.328291,0.62332845,-0.8493594,0.36496744,-0.45216393,0.63744295,-0.64531374,-0.69393265,0.20399745,0.55884093,-0.41015908,0.12709033,-0.08819688,-0.5488074,-0.56095207,-0.5454136,0.61420035,0.56237435,-0.62949556,-0.8714044,-0.51771843,0.27736285,0.2126225,-0.5901815,-0.7558965,0.13161728,0.22068849,-0.6562753,0.9531048,0.4739529,1.0532279
usa_99_116,1,usa,-0.59156907,-0.15664887,0.12112281,0.4275823,0.5046767,-0.37421983,-0.123254426,0.33613497,0.040634237,-0.1035269,0.30455002,0.327228,-0.0036523864,-0.4567879,-0.19362801,0.29389524,0.24098136,0.08114667,0.27881357,-0.17378479,-0.33157995,0.21453372,-0.1206893,-0.5803098,0.20569682,0.07280442,0.30224478,0.5923038,0.12790811,-0.45317906,0.4614161,0.58061665,0.161219,-0.107063815,0.43542397,-0.7157898,0.16266066,-0.09461013,0.5455789,-0.38979912,-0.3390223,0.02183085,0.36594462,-0.15247098,-0.3202887,-0.002541557,-0.51588637,-0.46805906,-0.44890875,0.22305864,0.25520045,-0.382313,-0.626882,-0.45266798,-0.04852069,-0.120056644,-0.29870024,-0.4603688,-0.047580384,-0.029570505,-0.46036124,0.46627957,0.21237412,0.5500941
usa_36_104,0,usa,-0.5021075,-0.30852738,0.13771728,0.6136243,0.55050486,-0.6708405,-0.24388084,0.67093265,-0.005819455,-0.2171979,0.41943341,0.36320785,0.08590351,-0.5869558,-0.3934946,0.34776232,0.24971241,0.110330135,0.22542492,-0.43263704,-0.5308113,0.26811543,-0.29241392,-0.5791944,0.3219856,-0.04895416,0.51597273,0.4699095,0.32144874,-0.33160752,0.5923855,0.5417394,0.22776583,-0.17932051,0.4560889,-0.6491159,0.22290999,-0.23308893,0.5037154,-0.48394653,-0.53370506,0.038867217,0.38167763,-0.2310711,-0.12800008,0.039652236,-0.38267136,-0.52712226,-0.46569088,0.39151484,0.44525015,-0.5320618,-0.71038705,-0.4058202,0.1955981,0.09666117,-0.41421735,-0.610097,-0.03697753,-0.024749562,-0.49529442,0.73419774,0.37919933,0.7918368
usa_20_91,0,usa,-0.29974726,-0.21165654,-0.07022501,0.42170024,0.43865615,-0.45794046,-0.017974943,0.5287225,0.19675335,-0.37600088,0.24361926,0.22296688,0.31903827,-0.41382307,-0.2838403,0.2649165,0.05436057,0.23632465,0.039928086,-0.27884442,-0.3392714,0.14328703,-0.06335789,-0.4088404,0.26096782,0.123690054,0.4102952,0.3236261,0.07825228,-0.25383455,0.40783894,0.31354675,0.019573279,0.025129013,0.35459137,-0.49954435,0.08851432,-0.10192235,0.35747692,-0.3625394,-0.37432665,-0.093441516,0.2650491,-0.11297082,-0.20666051,0.16764867,-0.2010103,-0.40826225,-0.2575075,0.2052629,0.19055119,-0.35805187,-0.62644106,-0.25664753,0.024799675,-0.08814229,-0.32127696,-0.44419223,-0.24673846,-0.17082986,-0.35890728,0.62941194,0.23691574,0.64481306
usa_15_106,0,usa,-0.20916621,-0.38554707,0.0327552,0.18370068,0.51539916,-0.6652754,0.1070937,0.6008562,0.28639635,-0.058560424,0.25925472,0.117132895,0.40567857,-0.3724879,-0.21504414,0.37893432,0.14370209,0.14239852,-0.03417921,-0.35348552,-0.5037615,0.06877519,-0.22335756,-0.43449524,0.19665211,-0.052150942,0.25232288,0.33652037,-0.080482535,-0.256656,0.47997516,0.24564171,-0.1828835,-0.074389786,0.43969947,-0.44425476,0.058068477,-0.19883499,0.44176966,-0.52391,-0.51448125,-0.16363835,0.10640161,0.02760204,-0.13566193,0.15720206,-0.4049437,-0.46640486,-0.20538872,0.26589555,0.25772375,-0.30542994,-0.61178577,-0.24910659,0.0056791008,-0.13023789,-0.4352247,-0.36078563,-0.17966193,-0.18208584,-0.5283305,0.77466965,0.13834068,0.70207703
usa_12_53,0,usa,0.009466127,-0.022552956,-0.41255155,0.22796664,0.2121747,-0.21885546,0.20397517,0.25426927,0.5725455,-0.65690553,0.099348135,0.00805226,0.530635,-0.26391396,-0.22617896,0.16596663,-0.24271429,0.48584616,0.013831891,-0.10292198,-0.09410501,-0.025270402,0.11878171,-0.20749141,0.013706632,0.284882,0.30412948,0.12920676,-0.38041374,0.011423714,0.14944156,0.14384073,-0.19761387,0.26577187,0.16584969,-0.2323853,-0.03764029,0.08302429,0.2182684,-0.24102065,-0.31437266,-0.19294032,-0.00760711,0.07839975,-0.33025086,0.45813528,0.07383646,-0.33293062,-0.07716413,-0.040637694,-0.037640035,-0.30631652,-0.49572715,-0.014227293,-0.14851278,-0.27830398,-0.21209157,-0.094768986,-0.38719428,-0.29719013,-0.2219918,0.39958563,0.022342779,0.3563689
usa_3_86,0,usa,-0.17111108,-0.25977457,-0.2563925,0.3116101,0.30370182,-0.35596597,0.055760495,0.41292548,0.33153868,-0.5500521,0.13779145,0.1023002,0.43260676,-0.35440993,-0.22598137,0.14664246,-0.087661,0.4508322,-0.05761651,-0.1632579,-0.24854752,-0.031296253,0.0909965,-0.3440049,0.08149178,0.23667793,0.27123183,0.2463988,-0.032703407,-0.094677605,0.32940596,0.22659013,-0.10789431,0.16832225,0.26307023,-0.38153577,0.0074263364,0.04987669,0.34983167,-0.28722224,-0.33593315,-0.25325555,0.1515572,-0.03880166,-0.36646843,0.35727656,-0.07586331,-0.31872043,-0.114112586,0.09202748,0.07190217,-0.2348252,-0.51182234,-0.16496333,-0.06132201,-0.16309382,-0.20079593,-0.3156312,-0.36942706,-0.27705726,-0.24629289,0.5124989,0.13065664,0.5096125
usa_15_92,0,usa,-0.12184645,-0.2089883,-0.049537607,0.38683203,0.31161606,-0.37592226,0.14035878,0.47436598,0.36501548,-0.47124216,0.16180025,0.08432527,0.4091881,-0.3503803,-0.22640108,0.18899678,-0.0456893,0.33992338,-0.056894623,-0.31772688,-0.22599334,-0.025012434,0.05347321,-0.32934082,0.13746974,0.035619587,0.3939675,0.1741047,-0.2996724,-0.14500818,0.3342368,0.24218969,-0.13763312,0.06760244,0.28957078,-0.4588822,0.038458783,0.026009396,0.3752709,-0.34897953,-0.40691093,-0.2625113,0.06535412,-0.024047017,-0.19982135,0.39952472,-0.16765502,-0.37352568,-0.17356572,0.18991005,0.13247988,-0.32362643,-0.53385115,-0.1566551,-0.18527466,-0.23414564,-0.2631823,-0.25555977,-0.35248414,-0.20124218,-0.16887417,0.6850557,0.14502467,0.5026489
usa_112_113,0,usa,-0.27827364,-0.18826573,-0.14209422,0.34461802,0.37704927,-0.42484587,0.021578826,0.4226027,0.2061862,-0.44107327,0.20905402,0.18421543,0.3395847,-0.3967033,-0.3284132,0.21487701,0.03608105,0.23762955,-0.03293462,-0.24587962,-0.25865683,0.0411559,-0.06573281,-0.40957764,0.22177714,0.15555884,0.3649271,0.23393162,-0.07262833,-0.15988079,0.4076834,0.25771475,-0.09555488,0.09364554,0.23173559,-0.48026818,0.08189665,0.008275457,0.3324921,-0.37775084,-0.39734402,-0.19544935,0.21678844,-0.055988815,-0.3086546,0.2504782,-0.20172483,-0.35302418,-0.23659915,0.18147168,0.12483913,-0.25717688,-0.5672598,-0.20535171,0.022267893,-0.059837997,-0.327165,-0.42342827,-0.26440242,-0.21025395,-0.2835425,0.59151226,0.17622074,0.5326434
usa_67_103,1,usa,-0.32019195,-0.18374021,-0.13895974,0.3743218,0.43331224,-0.47703087,-0.0042259097,0.48889425,0.21337944,-0.40735644,0.21114366,0.17291015,0.3174966,-0.43147904,-0.2869962,0.20991254,0.0032798648,0.3073367,0.04334631,-0.2656906,-0.29867488,0.085997686,-0.026295088,-0.36384392,0.22000337,0.15797333,0.37865895,0.34509772,0.027545463,-0.23462613,0.4190368,0.289143,-0.04092612,0.07567723,0.32680383,-0.488444,0.102802284,-0.039483692,0.35599494,-0.36108074,-0.39278007,-0.13019013,0.2503243,-0.0078604,-0.22464505,0.23757446,-0.18622254,-0.40903914,-0.24964607,0.19521269,0.20048884,-0.3401045,-0.6209021,-0.22707295,0.03321418,-0.092346534,-0.2902583,-0.42440376,-0.27620327,-0.23651534,-0.35349926,0.6364058,0.17621219,0.6110957
usa_3_20,0,usa,-0.24340235,-0.1476855,-0.16902074,0.3346173,0.42812294,-0.24792536,0.1281335,0.34636757,0.3706313,-0.48188958,0.13486741,0.12908117,0.39699858,-0.43439725,-0.27509415,0.20232685,-0.10799481,0.3345467,0.01284235,-0.13353261,-0.24910486,-0.07495416,-0.08484755,-0.40588316,0.13034749,0.08684869,0.29051733,0.30250478,-0.061991774,-0.24106915,0.40307486,0.19720304,-0.14874819,0.15662326,0.15956478,-0.49797824,-0.07578091,-0.080101475,0.31934315,-0.2995145,-0.33579957,-0.36407283,0.16036096,0.046285734,-0.3473252,0.26209983,-0.020684227,-0.37023652,-0.11612265,0.24189386,0.17170817,-0.20698547,-0.43796062,-0.2425229,0.01616425,-0.21768147,-0.29113418,-0.2700015,-0.35632396,-0.22495142,-0.24894568,0.51089615,0.15019587,0.5502493
usa_3_103,1,usa,-0.029290825,-0.11701919,-0.43630522,0.10016564,0.26181787,-0.12434746,0.25317204,0.20352592,0.509145,-0.7011187,-0.0401795,-0.07828293,0.61426854,-0.29777873,-0.09613795,-0.0023768544,-0.31442612,0.5317281,-0.23726496,-0.0145089105,0.007167943,-0.218822,0.20491734,-0.15551311,-0.059991933,0.34283483,0.1757523,0.14864445,-0.30644596,-0.0126025155,0.21034548,0.027132012,-0.32515967,0.38821483,0.07926881,-0.3432315,-0.1940946,0.2284974,0.21176219,-0.1707946,-0.24864215,-0.3906101,-0.043414026,0.26735106,-0.6498653,0.45490667,0.053563938,-0.26946938,0.0025200546,-0.14126799,-0.11838479,-0.10145549,-0.36298263,-0.10308057,-0.15069792,-0.33232418,-0.12565286,-0.10536197,-0.5578627,-0.53135955,-0.1339403,0.33907077,-0.0051391944,0.28292975
usa_20_103,0,usa,-0.22559161,-0.10807708,-0.3103209,0.28507447,0.3551423,-0.40953732,0.07768015,0.3216847,0.20759726,-0.46249697,0.103737265,0.22629231,0.31031883,-0.41977277,-0.28568518,0.19303712,-0.104157135,0.35844773,0.0756148,-0.07759514,-0.16118488,-0.048830412,-0.016278781,-0.4332523,0.14987439,0.18325676,0.26714712,0.3482384,0.033161547,-0.22902039,0.41703838,0.23396769,-0.14376596,0.07555851,0.18275322,-0.35001963,-0.019602038,-0.06805436,0.36190808,-0.30753323,-0.40159035,-0.3353417,0.20163772,0.19027597,-0.36566073,0.36235014,-0.0774886,-0.33787715,-0.23641145,0.14846298,0.1720524,-0.24778822,-0.5684527,-0.20167156,0.054878704,-0.08672343,-0.34118664,-0.2179067,-0.22552255,-0.16605708,-0.31119227,0.5452969,0.094984114,0.5196141
usa_25_73,0,usa,-0.2661643,-0.20372826,-0.13965118,0.40610754,0.40314525,-0.42681992,0.0116304085,0.49424475,0.18948284,-0.4103362,0.220377,0.18776199,0.3568046,-0.41223773,-0.28133452,0.24418086,-0.020153202,0.2709496,0.008305162,-0.25679177,-0.2863909,0.093407646,-0.00024317205,-0.36649138,0.22055241,0.15535112,0.3933636,0.2999199,0.022254262,-0.2262928,0.39540228,0.28251848,-0.051887773,0.07887691,0.30756226,-0.5210735,0.06235514,-0.033351455,0.33813626,-0.36863884,-0.38279969,-0.13498963,0.24194059,-0.05266389,-0.249464,0.21105164,-0.18994479,-0.37883103,-0.23719323,0.17447737,0.13572305,-0.2890236,-0.60755885,-0.23860788,0.013866827,-0.11135377,-0.29251373,-0.40099102,-0.27781743,-0.21283987,-0.30929273,0.6267525,0.21441665,0.58447987
usa_0_47,0,usa,-0.23851903,-0.17192945,-0.18246907,0.3741736,0.35854268,-0.3900621,0.045153804,0.46440604,0.261332,-0.47497228,0.17270714,0.15187268,0.39993876,-0.37545446,-0.23574369,0.1863521,-0.07260421,0.35460812,-0.007661715,-0.20634787,-0.23419106,0.04579968,0.054441623,-0.32004073,0.15887189,0.20142467,0.35209173,0.26903334,-0.0049733147,-0.17742532,0.3517874,0.25267872,-0.083316125,0.11169821,0.2900079,-0.42768866,0.048605964,0.00036343187,0.30569726,-0.33094808,-0.33836636,-0.18340492,0.18926609,-0.017147787,-0.2714624,0.2810138,-0.120109275,-0.36120975,-0.20308726,0.110844165,0.124584846,-0.2959419,-0.57845885,-0.19522284,-0.04541459,-0.14719208,-0.24659532,-0.37268338,-0.33188063,-0.26097226,-0.2793079,0.5909749,0.1763887,0.5453222
usa_64_92,1,usa,0.21069103,-0.27281684,-0.67910993,-0.08885712,0.14776203,0.12571463,0.32638454,-0.19767696,0.6289128,-0.53956586,-0.23659277,-0.053983383,0.5267528,-0.07204534,0.043679178,-0.12043243,-0.17754236,0.40006953,-0.4779267,0.15833884,0.17444488,-0.29564717,0.41795632,0.015948586,-0.16582078,0.48762,-0.113913685,-0.014766835,-0.42751136,0.09623088,-0.08849703,0.030883461,-0.36727864,0.40459913,-0.14750884,0.095136106,-0.42426953,0.08678457,0.116254985,0.08991521,-0.14156994,-0.6397044,-0.276267,0.25311986,-0.93563503,0.49759933,0.1662754,-0.19152641,0.0842926,-0.21695256,-0.33019584,0.06454734,-0.11231394,0.11841187,-0.51212156,-0.55272627,0.08469631,0.05169782,-0.6669307,-0.49421954,-0.047973197,0.17701815,-0.025120527,0.10550025
usa_38_50,1,usa,-0.036536027,-0.053995788,-0.4177407,0.19314978,0.22183561,-0.21897198,0.22527653,0.25085175,0.47048846,-0.73943496,-0.057397567,0.028248176,0.5956734,-0.2335569,-0.093672544,-0.011814259,-0.31127632,0.6429454,-0.17535722,-0.01677905,-0.04113818,-0.19083506,0.1959326,-0.1870243,-0.03362731,0.37530935,0.19084309,0.11908534,-0.20201665,-0.041930284,0.22482757,0.04051821,-0.3048212,0.31710392,0.09213173,-0.22824365,-0.11222096,0.20754488,0.186488,-0.16884145,-0.17823677,-0.36980835,0.030151114,0.25521383,-0.48850596,0.5019099,0.07686803,-0.2545308,-0.056864746,-0.1642484,-0.01378727,-0.16155507,-0.41411003,-0.06788024,-0.14111009,-0.28077787,-0.09917117,-0.16901651,-0.5192567,-0.44090658,-0.13759933,0.39051238,-0.019999944,0.30323586
usa_64_73,1,usa,-0.5030861,-0.38019344,0.45926914,0.58684117,0.698509,-0.5251775,-0.15257126,0.54962486,0.1474033,-0.16455221,0.434816,0.3360938,-0.1090276,-0.6374574,-0.45666057,0.38519245,0.3962367,-0.23502722,0.3199423,-0.49292785,-0.594384,0.21653917,-0.58160037,-0.52026486,0.4838277,-0.3060452,0.5953726,0.5805923,0.25414276,-0.46386755,0.61815655,0.49820504,0.30328244,-0.24374148,0.6102087,-0.6790321,0.39204872,-0.29221016,0.32021904,-0.30781144,-0.5923415,0.18619591,0.39567,-0.42499754,0.28057954,0.07126718,-0.51430094,-0.6401405,-0.18925142,0.60788304,0.360461,-0.656796,-0.76973444,-0.23770387,0.31664428,0.15706903,-0.55783486,-0.6000627,0.03446593,0.044316515,-0.41078833,0.8214305,0.29545134,0.70347214
usa_60_73,0,usa,-0.16082674,-0.24530621,-0.23822132,0.30918935,0.3142342,-0.4295364,0.09245453,0.38203624,0.30228046,-0.49152294,0.12533303,0.12935868,0.43415678,-0.3680044,-0.19305758,0.10494855,-0.022102892,0.5165489,-0.025085412,-0.11352801,-0.16551104,-0.05782778,0.07516753,-0.30916443,0.10581343,0.21062292,0.31549534,0.24521628,-0.094052605,-0.081831336,0.34882796,0.25667846,-0.09642144,0.21201377,0.21343245,-0.3148008,0.017569594,0.05579883,0.39557642,-0.25546777,-0.35299292,-0.25131217,0.16437694,0.046043962,-0.34575278,0.30912262,-0.055516798,-0.34297466,-0.17876922,-0.016633816,0.14561127,-0.36315492,-0.3833645,-0.22236162,-0.07810257,-0.19965449,-0.22028473,-0.33242667,-0.32193005,-0.25508195,-0.24383725,0.5100558,0.1309284,0.49399164
usa_60_104,0,usa,-0.24897102,-0.11528519,-0.06557389,0.39815894,0.33835846,-0.37285304,-0.09885996,0.44031662,0.24373621,-0.43290058,0.21701908,0.14843133,0.27332896,-0.30848098,-0.24845937,0.20830369,0.03564571,0.27610123,0.02496995,-0.15868425,-0.22422421,0.08858989,0.06941881,-0.37987247,0.21818152,0.27350813,0.33719856,0.3019873,-0.049759082,-0.19782586,0.3318267,0.30973595,0.032832105,0.11977513,0.18282193,-0.3804939,0.09643049,-0.07418167,0.33494776,-0.3225727,-0.33363366,-0.19362655,0.3095677,-0.0906758,-0.32338247,0.25183022,-0.11659718,-0.28666958,-0.3319946,0.18597023,0.08615923,-0.31685716,-0.488464,-0.309494,0.030100875,-0.095232755,-0.23647691,-0.34013703,-0.25095066,-0.15324819,-0.3127125,0.54711944,0.13387108,0.5253861
usa_3_91,0,usa,-0.2562076,-0.17132922,-0.18065548,0.35711837,0.37159547,-0.41275615,0.03842073,0.45530242,0.25661597,-0.4511759,0.17349058,0.15039578,0.38632858,-0.37111163,-0.24139024,0.18580231,-0.053878576,0.33632398,-0.010041736,-0.21811427,-0.2500569,0.062310517,0.048808746,-0.3364662,0.18386048,0.1892039,0.33286965,0.28067482,-0.012774147,-0.18576145,0.35857958,0.24329005,-0.078232534,0.10930239,0.2857561,-0.42995918,0.03552562,-0.008442432,0.29998773,-0.3212276,-0.34098694,-0.19244176,0.20357215,0.004606366,-0.27024502,0.2725908,-0.11238139,-0.36324257,-0.23226318,0.104393885,0.12789556,-0.30620265,-0.5673945,-0.2102758,-0.042352222,-0.13832971,-0.2523415,-0.3706621,-0.30770987,-0.23048973,-0.3066262,0.5803081,0.16355187,0.5613886
usa_61_73,0,usa,-0.2320762,-0.23162447,-0.073377065,0.2881489,0.35862726,-0.38862264,0.07942293,0.40197042,0.29760215,-0.4963679,0.15010256,0.11043714,0.38605136,-0.34787956,-0.23554882,0.11424558,-0.056091473,0.30789238,-0.021525279,-0.17435503,-0.30089226,-0.050462075,0.0026931763,-0.3688184,0.1666297,0.1351674,0.2876112,0.29406035,-0.017998368,-0.18437058,0.36426544,0.24389157,-0.070383154,0.13204825,0.21688415,-0.52511,0.06353822,-0.01709827,0.3164545,-0.33435097,-0.33874172,-0.25520003,0.13931699,-0.024481155,-0.30466515,0.28619274,-0.1479136,-0.3343585,-0.24731973,0.12983346,0.1329959,-0.31234694,-0.53330433,-0.21256822,-0.04481923,-0.1462828,-0.27878523,-0.39577064,-0.26690823,-0.17185238,-0.26648784,0.571289,0.08191163,0.5593963
usa_64_101,1,usa,0.039446786,0.062456254,-0.56594384,0.11663186,0.1669794,-0.1536119,0.32926947,0.15382849,0.5286511,-0.8364465,-0.13464731,-0.024210498,0.62842274,-0.19302091,-0.043250088,-0.05597619,-0.41472074,0.7373682,-0.27559936,0.08358084,0.09637358,-0.333605,0.25403923,-0.14539567,-0.07174767,0.52165806,0.103156455,0.10352264,-0.36065003,0.039078534,0.17452691,-0.031351186,-0.43028718,0.39637637,-0.02731008,-0.1670783,-0.18776661,0.28171587,0.14862934,-0.12623319,-0.1579434,-0.4495958,-0.050369814,0.39494112,-0.673864,0.62172014,0.171367,-0.20584062,-0.002000548,-0.23924118,-0.044550046,-0.08900633,-0.3807369,0.0028606802,-0.14775744,-0.36938947,-0.061901126,-0.103891544,-0.6168057,-0.54203254,-0.106785595,0.29048455,-0.081789106,0.1759277
usa_10_106,0,usa,-0.31537816,-0.21242493,-0.10929515,0.37459382,0.40898126,-0.4468246,-0.00809025,0.5138761,0.2074669,-0.38247237,0.21108939,0.19640747,0.33621722,-0.40660968,-0.25349903,0.24069756,0.023736391,0.29056346,0.015641868,-0.25100037,-0.31214166,0.095296845,-0.025254734,-0.36700037,0.24207273,0.14974947,0.3706506,0.33228874,0.04382781,-0.2400519,0.41128418,0.28636298,-0.031785198,0.05646397,0.34436882,-0.4903089,0.0671844,-0.0527527,0.3631233,-0.350047,-0.38158894,-0.1236366,0.2257548,-0.07697426,-0.22468296,0.2211358,-0.16824874,-0.3953727,-0.23470014,0.18418649,0.17361753,-0.34122705,-0.63097095,-0.23816893,0.020329475,-0.11258124,-0.3102121,-0.42940566,-0.27757704,-0.21133935,-0.3397988,0.6358345,0.21340472,0.6102006
usa_87_101,1,usa,0.0134391785,-0.08835159,-0.4703617,0.16786748,0.21575269,-0.15596804,0.2973817,0.22668806,0.49658003,-0.7471903,-0.052456103,-0.027850442,0.63026035,-0.23687026,-0.097794406,-0.013816215,-0.32526731,0.6158901,-0.2279506,0.016075753,0.03355453,-0.18100515,0.21955106,-0.17017812,-0.08605165,0.39984888,0.18421468,0.099242225,-0.2904986,0.027204558,0.1796421,0.024747469,-0.30145591,0.35634923,0.026171543,-0.21965772,-0.22540396,0.17899834,0.1687496,-0.13622202,-0.15622845,-0.4685831,-0.013744906,0.2965925,-0.5931954,0.48124805,0.13714615,-0.23098236,-0.00606174,-0.15162432,-0.06649515,-0.114161104,-0.32285908,-0.080914564,-0.15277013,-0.35241464,-0.10391,-0.10989189,-0.5672261,-0.47155833,-0.13950163,0.3206189,-0.019008584,0.2356652
usa_10_43,1,usa,-0.16973117,0.011686362,-0.24954715,0.25041547,0.29210204,-0.29045463,0.15024486,0.28118023,0.39246643,-0.50785476,0.09480346,0.053109456,0.41314453,-0.32851171,-0.1861643,0.20832697,-0.17436627,0.51649505,-0.14993018,-0.032055642,-0.20190287,-0.18221357,0.020260729,-0.21369882,0.2292738,0.2749399,0.19178323,0.27623183,-0.18934578,-0.17592299,0.17770097,0.15045898,-0.10150664,0.10442309,0.12222756,-0.37584245,0.037783448,0.05811037,0.18110067,-0.23105048,-0.3195917,-0.32460096,0.089647934,0.12032142,-0.39637578,0.4640107,-0.10597129,-0.34693813,-0.13085602,0.040951885,0.14095269,-0.29042265,-0.46416292,-0.19886765,-0.04065305,-0.2304199,-0.19832513,-0.21718124,-0.3827453,-0.22087276,-0.15886828,0.5220406,0.0745838,0.30200413
usa_10_22,1,usa,0.18177453,0.1796564,-0.69170433,-0.03791874,-0.018763542,0.18670191,0.5327937,-0.077433355,0.7297516,-0.98096627,-0.34614003,-0.23085374,0.8386076,-0.034203164,0.08327463,-0.25509262,-0.72273785,0.9548365,-0.40186396,0.3056832,0.31251064,-0.6043565,0.46398816,0.012091391,-0.253225,0.6760525,-0.10036656,-0.064027146,-0.5347029,0.21499793,-0.092759,-0.23432341,-0.6116906,0.5476228,-0.33172327,0.118224666,-0.19940293,0.42415494,-0.047196694,0.027916513,-0.0062666833,-0.6729895,-0.1751345,0.6268647,-0.91547984,0.80231994,0.3878693,-0.05961594,0.05987633,-0.39512688,-0.24621205,0.11267824,-0.1548681,0.08767021,-0.3068154,-0.51668,0.112771705,0.2214995,-0.6969899,-0.5350782,0.14134401,0.09868428,-0.26347125,-0.20588002
usa_10_64,1,usa,0.67894983,0.33171734,-1.0425891,-0.2749819,-0.2130584,0.24896981,0.87669015,-0.42592576,1.0722102,-1.3413194,-0.6704375,-0.45924523,1.2681963,0.2776416,0.37121242,-0.65514106,-0.9902539,1.3723936,-0.69114906,0.68822354,0.6565808,-0.99757093,0.9334856,0.48309523,-0.7062914,0.9116887,-0.4154094,-0.4852376,-1.0576693,0.46837717,-0.4292866,-0.61273223,-0.84175813,0.92543113,-0.6010249,0.4686704,-0.62829137,0.8555924,-0.31608415,0.37963623,0.32175508,-1.0408068,-0.5979424,1.0104821,-0.9825005,1.2583493,0.7023326,0.100948974,0.49964207,-1.0206007,-0.39958543,0.21949238,0.3154995,0.38165304,-0.7703447,-0.93796885,0.47140265,0.729121,-1.1905355,-1.038659,0.48276922,-0.23425013,-0.7112272,-0.5418549
usa_17_89,0,usa,-0.5341873,-0.41544592,0.13787483,0.6392723,0.6253425,-0.6882591,-0.18592995,0.6941149,-0.038234666,-0.14114726,0.45944464,0.39591876,0.073615134,-0.5828008,-0.42256588,0.4438154,0.344099,-0.08245499,0.27423468,-0.49709278,-0.6267504,0.37490627,-0.3600223,-0.60572994,0.45612723,-0.11938462,0.57230306,0.5531499,0.35429144,-0.43770707,0.6159031,0.54842025,0.26867178,-0.18015024,0.5379757,-0.7289214,0.18696561,-0.31204128,0.5518432,-0.5066444,-0.57677245,0.08540684,0.48141795,-0.31329483,0.09330858,-0.0016701669,-0.47711927,-0.5484596,-0.34065422,0.43339834,0.4386378,-0.5491981,-0.80459654,-0.43824416,0.21964991,0.08020912,-0.50595164,-0.68292695,0.023540799,0.109505504,-0.5312526,0.82304746,0.45542508,0.8610903
usa_73_89,1,usa,-0.31679934,-0.16717091,-0.14307192,0.41172987,0.40923715,-0.37771493,0.051172577,0.49718544,0.19427592,-0.48227718,0.21892336,0.17837843,0.36082733,-0.40120706,-0.24313442,0.2379325,-0.019255675,0.30043626,0.013653539,-0.2586856,-0.31233454,0.026983377,-0.11514804,-0.43405092,0.18280983,0.16520573,0.3988303,0.3742901,0.065733284,-0.29821914,0.4322571,0.2910243,-0.03639347,0.0767865,0.33361632,-0.5189483,-0.020659171,0.003766261,0.42739254,-0.3418837,-0.3628139,-0.08647928,0.2902785,0.007823519,-0.24966776,0.28367525,-0.15526608,-0.3976344,-0.24048221,0.1410655,0.20208068,-0.3467298,-0.66435933,-0.28886163,0.0794954,-0.148449,-0.3172562,-0.402326,-0.30025443,-0.19615301,-0.27922767,0.5393449,0.24569547,0.54806864
usa_10_112,0,usa,-0.09789516,-0.044797666,-0.3702626,0.19703448,0.2133637,-0.22714874,0.19456244,0.26363677,0.40926725,-0.7071598,0.004969135,0.027030852,0.5492608,-0.2697832,-0.12262235,0.009552985,-0.27516752,0.60418254,-0.19102624,-0.0109208375,-0.029587597,-0.15793419,0.29693845,-0.13647716,-0.020060062,0.37146288,0.19547793,0.0632201,-0.23974288,-0.03319657,0.21474183,0.042168863,-0.25868124,0.29413474,0.08831314,-0.22332637,-0.043001667,0.20324464,0.18610236,-0.18862505,-0.20098853,-0.3744053,0.017131776,0.22673866,-0.52181476,0.45183316,0.03637331,-0.22895637,-0.088051915,-0.12265486,-0.06541005,-0.17056447,-0.37916765,-0.032684162,-0.13569021,-0.3021121,-0.11400035,-0.11806819,-0.4977545,-0.45022237,-0.117266506,0.43366256,-0.0028943866,0.34439617
usa_10_46,0,usa,-0.24794485,-0.15822594,-0.19650945,0.34764144,0.36151847,-0.40309197,0.048476793,0.44759402,0.26052472,-0.46671918,0.16500458,0.15108582,0.39122164,-0.37025282,-0.23405549,0.18095516,-0.06421335,0.35163736,-0.018568158,-0.20933859,-0.24132937,0.053574357,0.04890933,-0.32678682,0.17776105,0.20108698,0.33655858,0.27642214,-0.016045183,-0.18796039,0.35377258,0.23513809,-0.08740268,0.11283952,0.28190455,-0.42070827,0.035042174,-0.0041851997,0.29567495,-0.31401062,-0.33483273,-0.19090182,0.19778699,0.012144461,-0.2743877,0.28204766,-0.11591677,-0.35941046,-0.20927921,0.10355403,0.12932068,-0.29680055,-0.572458,-0.1979145,-0.0362985,-0.14222385,-0.25160658,-0.36562088,-0.3178556,-0.24305063,-0.2985389,0.58329624,0.16300282,0.5421199
usa_15_61,0,usa,-0.28676006,-0.26977357,-0.09729994,0.4254166,0.3952158,-0.45690143,0.05910518,0.545045,0.22479483,-0.39807442,0.28034404,0.10991554,0.3969891,-0.38932157,-0.22511083,0.22877783,-0.012423515,0.252801,0.026645958,-0.2820996,-0.29401457,0.13706902,-0.011558108,-0.37266645,0.18210523,0.05957775,0.39927042,0.2393152,-0.06368744,-0.17417699,0.40514225,0.2887721,0.01566492,0.06657985,0.3755263,-0.43596634,-0.02265232,-0.07184241,0.4004458,-0.37357014,-0.39389688,-0.18814644,0.16841346,-0.03137783,-0.17738801,0.18010667,-0.19386134,-0.37811893,-0.1799584,0.15571281,0.11516465,-0.35190952,-0.5491459,-0.23655656,-0.06947578,-0.18073905,-0.27620316,-0.3494102,-0.27184883,-0.1400643,-0.2651553,0.61603147,0.21631412,0.63434064
usa_61_110,0,usa,-0.6582477,-0.44958392,0.25061148,0.68814135,0.65653884,-0.80246735,-0.338108,0.84820724,-0.1585021,-0.05151031,0.5553507,0.4787467,-0.0149559975,-0.7083942,-0.5395886,0.5549295,0.4759728,-0.106298625,0.41517493,-0.576241,-0.6669574,0.50602263,-0.43701115,-0.67692935,0.55385584,-0.21226087,0.6611488,0.64679044,0.4441296,-0.5373603,0.7309849,0.61487335,0.39838332,-0.32859683,0.67631304,-0.8431916,0.324907,-0.4303196,0.66245735,-0.584597,-0.64044994,0.24595529,0.5648431,-0.45504883,0.13676071,-0.11645535,-0.5368639,-0.5892983,-0.51060545,0.5599824,0.55067754,-0.64862466,-0.8578953,-0.5245185,0.28356698,0.14170735,-0.5557137,-0.7442899,0.14883617,0.16762261,-0.6206833,0.9168485,0.49956942,1.0621395
usa_19_64,1,usa,-0.25048172,-0.16834487,-0.19324777,0.35244307,0.35960886,-0.4075632,0.046765514,0.4542689,0.25669372,-0.47665694,0.16572641,0.15514557,0.39764607,-0.37117472,-0.23794979,0.18330374,-0.061022416,0.3548804,-0.020621516,-0.20566092,-0.24311441,0.053695522,0.054507084,-0.3269876,0.17733088,0.19901194,0.33404952,0.26805598,-0.022367068,-0.18161784,0.3555019,0.23401599,-0.08557197,0.11667809,0.28380984,-0.41447434,0.03218529,0.0020520985,0.29670882,-0.3149084,-0.33335298,-0.19394395,0.19585606,0.01277931,-0.2708299,0.28383395,-0.11047134,-0.3562376,-0.21427846,0.091455795,0.12839565,-0.30012938,-0.5640627,-0.20260161,-0.037987098,-0.14658853,-0.2459409,-0.35346955,-0.31426814,-0.23933056,-0.29621032,0.58276856,0.16338134,0.5454617
usa_10_92,1,usa,-0.15990874,-0.13171571,-0.2039203,0.30118558,0.34041438,-0.3829996,0.09418819,0.41223398,0.34005827,-0.55889654,0.10852919,0.13999294,0.4061849,-0.33971253,-0.21229163,0.12314288,-0.085952505,0.39646494,-0.0803689,-0.17001858,-0.21120998,-0.014751382,-0.0024108589,-0.3574028,0.1501284,0.21622433,0.3265758,0.2168235,-0.072266795,-0.15249395,0.3338024,0.18987942,-0.15187234,0.15798186,0.2498446,-0.42977074,0.020536229,0.060142264,0.30965298,-0.30566674,-0.30945632,-0.21378478,0.17010038,0.014169082,-0.36153024,0.3269813,-0.1314691,-0.3566714,-0.15258564,0.073088154,0.09775531,-0.2764805,-0.52966595,-0.17275141,-0.042411216,-0.17377803,-0.25311226,-0.3548223,-0.36183035,-0.3139838,-0.2538519,0.52446175,0.14765349,0.5019235
usa_53_113,0,usa,-0.38888392,-0.2876378,0.054119166,0.5391437,0.56826884,-0.60663664,-0.14279744,0.53238416,-0.021898977,-0.22501698,0.4276078,0.33020282,0.0710246,-0.6018368,-0.40945095,0.31322303,0.24242324,-0.04301578,0.31952563,-0.31129026,-0.4269715,0.3672632,-0.16510984,-0.51244867,0.3482032,-0.02854266,0.46698266,0.42759985,0.16077915,-0.3236277,0.6011462,0.44727606,0.16292502,-0.16726582,0.42646283,-0.6110481,0.16851127,-0.29224226,0.4087699,-0.4900902,-0.5425774,-0.08707112,0.35752845,-0.37813866,-0.14122197,0.024614736,-0.4077775,-0.48347008,-0.45537817,0.42672902,0.35864985,-0.37919343,-0.56393105,-0.42429018,0.22150263,0.08734336,-0.46397024,-0.5285077,-0.07587353,-0.020051397,-0.5458123,0.6615253,0.32471502,0.789584
usa_53_73,0,usa,-0.20682716,-0.22212406,-0.15260327,0.33808377,0.3774107,-0.37687057,0.088827066,0.46677428,0.29806545,-0.47224423,0.16697934,0.1099107,0.43405372,-0.32696626,-0.24335001,0.23580286,-0.0547356,0.34667838,-0.025212191,-0.21850093,-0.26376554,0.08584159,0.0050947517,-0.36117247,0.17816108,0.13108584,0.34703922,0.3027825,-0.007664092,-0.18373543,0.34300488,0.2432464,-0.06810043,0.122227296,0.32163435,-0.47485828,-0.0108552575,-0.03133627,0.31516317,-0.33921635,-0.2919107,-0.2046029,0.16820508,-0.022329405,-0.24966043,0.25643888,-0.124211,-0.36295253,-0.13590688,0.08972331,0.135879,-0.3042919,-0.5349068,-0.1830249,-0.072626345,-0.18093401,-0.25990963,-0.35370606,-0.32435516,-0.23493528,-0.2803095,0.5731697,0.15052724,0.5417957
usa_84_92,0,usa,-0.2980042,-0.18417878,-0.13983908,0.36904362,0.40706193,-0.4437573,0.012483187,0.4827952,0.23671591,-0.41771743,0.2022467,0.15797606,0.33588237,-0.40788704,-0.2725419,0.20775783,-0.011627011,0.30768985,0.033557557,-0.24102584,-0.2867383,0.077846274,0.001235038,-0.35040364,0.21154037,0.17033152,0.3660105,0.31306842,0.010368362,-0.21638529,0.39192098,0.2716796,-0.04787118,0.092242464,0.3128364,-0.46178362,0.0803591,-0.03258967,0.32377085,-0.3377279,-0.3701573,-0.146953,0.23169233,-0.016648248,-0.22896582,0.24787575,-0.15232569,-0.39006978,-0.24357748,0.16360524,0.17188579,-0.33438864,-0.59613067,-0.21863931,-0.005379021,-0.12017022,-0.27605468,-0.40875602,-0.2799508,-0.23287195,-0.33221328,0.6071106,0.18234397,0.5875226
usa_3_29,0,usa,-0.45224863,-0.33489165,0.059382584,0.3533299,0.49463445,-0.625907,-0.26325947,0.5272046,0.020831607,-0.24298006,0.38224125,0.3043126,0.09389807,-0.50321037,-0.38033503,0.33285797,0.33107334,0.14609316,0.4346204,-0.34127164,-0.46156773,0.3400732,-0.27544326,-0.5504766,0.20363131,-0.059880223,0.45587295,0.41923213,0.35757357,-0.35922056,0.6375548,0.44343358,0.27807546,-0.18537924,0.39640188,-0.49212426,0.18419968,-0.3576839,0.4639958,-0.4008225,-0.5031328,-0.016105935,0.36755282,-0.11879189,-0.14565974,0.07196314,-0.36866504,-0.45295537,-0.4063956,0.4491867,0.19462475,-0.43460473,-0.62112856,-0.3276925,0.14662966,0.004863575,-0.39048183,-0.3451931,0.05915017,0.095980264,-0.4859005,0.5982791,0.23356736,0.83386946
usa_58_104,0,usa,-0.19936955,-0.17001976,-0.22630268,0.3035124,0.3668123,-0.3907873,0.090517245,0.42235813,0.30973995,-0.5132327,0.1641183,0.08355851,0.37940806,-0.40275553,-0.23942986,0.12653558,-0.099257395,0.37469465,-0.025717787,-0.18583885,-0.18748225,-0.020054892,0.05065299,-0.32739276,0.13547215,0.1983964,0.32261866,0.2666239,-0.0735643,-0.15171105,0.3783269,0.1955021,-0.12930968,0.20389335,0.2499365,-0.45469263,0.03689147,0.062439024,0.33906087,-0.3129515,-0.37579116,-0.22161514,0.18231016,0.06679405,-0.35550296,0.2630298,-0.139139,-0.3714592,-0.16592057,0.07787433,0.09451912,-0.29294965,-0.48995125,-0.17474815,-0.0032506064,-0.17046162,-0.24340431,-0.3662186,-0.3415038,-0.34292853,-0.25005656,0.5093457,0.15791282,0.51441383
usa_69_104,1,usa,-0.2304456,-0.15151554,-0.1612581,0.35521114,0.33808792,-0.37503374,0.050944515,0.43614265,0.40497184,-0.55592185,0.21689472,0.106380016,0.35265315,-0.25593626,-0.20949897,0.14160287,-0.029984199,0.2944789,0.09756914,-0.19129793,-0.14503774,0.028293237,0.045428865,-0.38294044,0.04301687,0.17812283,0.28283155,0.20950097,-0.1310119,-0.08353242,0.39142063,0.23684487,-0.014861509,0.13377832,0.19054076,-0.40359512,-0.014012814,0.02492413,0.27649462,-0.29238445,-0.32805154,-0.18695405,0.15744613,-0.03827716,-0.26550028,0.35026017,-0.073827654,-0.2854765,-0.18832374,0.112552986,0.040088914,-0.2652185,-0.42929667,-0.18758212,-0.13968277,-0.28444755,-0.20510858,-0.29351914,-0.28282493,-0.21479332,-0.29843828,0.46691748,0.07832608,0.49091417
usa_87_113,0,usa,-0.25222725,-0.22253263,-0.1479412,0.37068954,0.3614312,-0.4759317,0.0044314265,0.50329334,0.2540428,-0.4035559,0.2258668,0.19035318,0.40265268,-0.37788877,-0.23376605,0.1902127,0.016451977,0.3345024,0.025217768,-0.21974903,-0.22107607,0.080641925,0.01627066,-0.3233697,0.13288209,0.14650194,0.39192593,0.26471892,-0.019754022,-0.1669532,0.37065968,0.2653139,-0.0049874038,0.0735593,0.3477503,-0.38443664,0.056578927,-0.04247737,0.3093471,-0.31590208,-0.34954524,-0.1550132,0.18989342,-0.0887188,-0.23073149,0.25503182,-0.10437959,-0.37773585,-0.22318837,0.134233,0.14946786,-0.35836878,-0.54996276,-0.1937536,-0.03787186,-0.15341799,-0.25723,-0.40509292,-0.29316908,-0.22428939,-0.3137045,0.5792015,0.18457001,0.5901926
usa_12_28,0,usa,0.10326682,-0.09664686,-0.43992078,0.01283323,0.13277079,-0.19324163,0.17360693,0.042890918,0.4676526,-0.6103471,-0.13447088,-0.03855791,0.4908924,-0.21752188,-0.01490628,-0.03919726,-0.434965,0.5337629,-0.311918,0.08900614,-0.03274932,-0.28465056,0.32340783,-0.117938325,-0.08607132,0.25236183,0.051020615,0.1577702,-0.2804699,-0.08826214,0.23953637,0.0057768375,-0.34940627,0.37760276,0.037690688,-0.09425035,-0.25360113,0.26663035,0.2616572,0.013781317,-0.23520206,-0.45980644,-0.065282404,0.41021943,-0.6621724,0.5405496,0.028984442,-0.21700925,0.17502975,-0.13213646,-0.1802531,0.07652544,-0.39174837,0.03906676,-0.29734874,-0.24001047,-0.10949247,-0.07675076,-0.45606393,-0.3864695,-0.041310374,0.29463738,-0.06300324,0.30527627
usa_28_106,0,usa,-0.13031524,-0.24293755,-0.25248343,0.28580916,0.27891046,-0.3659683,0.09478652,0.41770008,0.3974578,-0.5876676,0.15976742,0.04640475,0.4661464,-0.37438047,-0.24270983,0.13327782,-0.14373921,0.5529778,-0.13720292,-0.10965733,-0.25526118,-0.105632685,0.047694333,-0.39345327,0.055108443,0.22195055,0.23453286,0.20579885,-0.081324734,-0.08293666,0.3329808,0.17664754,-0.10601271,0.18903263,0.15092415,-0.40861273,-0.0384406,0.10222983,0.3268738,-0.20793945,-0.37662452,-0.22135723,0.17027783,0.003832586,-0.47346103,0.38676098,-0.0602531,-0.37002337,-0.15430826,0.041611608,0.07275646,-0.32357672,-0.44435433,-0.16249132,0.037241217,-0.18707514,-0.22760269,-0.3675335,-0.39063185,-0.35390756,-0.23454078,0.37888834,0.11642342,0.5066797
usa_97_106,0,usa,-0.24051765,-0.23851138,-0.17678508,0.35731402,0.38589966,-0.388112,0.045977212,0.456351,0.24738282,-0.44864753,0.19285077,0.13874617,0.37988734,-0.3969918,-0.25895658,0.20858508,-0.028947026,0.3100227,-0.009932406,-0.2356119,-0.26718116,0.04387585,0.01240243,-0.36114898,0.16695851,0.16695492,0.36600727,0.27546373,-0.03757772,-0.20908819,0.38591063,0.26598087,-0.079368524,0.10489057,0.2932186,-0.49256337,0.041982666,-0.01358033,0.3546707,-0.3392015,-0.35726207,-0.17992201,0.21475756,-0.047685843,-0.2666411,0.26159218,-0.14455524,-0.36193788,-0.18451104,0.14425121,0.1267223,-0.28700256,-0.5911722,-0.20447631,-0.022503793,-0.13387495,-0.28355548,-0.3912278,-0.3094185,-0.25050607,-0.2860982,0.57413834,0.18424405,0.5429934
usa_26_28,0,usa,-0.47194085,-0.46533012,0.31893903,0.61017257,0.65102315,-0.574985,-0.13431868,0.7231251,0.053984515,-0.056095786,0.50875235,0.32988068,0.12991291,-0.5730296,-0.44924098,0.48387223,0.40153095,-0.12780237,0.21719107,-0.46121144,-0.68028367,0.31870794,-0.37354353,-0.6007361,0.4629087,-0.19320667,0.61124384,0.48770255,0.24945119,-0.4129095,0.5337053,0.5284194,0.2458339,-0.17793578,0.6173375,-0.8439349,0.21217342,-0.29643512,0.47374937,-0.5309538,-0.59466386,0.062200394,0.3952921,-0.49417114,0.101203896,-0.010263383,-0.44665575,-0.55156046,-0.34434316,0.5583356,0.34625113,-0.52974045,-0.7080079,-0.38438606,0.13588262,0.02442012,-0.5546642,-0.6633379,-0.054790594,0.06901167,-0.4531136,0.8118204,0.41867298,0.92215115
usa_28_104,0,usa,-0.9894068,-0.49662295,0.5969721,0.897681,0.9021308,-0.9595936,-0.49413386,1.0016266,-0.4626906,0.4784877,0.93087703,0.6386865,-0.37452644,-0.9288109,-0.67867416,0.78343105,0.7089683,-0.44159585,0.79976565,-0.7521072,-0.9865861,0.8629708,-0.5150749,-0.7866904,0.8186957,-0.33579808,0.9213373,0.9271742,0.7288784,-0.8329236,0.88206524,0.89415675,0.5665037,-0.47761786,0.9034775,-1.0274341,0.51497597,-0.753286,0.73334754,-0.7955686,-0.8813237,0.46619004,0.6899141,-0.94331473,0.4419369,-0.5367108,-0.8189317,-0.7858669,-0.8468542,0.8988507,0.7329668,-0.77230066,-1.1391383,-0.74709725,0.5979627,0.51775,-0.8304903,-1.0493717,0.44846308,0.60226554,-0.85624135,0.8640262,0.7428292,1.2876196
usa_28_47,0,usa,-0.3803514,-0.15028802,0.12815234,0.46622413,0.4127077,-0.47076315,0.0075640753,0.63473636,0.18420982,-0.36764583,0.39211443,0.14838517,0.20484261,-0.391989,-0.30426496,0.2524835,0.036783744,0.19952197,0.11246143,-0.29785144,-0.4015413,0.12650722,-0.082606256,-0.5469177,0.27433568,-0.080028035,0.38832456,0.31063932,0.03091957,-0.33632475,0.471437,0.30869207,-0.027646601,0.0154039785,0.3448519,-0.60408247,0.102092154,-0.106078304,0.46177658,-0.4510396,-0.51572686,-0.14228787,0.32285726,-0.25453374,-0.080386095,0.23635826,-0.27119458,-0.3827293,-0.32245862,0.3904106,0.233275,-0.3612195,-0.5981985,-0.21931675,-0.0074127614,-0.092325255,-0.40315259,-0.41101384,-0.24513474,-0.07467047,-0.2723177,0.58055305,0.25306538,0.7846878
usa_103_104,1,usa,0.017752565,-0.22728017,-0.27209896,0.07670515,0.27658522,-0.12515117,0.24690697,0.12798506,0.5193266,-0.73799145,-0.14987642,-0.110520296,0.6010007,-0.27338827,-0.01812923,-0.16736433,-0.23709723,0.7755673,-0.27284834,0.11724563,0.0143960565,-0.35924563,0.26816115,-0.05382631,-0.19498914,0.35162753,0.11717574,0.10767057,-0.2866329,0.057471275,0.12477541,-0.014386587,-0.21634349,0.38193476,0.037810393,-0.11811418,-0.1610408,0.21386917,0.18993254,0.007894352,-0.14493538,-0.53952533,-0.065843195,0.33115494,-0.70751065,0.48637685,0.13705133,-0.3126835,0.07636865,-0.04582604,-0.052363575,-0.23439702,-0.23064369,0.0099589825,-0.15172347,-0.35198802,-0.05850972,-0.08793023,-0.5615249,-0.5427404,-0.15960786,0.2444799,-0.12745658,0.12559451
usa_73_87,1,usa,-0.27791598,-0.202101,-0.15197524,0.42855483,0.4414428,-0.39733076,0.051940195,0.44237792,0.20003545,-0.41849586,0.16947132,0.17393363,0.341838,-0.4424494,-0.26265424,0.20864347,-0.009572461,0.32461733,-0.021382459,-0.19366482,-0.2317271,0.10902516,-0.0628361,-0.39413264,0.20689115,0.197527,0.36601436,0.356053,0.01267536,-0.18361436,0.3406618,0.28901845,-0.006618798,0.08340603,0.26356357,-0.44604573,-0.0129007995,-0.06927076,0.33183298,-0.31527194,-0.36970863,-0.19794744,0.23484407,0.06143123,-0.27697518,0.21109018,-0.15006855,-0.39532453,-0.1987288,0.14372928,0.22532094,-0.293915,-0.5253973,-0.2568188,0.023562878,-0.14419462,-0.26893443,-0.37705493,-0.3019408,-0.24559566,-0.3581149,0.5918627,0.198259,0.48728925
usa_53_87,0,usa,-0.31304154,-0.3563999,-0.043263666,0.47294238,0.46527582,-0.52189213,-0.03579782,0.51310194,0.11928878,-0.25051326,0.34054583,0.20156303,0.33044827,-0.4224731,-0.27465904,0.32956234,0.14159887,0.14976549,0.14306118,-0.2969339,-0.36156175,0.3199292,-0.0020193234,-0.39181685,0.21140015,0.02571328,0.41332197,0.34171063,0.090810396,-0.18022051,0.50371635,0.37461767,0.1098347,-0.013697296,0.43261325,-0.50338376,0.07844406,-0.1870301,0.38295224,-0.42513332,-0.38505223,-0.1274953,0.24614242,-0.18692121,-0.06501941,0.051341914,-0.24275455,-0.41655493,-0.2792145,0.15825613,0.2463332,-0.38643825,-0.519459,-0.2707934,0.008517593,-0.067726895,-0.33835334,-0.42944747,-0.117341734,-0.084173866,-0.33644974,0.71104366,0.2499868,0.72326845
usa_12_87,1,usa,-0.204251,-0.2823395,-0.040855907,0.38335195,0.45892525,-0.42910594,0.084427305,0.48254663,0.28545272,-0.4545677,0.18413182,0.2092896,0.38470966,-0.40759304,-0.27707708,0.22908133,-0.007614605,0.29828864,0.09142345,-0.27955967,-0.28224277,0.05181279,-0.16461343,-0.44331396,0.15844582,0.07199454,0.3852235,0.31270036,-0.03523305,-0.23498137,0.4382276,0.26980266,-0.060280718,0.08784911,0.30849832,-0.52097726,0.068391606,-0.019324154,0.37270683,-0.36077255,-0.39312062,-0.11551005,0.22177465,-0.06528345,-0.12175136,0.2476047,-0.1650209,-0.440391,-0.20894161,0.13465017,0.13211755,-0.32033408,-0.66026396,-0.20220785,0.018562026,-0.117715046,-0.34574598,-0.41300774,-0.25010264,-0.2110388,-0.29715186,0.60537994,0.13420178,0.5971422
usa_10_15,0,usa,-0.27312255,-0.21257707,-0.10405288,0.3987121,0.41355747,-0.46490896,0.0016550198,0.5135757,0.22509918,-0.40514454,0.23001218,0.1990319,0.33923382,-0.40071,-0.2671045,0.23566583,0.02137959,0.26985008,0.021828495,-0.26562804,-0.31284255,0.117133245,-0.042796686,-0.38596573,0.23237225,0.13299571,0.3966509,0.30671576,0.05517057,-0.23212786,0.39481604,0.30042803,-0.01151976,0.053963646,0.33785537,-0.48714665,0.07328927,-0.068282865,0.34974265,-0.3514576,-0.36183566,-0.121161684,0.24241906,-0.09666756,-0.22567657,0.2088305,-0.17811257,-0.40059507,-0.23349613,0.18132672,0.16955328,-0.34850028,-0.6030703,-0.24332696,0.0051325634,-0.10854389,-0.30388832,-0.43905905,-0.27824345,-0.19782746,-0.3324855,0.6277894,0.22357222,0.6238828
usa_28_84,0,usa,-0.37984884,-0.30281213,0.06690032,0.49599454,0.52678585,-0.5572133,-0.06654549,0.6677364,0.14172572,-0.25500646,0.30828843,0.2597017,0.27347642,-0.4724568,-0.32551414,0.33422804,0.17291439,0.10186271,0.119630575,-0.3700015,-0.42489195,0.19979963,-0.13276094,-0.45616114,0.35892105,0.06431517,0.47253263,0.4111517,0.11383046,-0.3144061,0.46485952,0.37181386,0.036417443,-0.013308287,0.4647256,-0.612447,0.09591965,-0.120905586,0.40752456,-0.44570798,-0.45054555,-0.0446513,0.3132869,-0.18900919,-0.0547949,0.14247862,-0.2777462,-0.4564572,-0.29340714,0.30592617,0.2594891,-0.41027522,-0.70904684,-0.31061146,0.072634935,-0.046450227,-0.36892647,-0.55797315,-0.2345778,-0.14297739,-0.39378992,0.7221376,0.29834515,0.74938154
usa_92_112,0,usa,-0.55839396,-0.4011483,0.33234572,0.5825398,0.5917098,-0.6337051,-0.28059435,0.7630812,-0.047034115,-0.023271091,0.47063053,0.31032714,0.041468352,-0.5776947,-0.45973593,0.48361793,0.5103462,-0.14811705,0.26334617,-0.47836763,-0.664623,0.32356,-0.3683437,-0.642799,0.47411945,-0.2004831,0.6013262,0.5448168,0.35439244,-0.5146917,0.665736,0.59189695,0.2224969,-0.17042576,0.6023056,-0.84645045,0.27342495,-0.36392128,0.63996124,-0.5550553,-0.6287889,0.049417555,0.48841685,-0.3885362,0.014899895,-0.044571403,-0.5840255,-0.5750404,-0.413229,0.55068636,0.42440945,-0.60630035,-0.81003517,-0.48616767,0.1748249,0.1251722,-0.5250979,-0.72258437,0.049968813,0.058567718,-0.52559817,0.86362004,0.48243254,0.89157706
usa_3_46,0,usa,-0.21404457,-0.092552006,-0.2440933,0.34733215,0.30713004,-0.31813687,0.1022552,0.39881167,0.29943767,-0.5942764,0.13801688,0.11126793,0.45293498,-0.32996932,-0.21980895,0.15155843,-0.118181825,0.38732076,-0.095759414,-0.14504416,-0.19032393,-0.015579268,0.122725435,-0.30514392,0.10196384,0.24953051,0.29628456,0.2006858,-0.13308644,-0.11326367,0.32608274,0.20406032,-0.10898904,0.18232016,0.18483853,-0.37868476,-0.039887555,0.10540651,0.2895595,-0.29469013,-0.28385445,-0.2776495,0.1736803,0.02520319,-0.3800612,0.3616995,-0.041631807,-0.30525863,-0.1635074,0.06815694,0.060011424,-0.23612192,-0.4942122,-0.15642174,-0.066994525,-0.21840808,-0.1991738,-0.253276,-0.41999364,-0.3267805,-0.2187892,0.52827287,0.091548964,0.47844827
usa_28_92,0,usa,-0.6907562,-0.33201498,0.42147848,0.75148493,0.73437816,-0.7265692,-0.3311739,0.8096438,-0.14200582,0.10009764,0.6083661,0.41577077,-0.09749623,-0.73919785,-0.56496525,0.533629,0.47376618,-0.25005406,0.4318839,-0.6118388,-0.77735746,0.5326124,-0.4292964,-0.6926769,0.620301,-0.1307483,0.7180532,0.65738416,0.4801175,-0.5723249,0.72873527,0.6919253,0.2898266,-0.23735419,0.7096974,-0.9201617,0.46671686,-0.42213154,0.52589226,-0.6556662,-0.69131625,0.22698703,0.59786797,-0.62019444,0.24029857,-0.16371186,-0.5923486,-0.6578391,-0.5336823,0.6903,0.46932876,-0.62699175,-0.9767578,-0.5053172,0.35808605,0.23313092,-0.6461219,-0.86534226,0.14741355,0.21860158,-0.62066555,0.91357595,0.46771878,1.0062745
usa_35_79,0,usa,-0.191011,-0.10812308,-0.29768205,0.38543344,0.2979898,-0.3486715,0.10180267,0.36834514,0.32174635,-0.53360415,0.1982169,0.030418877,0.342189,-0.39935896,-0.23973371,0.18105015,-0.07762402,0.3167941,-0.05751478,-0.07205488,-0.25732964,0.04891806,0.06600871,-0.38822427,0.17973545,0.23711698,0.27974328,0.2747793,0.0042545274,-0.15005659,0.2932834,0.23735052,-0.01836656,0.16225503,0.24109386,-0.5022911,-0.12346405,0.10080092,0.22001025,-0.22074044,-0.29346514,-0.26633132,0.1647738,-0.00579489,-0.41338453,0.28976184,-0.12808038,-0.27697918,-0.07031198,0.08530885,0.0017942265,-0.26318857,-0.45000017,-0.21880391,0.043004174,-0.15573195,-0.2142008,-0.30303046,-0.37750924,-0.24651843,-0.23146033,0.42433375,0.14876933,0.4587949
usa_53_79,0,usa,-0.55617917,-0.13714954,0.31602287,0.5181133,0.6608855,-0.6564785,-0.37555432,0.50759155,-0.14894041,0.21426243,0.5752577,0.262909,-0.25189126,-0.6762164,-0.49469954,0.38325793,0.5094473,-0.1956628,0.74109304,-0.31298378,-0.725236,0.71792614,-0.2729116,-0.5217977,0.5964748,-0.20862502,0.455123,0.5629998,0.40848148,-0.45816666,0.67816806,0.5079041,0.51179016,-0.28611636,0.3915546,-0.6748029,0.35412183,-0.4585396,0.48323885,-0.46322614,-0.69888675,0.19510365,0.5601333,-0.56922793,0.15467572,-0.21213683,-0.59841835,-0.5262002,-0.60538054,0.6245234,0.34090948,-0.46858066,-0.55436087,-0.5255666,0.37933758,0.32889795,-0.5831196,-0.60717785,0.33838552,0.39248663,-0.65812457,0.6616919,0.36330742,0.900298
usa_38_64,1,usa,-0.30834746,-0.23321146,-0.1188161,0.35843757,0.41349918,-0.438991,-0.0059967116,0.5125441,0.21476895,-0.4003174,0.18615052,0.193883,0.35916448,-0.40511554,-0.24792963,0.23812702,0.017912596,0.30851352,0.005721055,-0.24804361,-0.3016726,0.08998083,-0.020694487,-0.34911925,0.22802174,0.15909915,0.34317774,0.31721938,0.02542191,-0.21146432,0.4181927,0.26427472,-0.046080552,0.06258246,0.33297712,-0.46910912,0.06673527,-0.043181576,0.3544142,-0.3470225,-0.3803669,-0.1432906,0.20751,-0.049533337,-0.23461068,0.24675477,-0.1569778,-0.38888085,-0.2115328,0.15988588,0.15569654,-0.3230868,-0.62661886,-0.23238751,0.020252641,-0.1218645,-0.29889452,-0.41219783,-0.2845397,-0.23633552,-0.32620817,0.6390029,0.20457157,0.58627033
usa_60_97,0,usa,-0.27358767,-0.33375543,-0.09428317,0.3743158,0.4324841,-0.5383668,-0.02522967,0.4995791,0.20936495,-0.31034905,0.2771215,0.14157611,0.32854086,-0.42717156,-0.3072825,0.25436923,0.07452694,0.2479281,0.059050985,-0.23752207,-0.34197992,0.060813658,-0.093516245,-0.42018312,0.21840963,0.09000313,0.38485837,0.36863017,0.060542114,-0.22429095,0.43319854,0.33683002,0.0593722,0.03233047,0.35353702,-0.54913676,0.07114453,-0.098419964,0.45087194,-0.36979795,-0.43684477,-0.1320013,0.26664138,-0.15627746,-0.21515754,0.14743167,-0.20398243,-0.41075343,-0.22854432,0.22689858,0.16843005,-0.41150045,-0.54530597,-0.2805593,0.038633544,-0.096496984,-0.34918872,-0.46385285,-0.25252926,-0.21569112,-0.3562608,0.62123114,0.20127924,0.70266014
usa_77_116,1,usa,-0.24134275,-0.16387251,-0.20356259,0.34495437,0.3556208,-0.40050632,0.054376937,0.44307002,0.26617694,-0.48590365,0.15915671,0.1480304,0.40443987,-0.3668435,-0.23431545,0.17605023,-0.06833936,0.3669337,-0.022145264,-0.19746369,-0.23451412,0.04448901,0.058524452,-0.32092884,0.16938621,0.20781218,0.32849863,0.26380476,-0.02840864,-0.17741632,0.34837937,0.22900751,-0.0905718,0.124082595,0.2755993,-0.40662703,0.028839339,0.0074782893,0.29362935,-0.30731148,-0.32773936,-0.19892576,0.1913951,0.02228298,-0.27781102,0.2911322,-0.1027412,-0.35401362,-0.20664585,0.08217095,0.12569171,-0.29650092,-0.5568877,-0.1966928,-0.041104265,-0.15081786,-0.24061243,-0.3490674,-0.32291263,-0.24598545,-0.29156214,0.5744979,0.15695411,0.5335654
usa_89_101,1,usa,-0.27444017,-0.17030859,-0.18352619,0.36605015,0.38154387,-0.4199013,0.011476725,0.4653246,0.2420026,-0.44185755,0.19149786,0.16116455,0.36146855,-0.39189142,-0.25290072,0.19916902,-0.042865098,0.3392837,-0.0014380515,-0.24047941,-0.26593944,0.06948243,0.012756892,-0.36362574,0.1882347,0.18454368,0.35424984,0.3026947,0.04144076,-0.20664388,0.37729457,0.2636754,-0.06674532,0.09120436,0.2917686,-0.45533648,0.060757235,-0.037601557,0.3213898,-0.32815233,-0.35008165,-0.17456129,0.22895242,-0.014701813,-0.28532964,0.24573866,-0.13309547,-0.3735301,-0.23634008,0.14917077,0.14046285,-0.30695724,-0.60239065,-0.2254831,-0.009516038,-0.11059061,-0.26928413,-0.38706684,-0.29943284,-0.22420609,-0.31967402,0.59347653,0.16953549,0.57782835
usa_79_113,0,usa,-0.11111833,-0.14167404,-0.3494128,0.24111938,0.2341572,-0.32075214,0.15988797,0.3576852,0.3584088,-0.6316529,0.1619771,0.025630161,0.41192424,-0.32492703,-0.21148816,0.13880417,-0.06064664,0.39344937,-0.09866195,-0.105020344,-0.18437888,-0.073373385,0.076067574,-0.33132952,0.059642162,0.2667988,0.26939046,0.20232779,-0.130299,-0.09062749,0.31403863,0.15698576,-0.12617615,0.20667748,0.21662389,-0.37597585,-0.14038953,0.13466564,0.21512827,-0.20172858,-0.2689674,-0.2748249,0.1405492,0.0028825477,-0.5211959,0.39941442,-0.046403605,-0.26726288,-0.09689772,-0.041473992,0.036931667,-0.26098707,-0.36166173,-0.19253029,-0.022470571,-0.26363906,-0.18191305,-0.31515497,-0.40181237,-0.32029203,-0.2261071,0.35726947,0.14748311,0.4067978
usa_12_40,0,usa,-0.11062968,-0.20914596,-0.41173795,0.29626244,0.28796938,-0.3201825,0.15754041,0.40478522,0.2960747,-0.6011411,0.025913686,0.09453076,0.54699564,-0.26771396,-0.0985777,0.08688335,-0.21183705,0.5063286,-0.17617571,-0.11616611,-0.1044888,-0.025307953,0.26303172,-0.21320994,0.07203613,0.24392651,0.25742972,0.16417867,-0.14887133,-0.057110455,0.28291473,0.13388897,-0.15273371,0.25093853,0.17432296,-0.2078743,-0.17363268,0.10281499,0.26631075,-0.20270145,-0.26619688,-0.3986392,0.056398865,0.18521589,-0.3986815,0.3811171,0.003117144,-0.26452103,-0.08647654,-0.07671545,-0.029142603,-0.14334765,-0.50519264,-0.14367145,-0.11951817,-0.22877753,-0.12469166,-0.13823426,-0.4219867,-0.2999471,-0.14435369,0.4699914,0.08244504,0.44349658
usa_64_87,1,usa,0.43313983,-0.04688614,-0.8285125,-0.18604764,-0.06793988,0.00422439,0.505075,-0.05721248,0.8676675,-1.2896253,-0.33021805,-0.31151766,0.95178777,-0.06666428,0.13108358,-0.38233748,-0.7005837,1.2406801,-0.5792817,0.3351292,0.41950822,-0.62256426,0.5837108,0.18985647,-0.4978671,0.68598825,-0.114475936,-0.16078293,-0.73428243,0.39376634,-0.07472393,-0.24704644,-0.75592375,0.6947824,-0.2991535,0.23864585,-0.4071791,0.556781,0.11260112,0.1278319,-0.031736203,-0.84524393,-0.3696015,0.6189113,-1.045145,0.91576886,0.44323313,-0.03016147,0.26212394,-0.5491647,-0.2860511,0.025804326,0.016577393,0.33275038,-0.42289594,-0.7148006,0.06878993,0.056004763,-0.91106707,-0.9011349,0.20861983,-0.0182406,-0.3182031,-0.0674207
usa_12_112,0,usa,0.0335133,-0.031463996,-0.4020536,0.036807038,0.17405008,-0.050012726,0.25634667,0.14932589,0.46207252,-0.8523417,-0.21311745,0.041904867,0.61646026,-0.22614494,0.07177234,-0.05497987,-0.22330084,0.7044025,-0.27116457,0.052871898,-0.072108686,-0.35478443,0.23559439,-0.16441755,-0.051387288,0.37354094,0.058889695,0.08444746,-0.35316092,-0.13997601,0.22201528,-0.021105371,-0.4200691,0.46947116,0.09494576,-0.3245432,-0.4744722,0.38633835,0.371717,-0.091781005,-0.18905702,-0.47505212,-0.090348974,0.442119,-0.7489061,0.6900351,-0.021887407,-0.26821357,0.06671042,-0.2843504,-0.080870956,-0.014070213,-0.43755007,-0.07714915,-0.14131927,-0.24760047,-0.051781114,0.026690677,-0.638207,-0.46389633,0.0059225485,0.20932293,-0.05888708,0.1635684
usa_69_92,1,usa,-0.30241475,-0.16924879,-0.14328334,0.39042792,0.4231274,-0.46816754,0.013534196,0.5168927,0.23049992,-0.41585174,0.26770705,0.121664524,0.31232005,-0.43295857,-0.26184136,0.22168192,-0.014089741,0.2823792,0.0662307,-0.25996482,-0.25312188,0.12596478,0.01747641,-0.3391295,0.19719367,0.16194592,0.4004572,0.31675202,-0.007412493,-0.19499704,0.40517634,0.29428494,-0.03843067,0.10827114,0.35283917,-0.47213775,0.052035388,-0.030833755,0.35617474,-0.33727172,-0.37920374,-0.15682918,0.21726745,-0.014240302,-0.23634025,0.19175744,-0.17672741,-0.40408403,-0.226441,0.17537966,0.14825949,-0.3156781,-0.5808096,-0.20476288,0.0205087,-0.10026993,-0.2757434,-0.3958422,-0.3101711,-0.26211113,-0.32762676,0.60623866,0.2037381,0.6275368
usa_40_112,0,usa,-0.5875468,-0.35956964,0.1505348,0.5443342,0.6068367,-0.68984115,-0.2083272,0.71866465,-0.0065323487,-0.18022442,0.38213474,0.34830016,0.121787935,-0.6099481,-0.39505368,0.38343582,0.2773504,0.05795148,0.20944735,-0.49176985,-0.5424288,0.23279858,-0.28135434,-0.53705865,0.38568312,-0.07002775,0.49462295,0.5053849,0.27038398,-0.40687937,0.6344345,0.48515505,0.1584222,-0.15439889,0.49184978,-0.7087804,0.21071391,-0.21673031,0.52665323,-0.50711906,-0.5347101,0.060231254,0.4090873,-0.18939914,0.016767718,0.07385396,-0.4189074,-0.54405403,-0.3747769,0.41959092,0.42993116,-0.5193917,-0.82355773,-0.36810267,0.19064331,0.09059236,-0.43695283,-0.6275328,-0.09032162,-0.10882232,-0.51132053,0.83261496,0.27824017,0.84444976
usa_12_24,1,usa,0.7380694,0.28779075,-1.2089117,-0.5317007,-0.27652162,0.5851591,0.9389683,-0.5656812,1.2979591,-1.5657804,-0.75800294,-0.5293312,1.3144593,0.30150014,0.45926553,-0.7793614,-1.2784241,1.5291075,-0.7862755,0.68058836,0.6933468,-1.094129,0.8845601,0.43972784,-0.7900887,0.97501314,-0.5778767,-0.45199078,-0.9848927,0.55261195,-0.32469124,-0.72641516,-1.1111676,1.0434134,-0.7507606,0.47133258,-0.6164166,0.841925,-0.19241261,0.32829845,0.32159266,-1.0755526,-0.6296565,1.2359865,-1.4603627,1.3069838,0.7947391,0.15807723,0.3934485,-1.0584793,-0.63212293,0.48252377,0.2432288,0.3779886,-0.5284775,-0.92909086,0.3919521,0.6771514,-1.1324838,-1.1292751,0.39095208,-0.44704708,-0.74493295,-0.5981851
usa_24_104,1,usa,-0.31384408,-0.26331124,0.020560004,0.42718932,0.47179264,-0.45888925,0.08856558,0.5623085,0.16047606,-0.2946275,0.23596638,0.18854468,0.23507605,-0.41987696,-0.24556428,0.29081127,0.070754945,0.08439684,0.049750574,-0.2922535,-0.35704476,0.12245731,-0.10144741,-0.48960954,0.30534497,0.1438217,0.42687213,0.42185402,0.03398362,-0.3563369,0.46983352,0.2905657,-0.029921219,0.101525426,0.4059658,-0.57631797,0.044538364,-0.05910434,0.32416114,-0.35332447,-0.40959334,-0.083227456,0.22311437,-0.051801577,-0.18505484,0.155644,-0.2546869,-0.41344786,-0.2530443,0.16455112,0.2372866,-0.38660508,-0.62767345,-0.29108575,0.12768635,-0.089502975,-0.3223191,-0.46045625,-0.22684556,-0.1514355,-0.3648239,0.6159055,0.24093328,0.60387635
usa_15_40,0,usa,-0.51016235,-0.33589235,0.07116332,0.46693832,0.5364815,-0.5747879,-0.1259271,0.59683573,0.05593341,-0.2504578,0.3253356,0.27253637,0.16089194,-0.5386381,-0.35842705,0.33082134,0.20560694,0.13974631,0.14082184,-0.3985271,-0.490249,0.20816866,-0.22437215,-0.50631315,0.36534116,0.004301913,0.4695487,0.43675685,0.17284438,-0.33163935,0.56438005,0.44217658,0.09816174,-0.08869337,0.45765907,-0.6145197,0.15447403,-0.17734633,0.494938,-0.4672358,-0.48248914,-0.035926387,0.32875484,-0.15490612,-0.116151504,0.09461398,-0.34637535,-0.48138374,-0.3388347,0.35060197,0.30757153,-0.4054633,-0.7349468,-0.32537627,0.15081461,0.07306993,-0.4312542,-0.57535124,-0.1307492,-0.101190366,-0.44567892,0.7623295,0.29784608,0.7531917
usa_12_15,0,usa,-0.379512,-0.4101628,0.07162029,0.43407893,0.47330004,-0.47990584,-0.09310752,0.57869685,0.13739926,-0.2492077,0.3589954,0.24274454,0.22875859,-0.5245282,-0.32414863,0.32026854,0.17543808,0.2199872,0.13665932,-0.34684038,-0.38592163,0.11360811,-0.16065907,-0.50265324,0.2779914,0.020350248,0.45911437,0.3712539,0.045587216,-0.2733956,0.43672758,0.41547874,0.11596127,0.006474741,0.40414917,-0.6521877,0.16754973,-0.15363495,0.4595145,-0.43380684,-0.4723577,-0.10308634,0.27619737,-0.22138047,-0.15581584,0.19649786,-0.2139024,-0.47992736,-0.28996608,0.35981265,0.21746682,-0.4691285,-0.6521745,-0.28815687,0.025809377,-0.027373105,-0.36098695,-0.4752788,-0.22116771,-0.14342761,-0.31221443,0.68924856,0.19435623,0.7196329
usa_64_104,1,usa,-0.17594999,-0.10801074,-0.21848294,0.28269297,0.31574267,-0.2976538,0.10259523,0.33353475,0.3853924,-0.55503595,0.06710386,0.10744254,0.37276304,-0.35734788,-0.2068322,0.1328401,-0.12828584,0.4778453,-0.10018184,-0.13327621,-0.21298912,-0.09975613,0.13172859,-0.2913877,0.15664905,0.28514433,0.26741064,0.22782016,-0.081342824,-0.12841658,0.29245788,0.19860199,-0.18576637,0.15571333,0.17025694,-0.44385156,0.06985451,0.059239432,0.2974897,-0.26826045,-0.29291487,-0.26426032,0.14281352,0.079242796,-0.47560376,0.40377134,-0.14003175,-0.34180105,-0.17612101,0.091074735,0.109047614,-0.27075642,-0.53851366,-0.15101035,-0.088017724,-0.18026805,-0.20307139,-0.28659257,-0.39676923,-0.37796116,-0.255732,0.5186575,0.09390162,0.4165152
usa_73_94,0,usa,-0.24794485,-0.15822594,-0.19650945,0.34764144,0.36151847,-0.40309197,0.048476793,0.44759402,0.26052472,-0.46671918,0.16500458,0.15108582,0.39122164,-0.37025282,-0.23405549,0.18095516,-0.06421335,0.35163736,-0.018568158,-0.20933859,-0.24132937,0.053574357,0.04890933,-0.32678682,0.17776105,0.20108698,0.33655858,0.27642214,-0.016045183,-0.18796039,0.35377258,0.23513809,-0.08740268,0.11283952,0.28190455,-0.42070827,0.035042174,-0.0041851997,0.29567495,-0.31401062,-0.33483273,-0.19090182,0.19778699,0.012144461,-0.2743877,0.28204766,-0.11591677,-0.35941046,-0.20927921,0.10355403,0.12932068,-0.29680055,-0.572458,-0.1979145,-0.0362985,-0.14222385,-0.25160658,-0.36562088,-0.3178556,-0.24305063,-0.2985389,0.58329624,0.16300282,0.5421199
usa_26_72,0,usa,-0.26678234,-0.181058,-0.14745682,0.35397232,0.38134992,-0.41852176,0.045553647,0.47129697,0.2410956,-0.4347045,0.17492706,0.15438905,0.35949624,-0.38517585,-0.24320751,0.1895279,-0.02874142,0.30962402,-0.013872676,-0.2256151,-0.26971763,0.06490424,0.019788235,-0.33879822,0.19554342,0.16202883,0.35468972,0.29104817,-0.020819552,-0.20608303,0.38390708,0.2448965,-0.06712339,0.102533564,0.3190366,-0.4543327,0.046646614,-0.0018040016,0.3223397,-0.32800615,-0.35485512,-0.16182241,0.2047854,-0.02857779,-0.24690986,0.25978547,-0.15182072,-0.37447459,-0.19900501,0.13026884,0.13892807,-0.311859,-0.5749477,-0.18628979,-0.028446607,-0.14069644,-0.27634,-0.40538996,-0.29188877,-0.23758233,-0.29799518,0.6037417,0.18983686,0.56885034
usa_104_112,0,usa,-0.32877487,-0.23359735,0.004313506,0.43951696,0.47743237,-0.5359278,-0.03511958,0.61875075,0.207326,-0.29627123,0.32386166,0.17820388,0.26435018,-0.46163493,-0.3145591,0.28574303,0.10802324,0.15302993,0.084667824,-0.3107061,-0.37909207,0.12664302,-0.11004821,-0.41341007,0.29657903,0.047233164,0.4628284,0.41531157,0.09821008,-0.3066536,0.4141324,0.36387327,0.035859693,0.06732643,0.41285145,-0.62530315,0.09835811,-0.077809446,0.3997577,-0.40444145,-0.44135824,-0.06535539,0.29852045,-0.13165408,-0.08664831,0.14882305,-0.27255675,-0.4205761,-0.2646701,0.26544014,0.21426342,-0.42349342,-0.6117218,-0.2954193,0.036211397,-0.079572886,-0.35107392,-0.5295907,-0.23028037,-0.20230767,-0.3686201,0.7231895,0.24883357,0.72778285
usa_73_86,0,usa,-0.23573062,-0.09245469,-0.32587,0.28214642,0.2885267,-0.3659436,0.06592061,0.39339003,0.29464406,-0.569549,0.2011128,0.12636475,0.37221968,-0.4128196,-0.23986791,0.19811809,-0.120244876,0.5816892,-0.08579957,-0.14632586,-0.13890494,0.0025141016,0.053393967,-0.3234496,0.11894702,0.28839827,0.3470989,0.27255595,-0.09351995,-0.101653785,0.34044468,0.25402057,-0.12578654,0.13851193,0.1939511,-0.29767966,-0.029486217,0.06920196,0.31003875,-0.27927032,-0.35321152,-0.24772754,0.12288413,0.11838384,-0.38245395,0.35044375,-0.006137386,-0.31814656,-0.22280425,0.11642673,0.13473201,-0.2624587,-0.54267937,-0.20092633,0.032117303,-0.13584836,-0.26574582,-0.28027877,-0.41368842,-0.27763677,-0.29399255,0.5455819,0.10928628,0.39200372
usa_53_104,0,usa,-0.24802306,-0.24649288,-0.09810608,0.4308122,0.39878744,-0.4776721,0.027084105,0.54774064,0.23046938,-0.3969452,0.20929793,0.18381211,0.37855512,-0.38834095,-0.25260556,0.19721836,0.031340748,0.2573843,0.022124104,-0.25046492,-0.31381613,0.091641665,0.009262145,-0.35673293,0.23639455,0.11740814,0.38686043,0.3147919,0.013021201,-0.2031215,0.37272516,0.27118284,-0.038949497,0.113386706,0.32891196,-0.4748899,0.016805753,-0.021990515,0.3314463,-0.35418963,-0.38106084,-0.15602252,0.22292098,-0.05667399,-0.1605503,0.25869545,-0.15648575,-0.36743635,-0.23293835,0.11290072,0.16986625,-0.3539334,-0.54377496,-0.2542488,-0.032339416,-0.12309,-0.25779274,-0.4319068,-0.27631372,-0.16117075,-0.29747832,0.59990376,0.20133813,0.6144768
usa_60_92,0,usa,-0.30610818,-0.24411002,-0.12132517,0.42084935,0.42061847,-0.4975438,-0.0059712157,0.54588646,0.2110436,-0.40050733,0.26581806,0.19948079,0.3419208,-0.4173348,-0.29258162,0.2519286,0.033184547,0.26577914,0.019571282,-0.25816786,-0.3080653,0.10652168,-0.05428821,-0.39293098,0.23954594,0.12530473,0.4217595,0.30644917,0.050662264,-0.22443843,0.40946507,0.30929208,0.0056129172,0.061932623,0.33117777,-0.49663246,0.08409143,-0.08534206,0.36257535,-0.3749566,-0.37811235,-0.13603942,0.26315862,-0.09753583,-0.19955671,0.18561429,-0.1805996,-0.38864887,-0.2274032,0.19740552,0.16016826,-0.36696398,-0.61275905,-0.2585387,0.0065648854,-0.12476146,-0.30290374,-0.4390685,-0.2794788,-0.19181287,-0.3286512,0.6350255,0.21789312,0.6563923
usa_28_40,0,usa,-0.36528924,-0.21047142,-0.0063272715,0.32550907,0.5108903,-0.46862978,-0.014099166,0.4541859,0.14584333,-0.3549071,0.1706447,0.25210494,0.25904906,-0.49547058,-0.30087125,0.20568907,0.04744932,0.23467062,0.10204399,-0.33143485,-0.40873522,0.098429084,-0.14152057,-0.3884878,0.2506112,0.0648087,0.34485757,0.40733838,0.039364982,-0.2815011,0.5191771,0.29532173,-0.04945568,-0.0035903752,0.33011138,-0.5513709,0.13754931,-0.07204872,0.43735152,-0.42601115,-0.4938451,-0.12010674,0.23114175,-0.07186923,-0.13793924,0.28888205,-0.2854658,-0.43781674,-0.28509307,0.25556672,0.26058343,-0.32756087,-0.70905775,-0.26729703,0.10585801,-0.008384585,-0.40542495,-0.45454746,-0.1383138,-0.13390002,-0.36848962,0.733986,0.12795152,0.6403682
usa_28_112,0,usa,0.017352767,-0.05038037,-0.35182023,0.06394023,0.26526332,-0.15751213,0.31913897,0.15551408,0.51517755,-0.8101354,-0.12489516,-0.019169487,0.6001625,-0.2833129,-0.05388214,-0.117833205,-0.34050962,0.7031472,-0.16796827,-0.0039752275,-0.07348949,-0.297302,0.22092566,-0.11439861,-0.12196634,0.32187784,0.086417906,0.11088819,-0.28172258,-0.04448471,0.24926507,-0.02039846,-0.38330534,0.36163378,0.0016612485,-0.28456402,-0.15126628,0.31734234,0.22355324,-0.18873426,-0.21166138,-0.46957296,-0.058322042,0.33550236,-0.543067,0.6001777,0.060253516,-0.27714282,-0.037761293,-0.17045042,-0.0065715536,-0.13587187,-0.36621466,-0.047322333,-0.11342878,-0.28904057,-0.14214598,-0.07781019,-0.52730364,-0.5008354,-0.112164736,0.37504965,-0.16620632,0.27912366
usa_69_112,0,usa,-0.21795277,-0.20953923,-0.17703995,0.30675313,0.36214006,-0.42316985,0.06781425,0.43239415,0.3520901,-0.50428873,0.15815821,0.13174751,0.46667045,-0.32574803,-0.23979585,0.19931237,-0.053556025,0.37285703,-0.07730728,-0.16149154,-0.26977822,0.011081226,-0.0034796968,-0.3537272,0.120862715,0.20750122,0.29550236,0.17861792,-0.063031964,-0.128165,0.34653223,0.18853477,-0.07420019,0.10826892,0.22002582,-0.39726478,0.011019252,-0.0004274845,0.3008141,-0.3109215,-0.31113923,-0.24028486,0.15279147,-0.035535324,-0.32588086,0.2829566,-0.08661459,-0.33756238,-0.15619202,0.10856445,0.055403877,-0.28089547,-0.52285445,-0.16584149,-0.003169082,-0.1966427,-0.27004457,-0.27914438,-0.37713513,-0.27178916,-0.2848944,0.5387766,0.09277811,0.57782054
usa_3_81,0,usa,-0.24086669,-0.15340441,-0.20591718,0.3421071,0.3582031,-0.39648086,0.054082252,0.4379109,0.2676508,-0.47752163,0.15938656,0.14509611,0.3981229,-0.3659929,-0.23195183,0.1750313,-0.072365314,0.36289465,-0.021405645,-0.2004666,-0.2342009,0.04562533,0.05534842,-0.3190959,0.16992334,0.20986898,0.3313684,0.27061445,-0.02282653,-0.18334325,0.34680158,0.22988099,-0.09076796,0.120730236,0.27425417,-0.4118709,0.033384014,0.0022353157,0.29115605,-0.30718097,-0.32883498,-0.19641882,0.19305351,0.022146404,-0.280572,0.28919137,-0.10831973,-0.35694593,-0.20413741,0.0938009,0.12592292,-0.2931397,-0.5646046,-0.19266194,-0.03876739,-0.14764439,-0.24481104,-0.3572073,-0.3244606,-0.24943227,-0.29399943,0.5769313,0.15684137,0.53092426
usa_27_36,0,usa,-0.25495148,-0.16104952,-0.19517058,0.36134478,0.36703813,-0.41180825,0.035379536,0.45151508,0.24342248,-0.45979127,0.17452195,0.16418524,0.38842624,-0.37615076,-0.24567024,0.1905897,-0.05506684,0.34649044,-0.013425291,-0.21503696,-0.2434293,0.06658587,0.039355688,-0.33533716,0.1807147,0.19911881,0.3425076,0.2788568,0.0022655502,-0.18894821,0.36114448,0.2449651,-0.07234336,0.10396743,0.27937376,-0.42092484,0.042812113,-0.017428808,0.297785,-0.3205118,-0.33918858,-0.18340474,0.21052803,0.008517355,-0.2688153,0.26043054,-0.12111637,-0.36094648,-0.21954668,0.10566092,0.13222408,-0.2954892,-0.5738014,-0.20533445,-0.026279531,-0.13099386,-0.25593942,-0.3646052,-0.30679417,-0.22910872,-0.30550733,0.59146404,0.16448876,0.55041265
usa_40_110,0,usa,-0.3295846,-0.21980324,-0.082134254,0.3923177,0.434803,-0.45607305,-0.027459756,0.5301428,0.18418851,-0.35418522,0.22526589,0.21726316,0.31842643,-0.4107853,-0.2623083,0.2615569,0.058480993,0.26531893,0.031499457,-0.25925106,-0.33826286,0.124530226,-0.056165606,-0.3811285,0.25955638,0.13741179,0.39132047,0.34749496,0.06472691,-0.25677362,0.42830622,0.30532852,-0.009553164,0.033317417,0.3596896,-0.49820793,0.07273059,-0.079588875,0.3810242,-0.35534286,-0.3895424,-0.10752413,0.24007256,-0.098417915,-0.20249668,0.18586147,-0.18793893,-0.4103706,-0.25435922,0.20990363,0.19468951,-0.35064536,-0.65174586,-0.25497666,0.04654637,-0.095354706,-0.33270365,-0.44379786,-0.260887,-0.19022375,-0.3663368,0.64595777,0.22619525,0.63885134
usa_6_46,0,usa,-0.29653162,-0.13118525,-0.1675829,0.35743764,0.39488786,-0.4228437,0.040472336,0.42431816,0.2355972,-0.4486309,0.16648173,0.16693391,0.3482468,-0.39248195,-0.25942498,0.18581471,-0.062152103,0.31364602,1.5296042e-05,-0.237659,-0.26461306,0.0601062,0.013523586,-0.32708868,0.19432195,0.21718557,0.34491754,0.2875984,-0.012219451,-0.19518188,0.40268794,0.25544146,-0.10166008,0.10627116,0.25493106,-0.4145612,0.082641006,-0.010451421,0.32111618,-0.3407172,-0.36442775,-0.17720306,0.22135912,0.02645716,-0.2537673,0.28075615,-0.14051989,-0.36345828,-0.23232612,0.14566386,0.16695395,-0.2833866,-0.63047963,-0.1839328,0.00042003393,-0.0879454,-0.27874503,-0.3794258,-0.2912087,-0.2184808,-0.29543638,0.6129604,0.14116466,0.5600821
usa_92_103,1,usa,-0.30895513,-0.1841887,-0.12931463,0.37782037,0.4065566,-0.36143452,0.058642097,0.4137383,0.24506974,-0.4438652,0.14355366,0.15947029,0.2901473,-0.42610127,-0.23446143,0.14501667,-0.0022176355,0.38360924,-0.035068132,-0.18087202,-0.24172044,0.024163198,-0.0166642,-0.3676898,0.16247264,0.17714797,0.35804904,0.354259,0.009105101,-0.23375316,0.36339054,0.25975174,-0.047601916,0.10955222,0.26218253,-0.42620653,0.051159784,0.002936229,0.3491216,-0.3144929,-0.35142016,-0.18861124,0.21804155,0.04612413,-0.40690255,0.27982792,-0.19560713,-0.42035395,-0.25954744,0.21330741,0.2056799,-0.36011243,-0.5783684,-0.20445576,0.032175634,-0.14410673,-0.25692692,-0.39038032,-0.33549052,-0.26078692,-0.31248558,0.57145184,0.1924274,0.45568335
usa_6_12,0,usa,0.09554219,-0.05704955,-0.55402464,0.13254236,0.17280966,-0.23817913,0.32729632,0.16291612,0.4796758,-0.6724056,-0.09910605,-0.030013047,0.5944671,-0.23986825,-0.0070146397,-0.056947656,-0.39948276,0.7049016,-0.3126002,0.12115656,0.09747004,-0.2788812,0.35794842,-0.08985495,-0.1194301,0.31804127,0.17716062,0.14896363,-0.27132496,0.007207185,0.18951711,0.009276874,-0.31604823,0.39038742,0.015500426,-0.10569857,-0.22007975,0.23989724,0.25832736,-0.07270023,-0.19902346,-0.5490967,-0.09603074,0.33776742,-0.5980537,0.551504,0.111329526,-0.16621381,0.16120061,-0.13127649,-0.14114146,-0.14126104,-0.33149981,0.006828457,-0.22035924,-0.39529067,-0.11045139,-0.06578874,-0.49191505,-0.48004413,-0.07927082,0.35518613,-0.1446525,0.23867244
